#include "flash_boot.h"

/*
bulid time:Tue Mar 07 10:32:30 2023
*/

#if FLASH_BOOT_EN
const unsigned char flash_data[65536] = {
 0x48, 0x00, 0x22, 0x70, 0x48, 0x00, 0x11, 0x4E, 0x48, 0x00, 0x11, 0x54, 0x48, 0x00, 0x11, 0x5A, 
  0x48, 0x00, 0x11, 0x60, 0x48, 0x00, 0x11, 0x66, 0x48, 0x00, 0x11, 0x6C, 0x48, 0x00, 0x11, 0x72, 
  0x48, 0x00, 0x11, 0x78, 0x48, 0x00, 0x11, 0xE3, 0x48, 0x00, 0x11, 0xE6, 0x48, 0x00, 0x11, 0xE9, 
  0x48, 0x00, 0x11, 0xEC, 0x48, 0x00, 0x11, 0xEF, 0x48, 0x00, 0x11, 0xF2, 0x48, 0x00, 0x12, 0x03, 
  0x48, 0x00, 0x12, 0x06, 0x48, 0x00, 0x12, 0x09, 0x48, 0x00, 0x12, 0x0C, 0x48, 0x00, 0x12, 0x0F, 
  0x48, 0x00, 0x12, 0x12, 0x48, 0x00, 0x12, 0x15, 0x48, 0x00, 0x12, 0x18, 0x48, 0x00, 0x12, 0x1B, 
  0x48, 0x00, 0x12, 0x1E, 0x48, 0x00, 0x12, 0x21, 0x48, 0x00, 0x12, 0x24, 0x48, 0x00, 0x12, 0x27, 
  0x48, 0x00, 0x12, 0x2A, 0x48, 0x00, 0x12, 0x2D, 0x48, 0x00, 0x12, 0x30, 0x48, 0x00, 0x12, 0x33, 
  0x48, 0x00, 0x12, 0x36, 0x48, 0x00, 0x12, 0x39, 0x48, 0x00, 0x12, 0x3C, 0x48, 0x00, 0x12, 0x3F, 
  0x48, 0x00, 0x12, 0x42, 0x48, 0x00, 0x12, 0x45, 0x48, 0x00, 0x12, 0x48, 0x48, 0x00, 0x12, 0x4B, 
  0x48, 0x00, 0x12, 0x4E, 0xFF, 0xFF, 0xFF, 0xFF, 0xFF, 0xFF, 0xFF, 0xFF, 0xFF, 0xFF, 0xFF, 0xFF, 
  
  (CONST_DATA_ADDR&0x000000FF), ((CONST_DATA_ADDR&0x0000FF00)>>8), ((CONST_DATA_ADDR&0x00FF0000)>>16), ((CONST_DATA_ADDR&0xFF000000)>>24),
 
  (USER_DATA_ADDR&0x000000FF), ((USER_DATA_ADDR&0x0000FF00)>>8), ((USER_DATA_ADDR&0x00FF0000)>>16), ((USER_DATA_ADDR&0xFF000000)>>24),
 0x1A, 0x01, 0x02, 0x03, 0xFF, 0xFF, 0xFF, 0xFF, 
  0xC9, 0xBD, 0xBE, 0xB0, 0x06, 0x07, 0x00, 0x00, 0xFF, 0xFF, 0xFF, 0xFF, 0xFF, 0xFF, 0xFF, 0xFF, 
  0xFF, 0xFF, 0xFF, 0xFF, 0x46, 0x48, 0x44, 0x03, 
  (AUDIO_EFFECT_ADDR&0x000000FF), ((AUDIO_EFFECT_ADDR&0x0000FF00)>>8), ((AUDIO_EFFECT_ADDR&0x00FF0000)>>16), ((AUDIO_EFFECT_ADDR&0xFF000000)>>24),
 0xFF, 0xFF, 0xFF, 0xFF, 
  0x01, 0x00, 0xC8, 0x88, 0xFF, 0xFF, 0xFF, 0xFF, 0xFF, 0xFF, 0xFF, 0xFF, 0xFF, 0xFF, 0xFF, 0xFF, 
  0xFF, 0xFF, 0xFF, 0xFF, 0xFF, 0xFF, 0xFF, 0xFF, 0xFF, 0xFF, 0xFF, 0xFF, 0xFF, 0xFF, 0xFF, 0xFF, 
  
  (BOOT_UART_OPEN), (BOOT_UART_TX_PIN),
 0xDD, 0x9E, 0xEF, 0xF8, 0x44, 0x10, 0x00, 0x32, 0xFE, 0x0C, 0xF0, 0x81, 0xD5, 0x04, 
  0xF0, 0x01, 0x8E, 0x01, 0xF0, 0x81, 0xF0, 0x01, 0x4E, 0x06, 0xFF, 0xFC, 0xEC, 0x08, 0xDD, 0x9E, 
  0x3A, 0x6F, 0x98, 0xBC, 0xD5, 0x06, 0x44, 0x00, 0x03, 0xE8, 0x49, 0xFF, 0xFF, 0xED, 0x80, 0x06, 
  0x9F, 0x81, 0xC8, 0xFA, 0x3A, 0x6F, 0x98, 0x84, 0xDD, 0x9E, 0x46, 0x04, 0x00, 0x22, 0xA0, 0x41, 
  0x66, 0x10, 0x84, 0x00, 0xA8, 0x41, 0xA0, 0x41, 0x58, 0x10, 0x84, 0x00, 0xA8, 0x41, 0xDD, 0x9E, 
  0x84, 0x60, 0xD5, 0x04, 0xAE, 0x40, 0x8C, 0x61, 0x8C, 0x01, 0xE2, 0x62, 0xE9, 0xFC, 0xDD, 0x9E, 
  0x46, 0x04, 0x00, 0x21, 0x04, 0x00, 0x00, 0x0A, 0x96, 0x04, 0x5A, 0x08, 0x01, 0x06, 0x3C, 0x0D, 
  0xDB, 0xE5, 0x92, 0x02, 0xD5, 0x02, 0x84, 0x00, 0x46, 0x14, 0x00, 0x21, 0x04, 0x10, 0x80, 0x0A, 
  0x42, 0x10, 0x84, 0x0B, 0xC1, 0x07, 0x46, 0x14, 0x00, 0x21, 0xA0, 0x4A, 0x8C, 0x21, 0x40, 0x00, 
  0x04, 0x17, 0xDD, 0x9E, 0x46, 0x14, 0x00, 0x11, 0xC0, 0x06, 0xA0, 0x0A, 0x58, 0x00, 0x00, 0x01, 
  0xA8, 0x0A, 0xDD, 0x9E, 0xA0, 0x0A, 0x66, 0x00, 0x00, 0x01, 0xA8, 0x0A, 0xDD, 0x9E, 0x46, 0x14, 
  0x00, 0x11, 0xC0, 0x06, 0xA0, 0x0A, 0x58, 0x00, 0x00, 0x08, 0xA8, 0x0A, 0xDD, 0x9E, 0xA0, 0x0A, 
  0x66, 0x00, 0x00, 0x08, 0xA8, 0x0A, 0xDD, 0x9E, 0x3A, 0x6F, 0xA8, 0xBC, 0x81, 0x40, 0x80, 0xE1, 
  0x80, 0xC2, 0x81, 0x23, 0x81, 0x04, 0x49, 0xFF, 0xFF, 0xB2, 0x46, 0x54, 0x00, 0x11, 0x14, 0xA2, 
  0x80, 0x04, 0x95, 0xFE, 0xFF, 0xBF, 0xA9, 0xAE, 0x14, 0x92, 0x80, 0x07, 0x14, 0x82, 0x80, 0x03, 
  0x84, 0x21, 0x14, 0x12, 0x80, 0x08, 0x46, 0x04, 0x00, 0x30, 0x84, 0x40, 0xA8, 0x83, 0xA8, 0x43, 
  0x84, 0x22, 0xA8, 0x43, 0x4E, 0x83, 0x00, 0x08, 0x46, 0x04, 0x00, 0x11, 0x04, 0x00, 0x00, 0x0B, 
  0x96, 0x04, 0xC8, 0xFB, 0x3A, 0x6F, 0xA8, 0x84, 0xDD, 0x9E, 0x3A, 0x6F, 0xA8, 0xBC, 0x81, 0x40, 
  0x80, 0xE1, 0x80, 0xC2, 0x81, 0x23, 0x81, 0x04, 0x49, 0xFF, 0xFF, 0x89, 0x46, 0x54, 0x00, 0x11, 
  0x3C, 0x0C, 0x24, 0x0F, 0xA8, 0x29, 0x14, 0xA2, 0x80, 0x04, 0x95, 0xFE, 0xFF, 0xBF, 0xA9, 0xAE, 
  0x14, 0x92, 0x80, 0x07, 0x14, 0x82, 0x80, 0x03, 0x84, 0x21, 0x14, 0x12, 0x80, 0x08, 0x46, 0x04, 
  0x00, 0x30, 0x84, 0x40, 0xA8, 0x83, 0xA8, 0x43, 0x84, 0x22, 0xA8, 0x43, 0x4E, 0x83, 0x00, 0x08, 
  0x46, 0x04, 0x00, 0x11, 0x04, 0x00, 0x00, 0x0B, 0x96, 0x04, 0xC8, 0xFB, 0x3A, 0x6F, 0xA8, 0x84, 
  0xDD, 0x9E, 0x3A, 0x6F, 0xA8, 0xBC, 0x81, 0x40, 0x80, 0xE1, 0x80, 0xC2, 0x81, 0x23, 0x81, 0x04, 
  0x49, 0xFF, 0xFF, 0x5D, 0x46, 0x54, 0x00, 0x11, 0x14, 0xA2, 0x80, 0x04, 0x95, 0xFE, 0xFF, 0xBF, 
  0xA9, 0xAE, 0x14, 0x92, 0x80, 0x07, 0x14, 0x82, 0x80, 0x03, 0x84, 0x21, 0x14, 0x12, 0x80, 0x08, 
  0x46, 0x04, 0x00, 0x30, 0x84, 0x40, 0xA8, 0x83, 0xA8, 0x43, 0x84, 0x22, 0xA8, 0x43, 0x4E, 0x83, 
  0x00, 0x08, 0x46, 0x04, 0x00, 0x11, 0x04, 0x00, 0x00, 0x0B, 0x96, 0x04, 0xC8, 0xFB, 0x3A, 0x6F, 
  0xA8, 0x84, 0xDD, 0x9E, 0xC1, 0x0D, 0xC0, 0x0C, 0x2E, 0x10, 0x90, 0x68, 0x96, 0x48, 0x5A, 0x18, 
  0xC8, 0x08, 0x84, 0x60, 0x46, 0x14, 0x00, 0x11, 0x14, 0x30, 0x80, 0x10, 0xD5, 0x08, 0x46, 0x14, 
  0x00, 0x11, 0x84, 0x61, 0x14, 0x30, 0x80, 0x10, 0x14, 0x30, 0x80, 0x12, 0x2E, 0x10, 0x90, 0x68, 
  0x96, 0x48, 0x5A, 0x10, 0x51, 0x11, 0x5C, 0xF0, 0x80, 0x52, 0xE8, 0x06, 0x5A, 0x10, 0x0E, 0x04, 
  0x48, 0x00, 0x00, 0x89, 0xD5, 0x36, 0x5A, 0x10, 0xC8, 0x35, 0x5A, 0x10, 0xE0, 0x04, 0x48, 0x00, 
  0x00, 0x82, 0xD5, 0x2F, 0x46, 0x14, 0x00, 0x11, 0x46, 0x30, 0x07, 0xA7, 0xC8, 0x15, 0x50, 0x31, 
  0x85, 0x0B, 0x14, 0x30, 0x80, 0x0C, 0x44, 0x30, 0xA0, 0x06, 0x14, 0x30, 0x80, 0x0D, 0x46, 0x30, 
  0x28, 0x01, 0x50, 0x31, 0x89, 0x1F, 0x14, 0x30, 0x80, 0x0E, 0x44, 0x30, 0x1D, 0xDF, 0x14, 0x30, 
  0x80, 0x0F, 0x48, 0x00, 0x00, 0xB6, 0x50, 0x31, 0x85, 0x3B, 0x14, 0x30, 0x80, 0x0C, 0x84, 0x66, 
  0x14, 0x30, 0x80, 0x0D, 0x46, 0x30, 0x28, 0x01, 0x50, 0x31, 0x89, 0x1F, 0x14, 0x30, 0x80, 0x0E, 
  0x46, 0x30, 0x00, 0x81, 0x50, 0x31, 0x8D, 0xDF, 0x14, 0x30, 0x80, 0x0F, 0x48, 0x00, 0x00, 0xA1, 
  0x5A, 0x00, 0x01, 0x1F, 0xC0, 0x05, 0x5A, 0x00, 0x02, 0x35, 0x48, 0x00, 0x00, 0x9A, 0x46, 0x14, 
  0x00, 0x11, 0x46, 0x30, 0x07, 0xA7, 0x50, 0x31, 0x85, 0x0B, 0x14, 0x30, 0x80, 0x0C, 0x44, 0x30, 
  0xA0, 0x06, 0x14, 0x30, 0x80, 0x0D, 0x46, 0x30, 0x28, 0x01, 0x50, 0x31, 0x89, 0x1F, 0x14, 0x30, 
  0x80, 0x0E, 0x44, 0x30, 0x1D, 0xDF, 0x14, 0x30, 0x80, 0x0F, 0x48, 0x00, 0x00, 0x82, 0x46, 0x14, 
  0x00, 0x11, 0x46, 0x3A, 0x37, 0xA7, 0x50, 0x31, 0x85, 0xBB, 0x14, 0x30, 0x80, 0x0C, 0x44, 0x30, 
  0xA0, 0x06, 0x14, 0x30, 0x80, 0x0D, 0x46, 0x30, 0x28, 0x01, 0x50, 0x31, 0x89, 0x0F, 0x14, 0x30, 
  0x80, 0x0E, 0x46, 0x30, 0x00, 0x89, 0x50, 0x31, 0x8D, 0xDF, 0x14, 0x30, 0x80, 0x0F, 0xD5, 0x68, 
  0x46, 0x14, 0x00, 0x11, 0x46, 0x3A, 0x37, 0xA7, 0x50, 0x31, 0x85, 0xEB, 0x14, 0x30, 0x80, 0x0C, 
  0x44, 0x30, 0xA0, 0x06, 0x14, 0x30, 0x80, 0x0D, 0x46, 0x30, 0x28, 0x01, 0x50, 0x31, 0x89, 0x0B, 
  0x14, 0x30, 0x80, 0x0E, 0x46, 0x30, 0x00, 0xCD, 0x50, 0x31, 0x8D, 0xDF, 0x14, 0x30, 0x80, 0x0F, 
  0xD5, 0x4F, 0x5A, 0x00, 0x01, 0x1D, 0xC0, 0x04, 0x5A, 0x00, 0x02, 0x33, 0xD5, 0x49, 0x46, 0x14, 
  0x00, 0x11, 0x46, 0x30, 0x07, 0xA7, 0x50, 0x31, 0x85, 0x0B, 0x14, 0x30, 0x80, 0x0C, 0x44, 0x30, 
  0xA0, 0x06, 0x14, 0x30, 0x80, 0x0D, 0x46, 0x30, 0x28, 0x01, 0x50, 0x31, 0x89, 0x1F, 0x14, 0x30, 
  0x80, 0x0E, 0x44, 0x30, 0x1D, 0xDF, 0x14, 0x30, 0x80, 0x0F, 0xD5, 0x32, 0x46, 0x14, 0x00, 0x11, 
  0x46, 0x30, 0x07, 0xA7, 0x50, 0x31, 0x85, 0xBB, 0x14, 0x30, 0x80, 0x0C, 0x44, 0x30, 0xA0, 0x06, 
  0x14, 0x30, 0x80, 0x0D, 0x46, 0x30, 0x28, 0x01, 0x50, 0x31, 0x89, 0x0F, 0x14, 0x30, 0x80, 0x0E, 
  0x46, 0x30, 0x00, 0x89, 0x50, 0x31, 0x8D, 0xDF, 0x14, 0x30, 0x80, 0x0F, 0xD5, 0x19, 0x46, 0x14, 
  0x00, 0x11, 0x46, 0x30, 0x07, 0xA7, 0x50, 0x31, 0x85, 0xEB, 0x14, 0x30, 0x80, 0x0C, 0x44, 0x30, 
  0xA0, 0x06, 0x14, 0x30, 0x80, 0x0D, 0x46, 0x30, 0x28, 0x01, 0x50, 0x31, 0x89, 0x0B, 0x14, 0x30, 
  0x80, 0x0E, 0x46, 0x30, 0x00, 0xCD, 0x50, 0x31, 0x8D, 0xDF, 0x14, 0x30, 0x80, 0x0F, 0x44, 0x30, 
  0x00, 0xA0, 0x46, 0x14, 0x00, 0x11, 0x14, 0x30, 0x80, 0x13, 0xC2, 0x02, 0xC8, 0x07, 0x44, 0x10, 
  0xFF, 0x06, 0x46, 0x04, 0x00, 0x11, 0x14, 0x10, 0x00, 0x0D, 0xDD, 0x9E, 0x2E, 0x00, 0x90, 0x68, 
  0x96, 0x00, 0x5A, 0x00, 0xBF, 0x21, 0x3B, 0xFF, 0xFC, 0xBC, 0xEF, 0xFC, 0x44, 0x00, 0x00, 0xFF, 
  0x84, 0x27, 0x84, 0x40, 0x44, 0x30, 0x07, 0x00, 0x84, 0x80, 0x49, 0xFF, 0xFE, 0x6F, 0x46, 0x04, 
  0x00, 0x11, 0x84, 0x21, 0x14, 0x10, 0x00, 0x16, 0x84, 0x40, 0x46, 0x14, 0x00, 0x30, 0xA8, 0x8B, 
  0x04, 0x00, 0x00, 0x17, 0x46, 0x04, 0x00, 0x11, 0x04, 0x00, 0x00, 0x17, 0xC8, 0xFC, 0xEC, 0x04, 
  0x3B, 0xFF, 0xFC, 0x84, 0xDD, 0x9E, 0x2E, 0x10, 0x90, 0x68, 0x96, 0x48, 0x5A, 0x10, 0xA1, 0x30, 
  0x5C, 0xF0, 0x80, 0xA2, 0xE8, 0x04, 0x5A, 0x10, 0x85, 0x4B, 0xD5, 0x05, 0x5A, 0x10, 0xC8, 0x06, 
  0x5A, 0x10, 0xEF, 0x1A, 0x84, 0x40, 0xD5, 0x50, 0x3E, 0x28, 0x90, 0x68, 0xA6, 0xD1, 0xA6, 0x52, 
  0x40, 0x50, 0xA0, 0x08, 0xFF, 0x5F, 0x44, 0x20, 0x16, 0x40, 0xD2, 0x3B, 0x3E, 0x28, 0x90, 0x68, 
  0xA6, 0xD1, 0xA6, 0x52, 0x40, 0x50, 0xA0, 0x08, 0xFF, 0x5F, 0x44, 0x20, 0x17, 0x40, 0xD2, 0x33, 
  0x84, 0x40, 0xD5, 0x3A, 0x3E, 0x28, 0x90, 0x68, 0xA6, 0xD1, 0xA6, 0x52, 0x40, 0x50, 0xA0, 0x08, 
  0xFF, 0x5F, 0x44, 0x20, 0x15, 0x40, 0xD2, 0x29, 0x84, 0x40, 0xD5, 0x2E, 0x3E, 0x28, 0x90, 0x68, 
  0xA6, 0xD1, 0xA6, 0x52, 0x40, 0x50, 0xA0, 0x08, 0xFF, 0x5F, 0x44, 0x20, 0x13, 0x28, 0xD2, 0x1F, 
  0x3E, 0x28, 0x90, 0x68, 0xA6, 0xD1, 0xA6, 0x52, 0x40, 0x50, 0xA0, 0x08, 0xFF, 0x5F, 0x44, 0x20, 
  0x15, 0x40, 0xD2, 0x17, 0x3E, 0x28, 0x90, 0x68, 0xA6, 0xD1, 0xA6, 0x52, 0x40, 0x50, 0xA0, 0x08, 
  0xFF, 0x5F, 0x44, 0x20, 0x14, 0x40, 0xD2, 0x0F, 0x84, 0x40, 0xD5, 0x0E, 0xFA, 0x45, 0xD5, 0x0C, 
  0xFA, 0x45, 0xD5, 0x0A, 0xFA, 0x45, 0xD5, 0x08, 0xFA, 0x45, 0xD5, 0x06, 0x84, 0x4B, 0xD5, 0x04, 
  0x84, 0x4B, 0xD5, 0x02, 0x84, 0x4E, 0x2E, 0x10, 0x90, 0x68, 0x96, 0x48, 0x5A, 0x18, 0x85, 0x0A, 
  0x84, 0x23, 0x40, 0x20, 0x88, 0x0C, 0xB4, 0x20, 0x40, 0x20, 0x88, 0x12, 0xB6, 0x40, 0xDD, 0x9E, 
  0xC2, 0x0C, 0x84, 0x63, 0x40, 0x11, 0x88, 0x0C, 0xB4, 0x60, 0x40, 0x31, 0x84, 0x12, 0x84, 0x22, 
  0x40, 0x20, 0x88, 0x0C, 0xFE, 0x9F, 0xB6, 0x40, 0xDD, 0x9E, 0x00, 0x00, 0x3B, 0xFF, 0xFC, 0xBC, 
  0xEF, 0xFC, 0x2E, 0x10, 0x90, 0x68, 0x96, 0x48, 0x5A, 0x10, 0xC8, 0x0E, 0x84, 0x41, 0x46, 0x14, 
  0x00, 0x11, 0x14, 0x20, 0x80, 0x10, 0x5A, 0x00, 0x02, 0x04, 0x84, 0x00, 0xD5, 0x5A, 0x44, 0x0F, 
  0xFF, 0xEA, 0xD5, 0x57, 0xE6, 0x04, 0xE8, 0x51, 0x44, 0xF0, 0x06, 0x44, 0x38, 0x07, 0x82, 0x02, 
  0x4A, 0x00, 0x00, 0x00, 0x54, 0x06, 0x00, 0x00, 0x74, 0x06, 0x00, 0x00, 0x94, 0x06, 0x00, 0x00, 
  0xB4, 0x06, 0x00, 0x00, 0x84, 0x20, 0x46, 0x04, 0x00, 0x11, 0x14, 0x10, 0x00, 0x10, 0x44, 0x00, 
  0x00, 0xA3, 0xFA, 0x2F, 0x84, 0x40, 0x44, 0x30, 0x07, 0x00, 0x84, 0x80, 0x49, 0xFF, 0xFE, 0x03, 
  0x84, 0x00, 0xD5, 0x37, 0x46, 0x04, 0x00, 0x11, 0x04, 0x00, 0x00, 0x10, 0xC8, 0x31, 0x44, 0x00, 
  0x00, 0xA3, 0xFA, 0x2F, 0x84, 0x40, 0x44, 0x30, 0x07, 0x00, 0x84, 0x80, 0x49, 0xFF, 0xFD, 0xF3, 
  0x84, 0x00, 0xD5, 0x27, 0x44, 0x00, 0x00, 0xA3, 0xFA, 0x2F, 0x84, 0x40, 0x44, 0x30, 0x07, 0x00, 
  0x84, 0x80, 0x49, 0xFF, 0xFD, 0xE8, 0x84, 0x20, 0x46, 0x04, 0x00, 0x11, 0x14, 0x10, 0x00, 0x10, 
  0x84, 0x00, 0xD5, 0x17, 0x44, 0x00, 0x00, 0xAB, 0xFA, 0x2F, 0x84, 0x40, 0x44, 0x30, 0x07, 0x00, 
  0x84, 0x80, 0x49, 0xFF, 0xFD, 0xD8, 0x46, 0x04, 0x00, 0x11, 0x84, 0x21, 0x14, 0x10, 0x00, 0x10, 
  0x14, 0x10, 0x00, 0x12, 0x84, 0x00, 0xD5, 0x05, 0x44, 0x0F, 0xFF, 0xA8, 0xD5, 0x02, 0x84, 0x00, 
  0xEC, 0x04, 0x3B, 0xFF, 0xFC, 0x84, 0xDD, 0x9E, 0x3B, 0xFF, 0xFC, 0xBC, 0xEF, 0xFC, 0x46, 0x04, 
  0x00, 0x11, 0x04, 0x00, 0x00, 0x14, 0x96, 0x04, 0xC0, 0x03, 0x49, 0xFF, 0xFE, 0xE9, 0x84, 0x21, 
  0x46, 0x04, 0x00, 0x11, 0x14, 0x10, 0x00, 0x0A, 0x44, 0x00, 0x00, 0x9F, 0x84, 0x27, 0x84, 0x40, 
  0x44, 0x30, 0x06, 0x00, 0x84, 0x82, 0x49, 0xFF, 0xFD, 0xAE, 0x46, 0x04, 0x00, 0x11, 0x04, 0x00, 
  0x00, 0x09, 0x96, 0x04, 0xC8, 0xFB, 0x46, 0x24, 0x00, 0x11, 0xB4, 0x02, 0x84, 0x60, 0x46, 0x14, 
  0x00, 0x30, 0xA8, 0xCB, 0x96, 0x40, 0x3E, 0x10, 0x90, 0x68, 0x92, 0x08, 0x96, 0x01, 0x3E, 0x18, 
  0x90, 0x69, 0x97, 0x00, 0xA7, 0x48, 0xAF, 0x08, 0x92, 0x08, 0xA7, 0x09, 0xAE, 0x09, 0x14, 0x31, 
  0x00, 0x0A, 0x84, 0x00, 0xD5, 0x4C, 0x2E, 0x10, 0x90, 0x68, 0xFA, 0x42, 0xFE, 0x84, 0x44, 0x30, 
  0x1F, 0x08, 0x38, 0x21, 0x88, 0x00, 0x97, 0x48, 0xDA, 0x41, 0x3E, 0x18, 0x90, 0x68, 0xA7, 0x49, 
  0xA6, 0x4A, 0x40, 0x10, 0xA0, 0x08, 0xFF, 0x4F, 0x44, 0x20, 0x1F, 0x08, 0xFA, 0x22, 0xFE, 0x44, 
  0x99, 0x11, 0x38, 0x11, 0x04, 0x01, 0x40, 0x20, 0xA0, 0x09, 0xA4, 0x61, 0x40, 0x10, 0xA0, 0x08, 
  0x96, 0x49, 0xFE, 0x57, 0xD9, 0x2B, 0x80, 0x24, 0xA4, 0xE4, 0xA4, 0x25, 0x40, 0x00, 0x40, 0x08, 
  0xFE, 0xC7, 0x3E, 0x08, 0x90, 0x68, 0x3E, 0x48, 0x90, 0x70, 0x3A, 0x32, 0x0C, 0x20, 0xA6, 0xCF, 
  0x96, 0xD8, 0xAE, 0xC7, 0x00, 0x30, 0x80, 0x0C, 0x96, 0xD8, 0x10, 0x30, 0x00, 0x0C, 0x00, 0x30, 
  0x80, 0x0D, 0x96, 0xD8, 0x10, 0x30, 0x00, 0x0D, 0x00, 0x30, 0x80, 0x0E, 0x96, 0xD8, 0x10, 0x30, 
  0x00, 0x0E, 0x00, 0x20, 0x80, 0x0F, 0x96, 0x90, 0x10, 0x20, 0x00, 0x0F, 0x00, 0x10, 0x80, 0x10, 
  0x96, 0x48, 0x10, 0x10, 0x00, 0x10, 0x84, 0x00, 0xD5, 0x0A, 0x8C, 0x01, 0x5C, 0xF0, 0x00, 0x2C, 
  0xE9, 0xB3, 0x84, 0x1F, 0x3E, 0x00, 0x90, 0x68, 0x44, 0x0F, 0xFF, 0x02, 0xEC, 0x04, 0x3B, 0xFF, 
  0xFC, 0x84, 0xDD, 0x9E, 0x3A, 0x6F, 0xA0, 0xBC, 0x46, 0x04, 0x00, 0x11, 0x04, 0x00, 0x00, 0x14, 
  0x96, 0x04, 0xC0, 0x03, 0x49, 0xFF, 0xFE, 0x5C, 0x84, 0x21, 0x46, 0x04, 0x00, 0x11, 0x14, 0x10, 
  0x00, 0x0A, 0x2E, 0x00, 0x90, 0x68, 0x96, 0x00, 0x5A, 0x00, 0x8C, 0x10, 0x5C, 0xF0, 0x00, 0x8D, 
  0xE8, 0x06, 0x5A, 0x00, 0x1C, 0x0B, 0x5A, 0x08, 0x51, 0x07, 0xD5, 0x07, 0x5A, 0x00, 0xBF, 0x06, 
  0x5A, 0x00, 0xC2, 0x04, 0x84, 0xE0, 0xD5, 0x02, 0x84, 0xE1, 0x84, 0x05, 0x84, 0x27, 0x84, 0x40, 
  0x44, 0x30, 0x06, 0x00, 0x84, 0x80, 0x49, 0xFF, 0xFD, 0x0E, 0x46, 0x04, 0x00, 0x11, 0x04, 0x00, 
  0x00, 0x09, 0x96, 0x04, 0xC8, 0xFB, 0x46, 0x04, 0x00, 0x11, 0xB4, 0xC0, 0x84, 0x20, 0x46, 0x04, 
  0x00, 0x30, 0xA8, 0x43, 0xCF, 0x2D, 0x44, 0x00, 0x00, 0x35, 0x84, 0x27, 0x84, 0x40, 0x44, 0x30, 
  0x06, 0x00, 0x84, 0x80, 0x49, 0xFF, 0xFC, 0xF7, 0x46, 0x14, 0x00, 0x11, 0x04, 0x10, 0x80, 0x09, 
  0x96, 0x4C, 0xC9, 0xFB, 0x46, 0x04, 0x00, 0x11, 0xB4, 0x00, 0x84, 0x40, 0x46, 0x14, 0x00, 0x30, 
  0xA8, 0x8B, 0x40, 0x00, 0x20, 0x08, 0xFF, 0x87, 0xFA, 0x05, 0x84, 0x27, 0x44, 0x30, 0x06, 0x00, 
  0x84, 0x80, 0x49, 0xFF, 0xFC, 0xE0, 0x46, 0x14, 0x00, 0x11, 0x04, 0x10, 0x80, 0x09, 0x96, 0x4C, 
  0xC9, 0xFB, 0x46, 0x04, 0x00, 0x11, 0xB4, 0x00, 0x40, 0x00, 0x40, 0x08, 0xFF, 0x87, 0x84, 0x20, 
  0x46, 0x04, 0x00, 0x11, 0x14, 0x10, 0x00, 0x0A, 0x80, 0x06, 0x3A, 0x6F, 0xA0, 0x84, 0xDD, 0x9E, 
  0x3B, 0xFF, 0xFC, 0xBC, 0xEF, 0xFC, 0x49, 0xFF, 0xFF, 0x8F, 0x2E, 0x10, 0x90, 0x68, 0x96, 0x48, 
  0x5A, 0x18, 0xBF, 0x05, 0x96, 0x3E, 0xC0, 0x0A, 0xD5, 0x0B, 0x96, 0x04, 0xC0, 0x0B, 0x44, 0x00, 
  0x00, 0x64, 0x49, 0xFF, 0xFC, 0x01, 0x84, 0x01, 0xD5, 0x06, 0x84, 0x00, 0xD5, 0x04, 0x84, 0x01, 
  0xD5, 0x02, 0x84, 0x00, 0xEC, 0x04, 0x3B, 0xFF, 0xFC, 0x84, 0xDD, 0x9E, 0x3A, 0x6F, 0x98, 0xBC, 
  0xEF, 0xF8, 0xF0, 0x81, 0x46, 0x04, 0x00, 0x11, 0x04, 0x00, 0x00, 0x14, 0x96, 0x04, 0xC0, 0x03, 
  0x49, 0xFF, 0xFD, 0xCE, 0xB0, 0x01, 0x49, 0xFF, 0xFD, 0xF0, 0x2E, 0x00, 0x90, 0x68, 0x96, 0x00, 
  0x5A, 0x00, 0x51, 0x0E, 0x5C, 0xF0, 0x00, 0x52, 0xE8, 0x04, 0x5A, 0x08, 0x1C, 0x07, 0xD5, 0x07, 
  0x5A, 0x00, 0x8C, 0x06, 0x5A, 0x00, 0xC2, 0x04, 0x84, 0xC1, 0xD5, 0x02, 0x84, 0xC0, 0x3E, 0x18, 
  0x90, 0x68, 0xA6, 0x89, 0xA6, 0x0A, 0x40, 0x50, 0x20, 0x08, 0xFF, 0x57, 0x44, 0x10, 0x13, 0x28, 
  0xD9, 0x53, 0x2E, 0x00, 0x90, 0x68, 0x96, 0x00, 0x5A, 0x08, 0xA1, 0x4F, 0xF0, 0x01, 0x66, 0x00, 
  0x01, 0x00, 0xF0, 0x81, 0x3C, 0x0E, 0x24, 0x0F, 0x84, 0x06, 0x84, 0x27, 0x84, 0x40, 0x44, 0x30, 
  0x07, 0x00, 0x84, 0x80, 0x49, 0xFF, 0xFC, 0x6F, 0x84, 0x01, 0x84, 0x27, 0x84, 0x40, 0x44, 0x30, 
  0x05, 0x00, 0x84, 0x80, 0x49, 0xFF, 0xFC, 0x3B, 0x84, 0x01, 0x49, 0xFF, 0xFC, 0x02, 0x49, 0xFF, 
  0xFF, 0x99, 0xC8, 0xFE, 0x49, 0xFF, 0xFB, 0xFD, 0x84, 0x04, 0x84, 0x27, 0x84, 0x40, 0x44, 0x30, 
  0x07, 0x00, 0x84, 0x80, 0x49, 0xFF, 0xFC, 0x57, 0xF0, 0x01, 0x92, 0x08, 0x3C, 0x0E, 0x24, 0x0F, 
  0x84, 0x06, 0x84, 0x27, 0x84, 0x40, 0x44, 0x30, 0x07, 0x00, 0x84, 0x80, 0x49, 0xFF, 0xFC, 0x4B, 
  0x44, 0x00, 0x00, 0x31, 0x84, 0x27, 0x84, 0x40, 0x44, 0x30, 0x05, 0x00, 0x84, 0x80, 0x49, 0xFF, 
  0xFC, 0x16, 0x84, 0x01, 0x49, 0xFF, 0xFB, 0xDD, 0x49, 0xFF, 0xFF, 0x74, 0xC8, 0xFE, 0x49, 0xFF, 
  0xFB, 0xD8, 0x84, 0x04, 0x84, 0x27, 0x84, 0x40, 0x44, 0x30, 0x07, 0x00, 0x84, 0x80, 0x49, 0xFF, 
  0xFC, 0x32, 0x48, 0x00, 0x00, 0xC3, 0x2E, 0x00, 0x90, 0x68, 0x96, 0x00, 0x5A, 0x00, 0xC8, 0x11, 
  0x2E, 0x00, 0x90, 0x68, 0x96, 0x00, 0x5A, 0x00, 0xA1, 0x0C, 0x2E, 0x00, 0x90, 0x68, 0x96, 0x00, 
  0x5A, 0x00, 0xEF, 0x07, 0x2E, 0x00, 0x90, 0x68, 0x96, 0x00, 0x5A, 0x08, 0x85, 0x6E, 0xF0, 0x01, 
  0x3C, 0x0E, 0x24, 0x0F, 0x84, 0x06, 0x84, 0x27, 0x84, 0x40, 0x44, 0x30, 0x07, 0x00, 0x84, 0x80, 
  0x49, 0xFF, 0xFC, 0x11, 0x84, 0x01, 0x84, 0x27, 0x84, 0x40, 0x44, 0x30, 0x05, 0x00, 0x84, 0x80, 
  0x49, 0xFF, 0xFB, 0xDD, 0x84, 0x01, 0x49, 0xFF, 0xFB, 0xA4, 0x49, 0xFF, 0xFF, 0x3B, 0xC8, 0xFE, 
  0x49, 0xFF, 0xFB, 0x9F, 0x84, 0x04, 0x84, 0x27, 0x84, 0x40, 0x44, 0x30, 0x07, 0x00, 0x84, 0x80, 
  0x49, 0xFF, 0xFB, 0xF9, 0xF0, 0x01, 0x92, 0x08, 0x3C, 0x0E, 0x24, 0x0F, 0x84, 0x06, 0x84, 0x27, 
  0x84, 0x40, 0x44, 0x30, 0x07, 0x00, 0x84, 0x80, 0x49, 0xFF, 0xFB, 0xED, 0x44, 0x00, 0x00, 0x31, 
  0x84, 0x27, 0x84, 0x40, 0x44, 0x30, 0x05, 0x00, 0x84, 0x80, 0x49, 0xFF, 0xFB, 0xB8, 0x84, 0x01, 
  0x49, 0xFF, 0xFB, 0x7F, 0x49, 0xFF, 0xFF, 0x16, 0xC8, 0xFE, 0x49, 0xFF, 0xFB, 0x7A, 0x84, 0x04, 
  0x84, 0x27, 0x84, 0x40, 0x44, 0x30, 0x07, 0x00, 0x84, 0x80, 0x49, 0xFF, 0xFB, 0xD4, 0x02, 0x0F, 
  0x80, 0x03, 0x3C, 0x0E, 0x24, 0x0F, 0x84, 0x06, 0x84, 0x27, 0x84, 0x40, 0x44, 0x30, 0x07, 0x00, 
  0x84, 0x80, 0x49, 0xFF, 0xFB, 0xC8, 0xFA, 0x01, 0x84, 0x27, 0x84, 0x40, 0x44, 0x30, 0x05, 0x00, 
  0x84, 0x80, 0x49, 0xFF, 0xFB, 0x94, 0x84, 0x01, 0x49, 0xFF, 0xFB, 0x5B, 0x49, 0xFF, 0xFE, 0xF2, 
  0xC8, 0xFE, 0x49, 0xFF, 0xFB, 0x56, 0x84, 0x04, 0x84, 0x27, 0x84, 0x40, 0x44, 0x30, 0x07, 0x00, 
  0x84, 0x80, 0x49, 0xFF, 0xFB, 0xB0, 0xF0, 0x01, 0x3C, 0x0E, 0x24, 0x0F, 0x2E, 0x00, 0x90, 0x68, 
  0x96, 0x00, 0x5A, 0x00, 0xEB, 0x07, 0x2E, 0x00, 0x90, 0x68, 0x96, 0x00, 0x5A, 0x08, 0xCD, 0x0C, 
  0x44, 0x00, 0x00, 0x50, 0x84, 0x27, 0x84, 0x40, 0x44, 0x30, 0x07, 0x00, 0x84, 0x80, 0x49, 0xFF, 
  0xFB, 0x9A, 0xD5, 0x09, 0x84, 0x06, 0x84, 0x27, 0x84, 0x40, 0x44, 0x30, 0x07, 0x00, 0x84, 0x80, 
  0x49, 0xFF, 0xFB, 0x91, 0x84, 0x01, 0x84, 0x27, 0x84, 0x40, 0x44, 0x30, 0x05, 0x00, 0x80, 0x86, 
  0x49, 0xFF, 0xFB, 0x5D, 0x46, 0x04, 0x00, 0x11, 0x04, 0x00, 0x00, 0x0B, 0xC8, 0xFC, 0x84, 0x01, 
  0x49, 0xFF, 0xFB, 0x1F, 0x49, 0xFF, 0xFE, 0xB6, 0xC8, 0xFE, 0x49, 0xFF, 0xFB, 0x1A, 0x2E, 0x00, 
  0x90, 0x68, 0x96, 0x00, 0x5A, 0x08, 0xC8, 0x0A, 0x84, 0x04, 0x84, 0x27, 0x84, 0x40, 0x44, 0x30, 
  0x07, 0x00, 0x84, 0x80, 0x49, 0xFF, 0xFB, 0x6F, 0xEC, 0x08, 0x3A, 0x6F, 0x98, 0x84, 0xDD, 0x9E, 
  0x3A, 0x6F, 0x9C, 0xBC, 0xEF, 0xF4, 0x80, 0xC0, 0x84, 0x00, 0xF0, 0x81, 0x49, 0xFF, 0xFE, 0x2C, 
  0x66, 0x70, 0x01, 0x80, 0xF7, 0x81, 0xB0, 0x01, 0x49, 0xFF, 0xFC, 0xAF, 0x5A, 0x68, 0x02, 0x04, 
  0x84, 0x41, 0xD5, 0x02, 0x84, 0x40, 0x2E, 0x10, 0x90, 0x68, 0x96, 0x48, 0x5A, 0x18, 0x51, 0x05, 
  0x5A, 0x68, 0x02, 0x31, 0xD5, 0x2E, 0x2E, 0x00, 0x90, 0x68, 0x96, 0x00, 0x5A, 0x00, 0xC2, 0x07, 
  0x2E, 0x00, 0x90, 0x68, 0x96, 0x00, 0x5A, 0x08, 0x8C, 0x12, 0x5A, 0x28, 0x01, 0x09, 0xF0, 0x01, 
  0x58, 0x00, 0x00, 0x40, 0xF0, 0x81, 0x4C, 0x70, 0x40, 0x19, 0xD5, 0x1C, 0xF0, 0x01, 0x66, 0x00, 
  0x00, 0x40, 0xF0, 0x81, 0x4C, 0x70, 0x40, 0x12, 0xD5, 0x15, 0x5A, 0x28, 0x01, 0x09, 0xF0, 0x01, 
  0x58, 0x00, 0x02, 0x00, 0xF0, 0x81, 0x4C, 0x70, 0x40, 0x09, 0xD5, 0x0C, 0xF0, 0x01, 0x66, 0x00, 
  0x02, 0x00, 0xF0, 0x81, 0x4C, 0x70, 0x00, 0x07, 0xF0, 0x01, 0x49, 0xFF, 0xFE, 0x79, 0xD5, 0x02, 
  0x84, 0xC1, 0x3E, 0x08, 0x90, 0x6B, 0x3A, 0x60, 0x18, 0x20, 0x84, 0x00, 0xEC, 0x0C, 0x3A, 0x6F, 
  0x9C, 0x84, 0xDD, 0x9E, 0x3B, 0xFF, 0xFC, 0xBC, 0xEF, 0xFC, 0x46, 0x04, 0x00, 0x11, 0x04, 0x00, 
  0x00, 0x14, 0x96, 0x04, 0xC0, 0x03, 0x49, 0xFF, 0xFC, 0x3B, 0x2E, 0x00, 0x90, 0x68, 0x96, 0x00, 
  0x5A, 0x00, 0xBF, 0x0B, 0x44, 0x00, 0x00, 0xB9, 0x84, 0x27, 0x84, 0x40, 0x44, 0x30, 0x07, 0x00, 
  0x84, 0x80, 0x49, 0xFF, 0xFB, 0x00, 0xEC, 0x04, 0x3B, 0xFF, 0xFC, 0x84, 0xDD, 0x9E, 0x2E, 0x00, 
  0x90, 0x68, 0x96, 0x00, 0x5A, 0x00, 0xBF, 0x11, 0x3B, 0xFF, 0xFC, 0xBC, 0xEF, 0xFC, 0x44, 0x00, 
  0x00, 0xAB, 0x84, 0x27, 0x84, 0x40, 0x44, 0x30, 0x07, 0x00, 0x84, 0x80, 0x49, 0xFF, 0xFA, 0xEB, 
  0xEC, 0x04, 0x3B, 0xFF, 0xFC, 0x84, 0xDD, 0x9E, 0x64, 0x12, 0x00, 0x02, 0x44, 0x07, 0x00, 0x00, 
  0xFE, 0x0F, 0x64, 0x02, 0x00, 0x03, 0xDD, 0x9E, 0x3B, 0xFF, 0xFC, 0xBC, 0xEF, 0xFC, 0x64, 0x12, 
  0x00, 0x02, 0x44, 0x08, 0xFF, 0xFF, 0xFE, 0x0E, 0x42, 0x00, 0x40, 0x08, 0x64, 0x02, 0x00, 0x03, 
  0x64, 0x00, 0x00, 0x08, 0x3C, 0x0D, 0xDC, 0x02, 0x49, 0xFF, 0xFA, 0x16, 0x46, 0x04, 0x00, 0x22, 
  0xA0, 0x41, 0x66, 0x10, 0x84, 0x00, 0xA8, 0x41, 0xA0, 0x41, 0x58, 0x10, 0x84, 0x00, 0xA8, 0x41, 
  0x49, 0xFF, 0xFB, 0xEE, 0xEC, 0x04, 0x3B, 0xFF, 0xFC, 0x84, 0xDD, 0x9E, 0xC0, 0x41, 0x46, 0x04, 
  0x00, 0x21, 0x04, 0x00, 0x00, 0x0A, 0x96, 0x04, 0x5A, 0x08, 0x01, 0x3B, 0x9E, 0x09, 0x46, 0x20, 
  0x5B, 0x8D, 0x50, 0x21, 0x07, 0xFF, 0xE2, 0x40, 0xE8, 0x05, 0x46, 0x10, 0x5B, 0x8D, 0x50, 0x10, 
  0x88, 0x00, 0x46, 0x04, 0x31, 0xBD, 0x50, 0x00, 0x0E, 0x83, 0x42, 0x20, 0x80, 0xB8, 0x40, 0x30, 
  0xFC, 0x0A, 0xFE, 0x1E, 0x88, 0x40, 0x92, 0x52, 0x44, 0x00, 0x01, 0x2C, 0x40, 0x20, 0x08, 0x57, 
  0x3C, 0x2F, 0xDC, 0x02, 0x3C, 0x0D, 0xDB, 0xE5, 0x40, 0x20, 0x04, 0x17, 0x40, 0x00, 0x20, 0x08, 
  0x40, 0x10, 0x04, 0x37, 0xC9, 0x02, 0x84, 0x25, 0x40, 0x01, 0x20, 0x08, 0xFE, 0x47, 0x46, 0x04, 
  0x00, 0x21, 0x14, 0x10, 0x00, 0x16, 0x04, 0x10, 0x00, 0x0D, 0x58, 0x10, 0x80, 0x08, 0x14, 0x10, 
  0x00, 0x0D, 0x02, 0x10, 0x00, 0x14, 0x58, 0x10, 0x80, 0x04, 0x12, 0x10, 0x00, 0x14, 0xDD, 0x9E, 
  0x2E, 0x10, 0x90, 0x68, 0x96, 0x48, 0xC1, 0x39, 0x2E, 0x10, 0x90, 0x68, 0x96, 0x48, 0x5A, 0x10, 
  0xFF, 0x38, 0x46, 0x14, 0x00, 0x21, 0x04, 0x10, 0x80, 0x0A, 0x96, 0x4C, 0x5A, 0x18, 0x01, 0x34, 
  0x3A, 0x6F, 0x98, 0xBC, 0x80, 0xC0, 0x49, 0xFF, 0xF9, 0xDD, 0x94, 0x01, 0x9C, 0x44, 0x46, 0x3C, 
  0xCC, 0xCC, 0x50, 0x31, 0x8C, 0xCD, 0x42, 0x20, 0x8C, 0xB8, 0x40, 0x40, 0xFC, 0x0A, 0xFE, 0xE6, 
  0x88, 0x43, 0x88, 0x41, 0x92, 0x42, 0x40, 0x21, 0x18, 0x06, 0xC2, 0x20, 0x84, 0x25, 0xFE, 0x0C, 
  0x46, 0x1A, 0xAA, 0xAA, 0x50, 0x10, 0x8A, 0xAB, 0x42, 0x20, 0x04, 0xB8, 0x40, 0x30, 0x7C, 0x0A, 
  0xFE, 0x5E, 0x88, 0x41, 0x88, 0x40, 0x92, 0x43, 0xE2, 0xC2, 0xE8, 0x13, 0x84, 0x01, 0x80, 0x26, 
  0x49, 0xFF, 0xFF, 0x86, 0x84, 0x00, 0xD5, 0x0F, 0x44, 0x0F, 0xFF, 0x0A, 0xDD, 0x9E, 0x44, 0x0F, 
  0xFF, 0x0A, 0xDD, 0x9E, 0x44, 0x0F, 0xFF, 0x0A, 0xDD, 0x9E, 0x44, 0x0F, 0xFF, 0x0A, 0xD5, 0x03, 
  0x44, 0x0F, 0xFF, 0x0A, 0x3A, 0x6F, 0x98, 0x84, 0xDD, 0x9E, 0x3A, 0x6F, 0xA0, 0xBC, 0x46, 0x04, 
  0x00, 0x11, 0x04, 0x00, 0x00, 0x14, 0x96, 0x04, 0xC0, 0x03, 0x49, 0xFF, 0xFB, 0x51, 0x84, 0x21, 
  0x46, 0x04, 0x00, 0x11, 0x14, 0x10, 0x00, 0x0A, 0x2E, 0x00, 0x90, 0x68, 0x96, 0x00, 0x5A, 0x00, 
  0x8C, 0x10, 0x5C, 0xF0, 0x00, 0x8D, 0xE8, 0x06, 0x5A, 0x00, 0x1C, 0x0B, 0x5A, 0x08, 0x51, 0x07, 
  0xD5, 0x07, 0x5A, 0x00, 0xBF, 0x06, 0x5A, 0x00, 0xC2, 0x04, 0x84, 0xE0, 0xD5, 0x02, 0x84, 0xE1, 
  0x84, 0x05, 0x84, 0x27, 0x84, 0x40, 0x44, 0x30, 0x06, 0x00, 0x84, 0x80, 0x49, 0xFF, 0xFA, 0x03, 
  0x46, 0x04, 0x00, 0x11, 0x04, 0x00, 0x00, 0x09, 0x96, 0x04, 0xC8, 0xFB, 0x46, 0x04, 0x00, 0x11, 
  0xB4, 0xC0, 0x84, 0x20, 0x46, 0x04, 0x00, 0x30, 0xA8, 0x43, 0xCF, 0x2D, 0x44, 0x00, 0x00, 0x35, 
  0x84, 0x27, 0x84, 0x40, 0x44, 0x30, 0x06, 0x00, 0x84, 0x80, 0x49, 0xFF, 0xF9, 0xEC, 0x46, 0x14, 
  0x00, 0x11, 0x04, 0x10, 0x80, 0x09, 0x96, 0x4C, 0xC9, 0xFB, 0x46, 0x04, 0x00, 0x11, 0xB4, 0x00, 
  0x84, 0x40, 0x46, 0x14, 0x00, 0x30, 0xA8, 0x8B, 0x40, 0x00, 0x20, 0x08, 0xFF, 0x87, 0xFA, 0x05, 
  0x84, 0x27, 0x44, 0x30, 0x06, 0x00, 0x84, 0x80, 0x49, 0xFF, 0xF9, 0xD5, 0x46, 0x14, 0x00, 0x11, 
  0x04, 0x10, 0x80, 0x09, 0x96, 0x4C, 0xC9, 0xFB, 0x46, 0x04, 0x00, 0x11, 0xB4, 0x00, 0x40, 0x00, 
  0x40, 0x08, 0xFF, 0x87, 0x84, 0x20, 0x46, 0x04, 0x00, 0x11, 0x14, 0x10, 0x00, 0x0A, 0x80, 0x06, 
  0x3A, 0x6F, 0xA0, 0x84, 0xDD, 0x9E, 0xA6, 0x80, 0xA6, 0x41, 0x40, 0x10, 0xA0, 0x08, 0xFE, 0x8F, 
  0xA6, 0x42, 0x40, 0x10, 0xC0, 0x08, 0xFE, 0x57, 0xA6, 0x03, 0x40, 0x00, 0x60, 0x08, 0xFE, 0x0F, 
  0xDD, 0x9E, 0x00, 0x00, 0x3A, 0x6F, 0xA4, 0xBC, 0xEF, 0xE4, 0x46, 0x14, 0x00, 0x11, 0x04, 0x70, 
  0x80, 0x10, 0x97, 0xF8, 0x9E, 0x41, 0xE6, 0x24, 0x4E, 0xF2, 0x02, 0x20, 0x44, 0xF0, 0x0F, 0x38, 
  0x38, 0x17, 0x86, 0x02, 0x4A, 0x00, 0x04, 0x00, 0x48, 0x0F, 0x00, 0x00, 0x4E, 0x0F, 0x00, 0x00, 
  0x54, 0x0F, 0x00, 0x00, 0x5A, 0x0F, 0x00, 0x00, 0x2E, 0x60, 0x90, 0x75, 0xD5, 0x09, 0x2E, 0x60, 
  0x90, 0x76, 0xD5, 0x06, 0x2E, 0x60, 0x90, 0x77, 0xD5, 0x03, 0x2E, 0x60, 0x90, 0x78, 0x5A, 0x68, 
  0x7F, 0x04, 0x48, 0x00, 0x02, 0x06, 0x81, 0x00, 0x49, 0xFF, 0xFC, 0x4E, 0x96, 0x81, 0x2E, 0x10, 
  0x90, 0x68, 0x96, 0x48, 0x5A, 0x18, 0xA1, 0x04, 0x48, 0x00, 0x01, 0xB0, 0x5C, 0xF0, 0x80, 0xA2, 
  0xE8, 0x24, 0x5A, 0x18, 0x51, 0x04, 0x48, 0x00, 0x01, 0x96, 0x5C, 0xF0, 0x80, 0x52, 0xE8, 0x0F, 
  0x5A, 0x18, 0x0E, 0x04, 0x48, 0x00, 0x01, 0x8F, 0x5A, 0x18, 0x1C, 0x04, 0x48, 0x00, 0x01, 0xD8, 
  0x5A, 0x10, 0x0B, 0x04, 0x48, 0x00, 0x01, 0xE8, 0x48, 0x00, 0x01, 0x85, 0x5A, 0x18, 0x85, 0x04, 
  0x48, 0x00, 0x01, 0x81, 0x5A, 0x18, 0x8C, 0x04, 0x48, 0x00, 0x01, 0xCA, 0x5A, 0x10, 0x5E, 0x04, 
  0x48, 0x00, 0x01, 0xDA, 0x48, 0x00, 0x01, 0x77, 0x5A, 0x18, 0xCD, 0x04, 0x48, 0x00, 0x01, 0x73, 
  0x5C, 0xF0, 0x80, 0xCE, 0xE8, 0x0B, 0x5A, 0x10, 0xC2, 0x18, 0x5A, 0x18, 0xC8, 0x04, 0x48, 0x00, 
  0x01, 0x6A, 0x5A, 0x10, 0xBF, 0x16, 0x48, 0x00, 0x01, 0xC7, 0x5A, 0x18, 0xEB, 0x04, 0x48, 0x00, 
  0x01, 0x62, 0x5A, 0x18, 0xEF, 0x04, 0x48, 0x00, 0x01, 0x5E, 0x5A, 0x10, 0xE0, 0x04, 0x48, 0x00, 
  0x01, 0xBB, 0x48, 0x00, 0x01, 0x58, 0x44, 0x0F, 0xFF, 0x07, 0x48, 0x00, 0x01, 0xB9, 0x3E, 0x18, 
  0x90, 0x68, 0x00, 0x20, 0x80, 0x08, 0x00, 0x00, 0x80, 0x09, 0x40, 0x00, 0x20, 0x08, 0xFE, 0x17, 
  0x00, 0x60, 0x80, 0x0A, 0x40, 0x63, 0x40, 0x08, 0xFE, 0x37, 0x00, 0x60, 0x80, 0x0B, 0x40, 0x63, 
  0x60, 0x08, 0xFF, 0x87, 0x44, 0x0E, 0x00, 0x00, 0x88, 0xC0, 0x92, 0xD0, 0x8C, 0xD2, 0x97, 0xB1, 
  0x92, 0xC3, 0x40, 0x93, 0x00, 0x10, 0xB0, 0x01, 0x84, 0x20, 0xFA, 0x41, 0x49, 0xFF, 0xF8, 0x82, 
  0x50, 0x04, 0x7F, 0xFF, 0x5C, 0x10, 0x00, 0x04, 0x4E, 0x12, 0x00, 0xF6, 0x44, 0xF0, 0x10, 0x68, 
  0x38, 0x07, 0x82, 0x02, 0x4A, 0x00, 0x00, 0x00, 0x78, 0x10, 0x00, 0x00, 0xC6, 0x10, 0x00, 0x00, 
  0x68, 0x11, 0x00, 0x00, 0x18, 0x12, 0x00, 0x00, 0x80, 0x89, 0x50, 0x34, 0xFF, 0xFE, 0x90, 0x61, 
  0x96, 0xD8, 0x84, 0x00, 0xD5, 0x09, 0x9A, 0x60, 0xB0, 0x86, 0x88, 0x22, 0x84, 0x5F, 0x10, 0x20, 
  0xFF, 0xEB, 0x8C, 0x01, 0x96, 0x00, 0xE2, 0x03, 0xE9, 0xF7, 0x40, 0x04, 0x80, 0x01, 0xB0, 0x41, 
  0x38, 0x20, 0x80, 0x00, 0x96, 0xB7, 0x38, 0x20, 0x80, 0x08, 0x00, 0x0F, 0x80, 0x06, 0x66, 0x00, 
  0x00, 0x01, 0x10, 0x0F, 0x80, 0x06, 0x00, 0x0F, 0x80, 0x05, 0x66, 0x00, 0x00, 0x55, 0x10, 0x0F, 
  0x80, 0x05, 0x48, 0x00, 0x00, 0xC5, 0x3E, 0x28, 0x90, 0x68, 0x00, 0x01, 0x00, 0x08, 0x00, 0x01, 
  0x00, 0x09, 0x00, 0x01, 0x00, 0x0A, 0x40, 0x10, 0x40, 0x08, 0x00, 0x01, 0x00, 0x0B, 0x40, 0x00, 
  0x60, 0x08, 0xFE, 0x0F, 0x40, 0x10, 0x48, 0x09, 0x84, 0x03, 0xFE, 0x0C, 0x96, 0x00, 0x40, 0x30, 
  0x0C, 0x09, 0x54, 0x40, 0x00, 0x07, 0x84, 0x00, 0xD5, 0x0A, 0x40, 0x14, 0x80, 0x01, 0xB0, 0x86, 
  0x88, 0x22, 0x84, 0x5F, 0x10, 0x20, 0xFF, 0xEB, 0x8C, 0x01, 0x96, 0x00, 0xE2, 0x03, 0xE9, 0xF6, 
  0xCC, 0x0A, 0x40, 0x04, 0x80, 0x01, 0xB0, 0x81, 0x38, 0x11, 0x00, 0x00, 0x96, 0x77, 0x38, 0x11, 
  0x00, 0x08, 0xD5, 0x16, 0x8E, 0x81, 0x97, 0x20, 0x84, 0x20, 0xD5, 0x10, 0x40, 0x34, 0x80, 0x01, 
  0x8E, 0x61, 0x84, 0x41, 0x40, 0x21, 0x04, 0x0C, 0xB1, 0x41, 0x39, 0x02, 0x8C, 0x00, 0x40, 0x28, 
  0x08, 0x04, 0x38, 0x22, 0x8C, 0x08, 0x8C, 0x21, 0x96, 0x48, 0xE2, 0x24, 0xE9, 0xF0, 0x00, 0x0F, 
  0x80, 0x06, 0x66, 0x00, 0x00, 0x01, 0x10, 0x0F, 0x80, 0x06, 0x00, 0x0F, 0x80, 0x05, 0x66, 0x00, 
  0x00, 0x55, 0x10, 0x0F, 0x80, 0x05, 0xD5, 0x73, 0x3E, 0x28, 0x90, 0x68, 0x00, 0x01, 0x00, 0x08, 
  0x00, 0x01, 0x00, 0x09, 0x00, 0x01, 0x00, 0x0A, 0x40, 0x10, 0x40, 0x08, 0x00, 0x01, 0x00, 0x0B, 
  0x40, 0x00, 0x60, 0x08, 0xFE, 0x0F, 0x40, 0x10, 0x4C, 0x09, 0x84, 0x07, 0xFE, 0x0C, 0x96, 0x00, 
  0x40, 0x30, 0x0C, 0x09, 0x54, 0x40, 0x00, 0x07, 0x84, 0x00, 0xD5, 0x0A, 0x40, 0x14, 0x80, 0x01, 
  0xB0, 0x86, 0x88, 0x22, 0x84, 0x5F, 0x10, 0x20, 0xFF, 0xEB, 0x8C, 0x01, 0x96, 0x00, 0xE2, 0x03, 
  0xE9, 0xF6, 0xCC, 0x0A, 0x40, 0x04, 0x80, 0x01, 0xB0, 0x81, 0x38, 0x11, 0x00, 0x00, 0x96, 0x77, 
  0x38, 0x11, 0x00, 0x08, 0xD5, 0x16, 0x8E, 0x81, 0x97, 0x20, 0x84, 0x20, 0xD5, 0x10, 0x40, 0x34, 
  0x80, 0x01, 0x8E, 0x61, 0x84, 0x41, 0x40, 0x21, 0x04, 0x0C, 0xB1, 0x41, 0x39, 0x02, 0x8C, 0x00, 
  0x40, 0x28, 0x08, 0x04, 0x38, 0x22, 0x8C, 0x08, 0x8C, 0x21, 0x96, 0x48, 0xE2, 0x24, 0xE9, 0xF0, 
  0x00, 0x0F, 0x80, 0x06, 0x66, 0x00, 0x00, 0x01, 0x10, 0x0F, 0x80, 0x06, 0x00, 0x0F, 0x80, 0x05, 
  0x66, 0x00, 0x00, 0x55, 0x10, 0x0F, 0x80, 0x05, 0xD5, 0x22, 0x84, 0x5F, 0xB0, 0x41, 0x38, 0x20, 
  0x80, 0x08, 0x8C, 0x01, 0x96, 0x00, 0xD5, 0x02, 0x84, 0x00, 0xE0, 0x09, 0xE9, 0xF7, 0x00, 0x0F, 
  0x80, 0x06, 0x66, 0x00, 0x00, 0x01, 0x10, 0x0F, 0x80, 0x06, 0x00, 0x0F, 0x80, 0x05, 0x66, 0x00, 
  0x00, 0x55, 0x10, 0x0F, 0x80, 0x05, 0x00, 0x0F, 0x80, 0x04, 0x66, 0x00, 0x00, 0x55, 0x10, 0x0F, 
  0x80, 0x04, 0xD5, 0x05, 0x44, 0x0F, 0xFF, 0x01, 0x48, 0x00, 0x00, 0x9A, 0x84, 0x06, 0x84, 0x21, 
  0x84, 0x40, 0x44, 0x30, 0x00, 0x30, 0x84, 0x80, 0x49, 0xFF, 0xF8, 0x0D, 0xB0, 0x01, 0x49, 0xFF, 
  0xFE, 0x4C, 0x3C, 0x0E, 0x24, 0x0F, 0x50, 0x44, 0xFF, 0xFF, 0x44, 0x00, 0x00, 0x42, 0x84, 0x21, 
  0x84, 0x40, 0x44, 0x30, 0x05, 0x33, 0x97, 0x21, 0x49, 0xFF, 0xF7, 0xD1, 0x8E, 0xC4, 0x97, 0xB2, 
  0x50, 0x8F, 0x80, 0x08, 0xD5, 0x14, 0x80, 0x08, 0x49, 0xFF, 0xFE, 0x37, 0x46, 0x14, 0x00, 0x11, 
  0xA8, 0x09, 0x84, 0x20, 0x46, 0x04, 0x00, 0x30, 0xA8, 0x43, 0x8D, 0x04, 0x8E, 0xC4, 0x97, 0xB2, 
  0x46, 0x14, 0x00, 0x11, 0x04, 0x10, 0x80, 0x09, 0x96, 0x5E, 0xC9, 0xFB, 0x4E, 0x66, 0xFF, 0xED, 
  0xD5, 0x56, 0x66, 0x21, 0x41, 0xFC, 0x54, 0x13, 0x00, 0x1F, 0x94, 0x4A, 0xFE, 0x8F, 0x96, 0x53, 
  0x96, 0x09, 0x54, 0x23, 0x00, 0x40, 0x96, 0x91, 0xC2, 0x48, 0x97, 0xAE, 0x96, 0x31, 0x40, 0x00, 
  0x24, 0x08, 0xFE, 0x0F, 0x96, 0x01, 0xD5, 0x41, 0x3E, 0x18, 0x90, 0x68, 0xA6, 0xC9, 0xA6, 0x0A, 
  0x40, 0x50, 0x20, 0x08, 0xFF, 0x5F, 0x44, 0x10, 0x13, 0x40, 0xD1, 0x0B, 0x3E, 0x18, 0x90, 0x68, 
  0xA6, 0xC9, 0xA6, 0x0A, 0x40, 0x50, 0x20, 0x08, 0xFF, 0x5F, 0x44, 0x10, 0x14, 0x40, 0xD9, 0x14, 
  0x66, 0x21, 0x11, 0xFC, 0x54, 0x13, 0x00, 0x1F, 0x94, 0x4A, 0xFE, 0x8F, 0x96, 0x53, 0x96, 0x09, 
  0x54, 0x23, 0x00, 0x40, 0x96, 0x91, 0xC2, 0x21, 0x42, 0x63, 0x14, 0x0B, 0x40, 0x03, 0x30, 0x08, 
  0xFE, 0x0F, 0x96, 0x01, 0xD5, 0x1A, 0x66, 0x21, 0x41, 0xFC, 0x54, 0x13, 0x00, 0x1F, 0x94, 0x4A, 
  0xFE, 0x8F, 0x96, 0x53, 0x96, 0x09, 0x54, 0x23, 0x00, 0x40, 0x96, 0x91, 0xC2, 0x0E, 0x97, 0xAE, 
  0x96, 0x31, 0x40, 0x00, 0x24, 0x08, 0xFE, 0x0F, 0x96, 0x01, 0xD5, 0x07, 0x66, 0x21, 0x01, 0xBC, 
  0x54, 0x03, 0x00, 0x0F, 0x94, 0x02, 0xFE, 0x17, 0x49, 0xFF, 0xFA, 0xE2, 0xCF, 0x0F, 0x84, 0x01, 
  0x49, 0xFF, 0xF9, 0x56, 0x84, 0x00, 0xD5, 0x0B, 0x44, 0x0F, 0xFF, 0x07, 0xD5, 0x08, 0x44, 0x0F, 
  0xFF, 0x07, 0xD5, 0x05, 0x44, 0x0F, 0xFF, 0x01, 0xD5, 0x02, 0x84, 0x00, 0xEC, 0x1C, 0x3A, 0x6F, 
  0xA4, 0x84, 0xDD, 0x9E, 0x3A, 0x6F, 0xA4, 0xBC, 0xEF, 0xE4, 0x46, 0x24, 0x00, 0x11, 0x04, 0x61, 
  0x00, 0x10, 0x97, 0xB0, 0xE6, 0x24, 0x4E, 0xF2, 0x01, 0x13, 0xA6, 0x40, 0x5A, 0x10, 0x35, 0x04, 
  0x48, 0x00, 0x01, 0x11, 0x80, 0xE0, 0x49, 0xFF, 0xFA, 0x2F, 0x96, 0x81, 0x66, 0x01, 0x01, 0x80, 
  0x40, 0x90, 0x00, 0x13, 0xA6, 0x79, 0x5A, 0x10, 0xBA, 0x04, 0x48, 0x00, 0x01, 0x07, 0x2E, 0x10, 
  0x90, 0x68, 0x96, 0x48, 0x5A, 0x18, 0x8C, 0x04, 0x48, 0x00, 0x00, 0xB5, 0x5C, 0xF0, 0x80, 0x8D, 
  0xE8, 0x17, 0x5A, 0x18, 0x1C, 0x04, 0x48, 0x00, 0x00, 0xAE, 0xE6, 0x3D, 0xE8, 0x08, 0x5A, 0x10, 
  0x0B, 0x45, 0x5A, 0x10, 0x0E, 0x04, 0x48, 0x00, 0x00, 0xB1, 0xD5, 0x3F, 0x5A, 0x10, 0x5E, 0x3E, 
  0x5A, 0x10, 0x85, 0x3C, 0x5A, 0x10, 0x51, 0x04, 0x48, 0x00, 0x00, 0xA8, 0xD5, 0x36, 0x5A, 0x10, 
  0xCD, 0x35, 0x5C, 0xF0, 0x80, 0xCE, 0xE8, 0x09, 0x5A, 0x10, 0xBF, 0x11, 0x5A, 0x10, 0xC8, 0x2E, 
  0x5A, 0x10, 0xA1, 0x47, 0x48, 0x00, 0x00, 0x9A, 0x5A, 0x10, 0xEB, 0x28, 0x5A, 0x10, 0xEF, 0x26, 
  0x5A, 0x10, 0xE0, 0x04, 0x48, 0x00, 0x00, 0x92, 0xD5, 0x20, 0xB0, 0x01, 0x84, 0x20, 0xFA, 0x41, 
  0x49, 0xFF, 0xF6, 0x90, 0x84, 0x06, 0x84, 0x21, 0x84, 0x40, 0x44, 0x30, 0x00, 0x30, 0x84, 0x80, 
  0x49, 0xFF, 0xF7, 0x19, 0xB0, 0x01, 0x49, 0xFF, 0xFD, 0x58, 0x3C, 0x0E, 0x24, 0x0F, 0x44, 0x00, 
  0x00, 0x42, 0x84, 0x21, 0x84, 0x40, 0x44, 0x30, 0x05, 0x33, 0xFA, 0x80, 0x49, 0xFF, 0xF6, 0xDF, 
  0x50, 0x8F, 0x80, 0x08, 0x48, 0x00, 0x00, 0x7D, 0x66, 0x21, 0x41, 0xFC, 0x2E, 0x10, 0x90, 0x74, 
  0x96, 0x48, 0x54, 0x00, 0x80, 0x1F, 0x94, 0x02, 0xFE, 0x87, 0x96, 0x93, 0x40, 0x91, 0x00, 0x13, 
  0x54, 0x00, 0x80, 0x40, 0x96, 0x00, 0xC0, 0x64, 0x54, 0x00, 0x80, 0x20, 0x96, 0x00, 0x40, 0x00, 
  0x24, 0x08, 0xFE, 0x87, 0x40, 0x91, 0x00, 0x13, 0x50, 0x8F, 0x80, 0x04, 0xD5, 0x61, 0x3E, 0x18, 
  0x90, 0x68, 0xA6, 0xC9, 0xA6, 0x0A, 0x40, 0x50, 0x20, 0x08, 0xFF, 0x5F, 0x44, 0x10, 0x13, 0x40, 
  0xD1, 0x0B, 0x3E, 0x18, 0x90, 0x68, 0xA6, 0xC9, 0xA6, 0x0A, 0x40, 0x50, 0x20, 0x08, 0xFF, 0x5F, 
  0x44, 0x10, 0x14, 0x40, 0xD9, 0x1C, 0x66, 0x21, 0x11, 0xFC, 0x2E, 0x10, 0x90, 0x74, 0x96, 0x48, 
  0x54, 0x00, 0x80, 0x1F, 0x94, 0x02, 0xFE, 0x87, 0x96, 0x13, 0x40, 0x90, 0x00, 0x13, 0x54, 0x20, 
  0x80, 0x40, 0x96, 0x90, 0xC2, 0x38, 0x42, 0x10, 0x94, 0x0B, 0x40, 0x90, 0xB0, 0x08, 0x40, 0x00, 
  0x24, 0x04, 0x40, 0x90, 0x00, 0x13, 0x50, 0x8F, 0x80, 0x04, 0xD5, 0x32, 0x66, 0x21, 0x41, 0xFC, 
  0x2E, 0x10, 0x90, 0x74, 0x96, 0x48, 0x54, 0x00, 0x80, 0x1F, 0x94, 0x02, 0xFE, 0x87, 0x96, 0x93, 
  0x40, 0x91, 0x00, 0x13, 0x54, 0x00, 0x80, 0x40, 0x96, 0x00, 0xC0, 0x20, 0x54, 0x00, 0x80, 0x20, 
  0x96, 0x00, 0x40, 0x00, 0x24, 0x08, 0xFE, 0x17, 0x40, 0x90, 0x00, 0x13, 0x50, 0x8F, 0x80, 0x04, 
  0xD5, 0x17, 0x66, 0x21, 0x01, 0xBC, 0x2E, 0x00, 0x90, 0x74, 0x96, 0x1F, 0x94, 0x02, 0x40, 0x91, 
  0x00, 0x04, 0x50, 0x8F, 0x80, 0x04, 0xD5, 0x0C, 0x50, 0x8F, 0x80, 0x04, 0xD5, 0x09, 0x50, 0x8F, 
  0x80, 0x04, 0xD5, 0x06, 0x50, 0x8F, 0x80, 0x04, 0xD5, 0x03, 0x50, 0x8F, 0x80, 0x04, 0xA6, 0x3A, 
  0x5A, 0x08, 0x69, 0x26, 0x2E, 0x00, 0x90, 0x68, 0x96, 0x00, 0x5A, 0x08, 0xBF, 0x1C, 0xD5, 0x15, 
  0x80, 0x08, 0x49, 0xFF, 0xFC, 0xC2, 0x46, 0x14, 0x00, 0x11, 0xA8, 0x09, 0x84, 0x20, 0x46, 0x04, 
  0x00, 0x30, 0xA8, 0x43, 0x8D, 0x04, 0x8E, 0xE4, 0x97, 0xFA, 0x46, 0x14, 0x00, 0x11, 0x04, 0x10, 
  0x80, 0x09, 0x96, 0x5E, 0xC9, 0xFB, 0xD5, 0x02, 0x84, 0xED, 0x4E, 0x76, 0xFF, 0xEB, 0x84, 0xE0, 
  0xD5, 0x08, 0x80, 0x09, 0x49, 0xFF, 0xF9, 0xBC, 0x84, 0xE0, 0xD5, 0x03, 0x44, 0x7F, 0xFF, 0x08, 
  0xCE, 0x04, 0x84, 0x01, 0x49, 0xFF, 0xF8, 0x2C, 0x80, 0x07, 0xD5, 0x09, 0x44, 0x0F, 0xFF, 0x08, 
  0xD5, 0x06, 0x44, 0x0F, 0xFF, 0x08, 0xD5, 0x03, 0x44, 0x0F, 0xFF, 0x08, 0xEC, 0x1C, 0x3A, 0x6F, 
  0xA4, 0x84, 0xDD, 0x9E, 0x3A, 0x6F, 0xA8, 0xBC, 0xEF, 0xF8, 0x81, 0x40, 0x80, 0xE1, 0x81, 0x22, 
  0x49, 0xFF, 0xFB, 0x6C, 0x46, 0x04, 0x00, 0x11, 0x04, 0x10, 0x00, 0x14, 0x96, 0x4C, 0xC1, 0x03, 
  0x49, 0xFF, 0xF7, 0x6E, 0x80, 0xC9, 0x4E, 0x97, 0x00, 0xF3, 0x40, 0x14, 0xFC, 0x0A, 0x92, 0x3E, 
  0x40, 0x84, 0x84, 0x00, 0x54, 0x84, 0x00, 0x03, 0x8B, 0x01, 0x46, 0x04, 0x00, 0x11, 0x14, 0xA0, 
  0x00, 0x05, 0x3E, 0x18, 0x90, 0x68, 0xA6, 0x8B, 0xA6, 0x0C, 0x40, 0x00, 0x20, 0x08, 0xFE, 0x17, 
  0xA6, 0x8D, 0x40, 0x21, 0x40, 0x08, 0xFE, 0x17, 0xA6, 0x4E, 0x40, 0x10, 0xE0, 0x08, 0xFE, 0x0F, 
  0x5A, 0x08, 0x02, 0x39, 0x2E, 0x00, 0x90, 0x68, 0x96, 0x00, 0x5A, 0x08, 0xA1, 0x04, 0x48, 0x00, 
  0x00, 0x82, 0x5C, 0xF0, 0x00, 0xA2, 0xE8, 0x11, 0x5A, 0x00, 0x1C, 0x7D, 0xE6, 0x1D, 0xE8, 0x06, 
  0x5A, 0x00, 0x0B, 0x79, 0x5A, 0x08, 0x0E, 0x1C, 0xD5, 0x75, 0x5A, 0x00, 0x85, 0x74, 0x5A, 0x00, 
  0x8C, 0x72, 0x5A, 0x08, 0x5E, 0x15, 0xD5, 0x6E, 0x5A, 0x00, 0xCD, 0x6D, 0x5C, 0xF0, 0x00, 0xCE, 
  0xE8, 0x08, 0x5A, 0x00, 0xC2, 0x68, 0x5A, 0x00, 0xC8, 0x66, 0x5A, 0x00, 0xBF, 0x0E, 0xD5, 0x07, 
  0x5A, 0x00, 0xEB, 0x61, 0x5A, 0x00, 0xEF, 0x5F, 0x5A, 0x00, 0xE0, 0x5D, 0x84, 0x60, 0x84, 0x40, 
  0x84, 0x20, 0x84, 0x00, 0xD5, 0x6A, 0x44, 0x30, 0x03, 0xBF, 0x84, 0x47, 0x84, 0x21, 0x84, 0x0B, 
  0xD5, 0x64, 0x3E, 0x18, 0x90, 0x68, 0xA6, 0x8B, 0xA6, 0x0C, 0x40, 0x00, 0x20, 0x08, 0xFE, 0x17, 
  0xA6, 0x8D, 0x40, 0x21, 0x40, 0x08, 0xFE, 0x17, 0xA6, 0x4E, 0x40, 0x10, 0xE0, 0x08, 0xFE, 0x0F, 
  0x5A, 0x08, 0x01, 0x48, 0x2E, 0x00, 0x90, 0x68, 0x96, 0x00, 0x5A, 0x00, 0xA1, 0x2F, 0x5C, 0xF0, 
  0x00, 0xA2, 0xE8, 0x14, 0x5A, 0x00, 0x51, 0x44, 0x5C, 0xF0, 0x00, 0x52, 0xE8, 0x08, 0x5A, 0x00, 
  0x0E, 0x25, 0x5A, 0x00, 0x1C, 0x23, 0x5A, 0x08, 0x0B, 0x1C, 0xD5, 0x1F, 0x5A, 0x00, 0x85, 0x1E, 
  0x5A, 0x00, 0x8C, 0x1C, 0x5A, 0x08, 0x5E, 0x15, 0xD5, 0x18, 0x5A, 0x00, 0xCD, 0x17, 0x5C, 0xF0, 
  0x00, 0xCE, 0xE8, 0x08, 0x5A, 0x00, 0xC2, 0x12, 0x5A, 0x00, 0xC8, 0x10, 0x5A, 0x00, 0xBF, 0x15, 
  0xD5, 0x07, 0x5A, 0x00, 0xEB, 0x0B, 0x5A, 0x00, 0xEF, 0x09, 0x5A, 0x00, 0xE0, 0x07, 0x84, 0x60, 
  0x84, 0x40, 0x84, 0x20, 0x84, 0x00, 0xD5, 0x21, 0x44, 0x30, 0x03, 0x8A, 0x84, 0x4F, 0x84, 0x27, 
  0x44, 0x00, 0x00, 0xBB, 0xD5, 0x1A, 0x44, 0x30, 0x03, 0xBF, 0x84, 0x47, 0x84, 0x21, 0x84, 0x0B, 
  0xD5, 0x14, 0x44, 0x30, 0x03, 0x8F, 0x84, 0x4B, 0x84, 0x27, 0x44, 0x00, 0x00, 0xEB, 0xD5, 0x0D, 
  0x44, 0x30, 0x03, 0x80, 0xFA, 0x4F, 0x84, 0x27, 0x84, 0x0B, 0xD5, 0x07, 0x44, 0x30, 0x03, 0x82, 
  0xFA, 0x4F, 0x84, 0x27, 0x44, 0x00, 0x00, 0x3B, 0x84, 0xA1, 0x46, 0x44, 0x00, 0x11, 0x14, 0x52, 
  0x00, 0x0A, 0x50, 0x44, 0xFF, 0xFF, 0x97, 0x21, 0x49, 0xFF, 0xF5, 0x7D, 0xD5, 0x25, 0x46, 0x04, 
  0x00, 0x11, 0x04, 0x00, 0x00, 0x09, 0x96, 0x04, 0xC8, 0xFB, 0xE4, 0xC4, 0x84, 0x20, 0xE9, 0x09, 
  0x46, 0x04, 0x00, 0x11, 0xB4, 0x00, 0xAA, 0x39, 0x46, 0x04, 0x00, 0x30, 0xA8, 0x43, 0xD5, 0x13, 
  0x46, 0x04, 0x00, 0x11, 0xB4, 0x00, 0xF0, 0x81, 0x46, 0x04, 0x00, 0x30, 0xA8, 0x43, 0x84, 0x00, 
  0xD5, 0x08, 0xB0, 0x42, 0x88, 0x20, 0x00, 0x10, 0xFF, 0xFC, 0x18, 0x13, 0x80, 0x01, 0x8C, 0x01, 
  0xE2, 0x08, 0xE9, 0xF8, 0x8E, 0xC4, 0x4E, 0x66, 0xFF, 0xDC, 0x84, 0x20, 0x46, 0x04, 0x00, 0x11, 
  0x14, 0x10, 0x00, 0x0A, 0x49, 0xFF, 0xFA, 0x6A, 0x84, 0x00, 0xD5, 0x03, 0x44, 0x0F, 0xFF, 0x06, 
  0xEC, 0x08, 0x3A, 0x6F, 0xA8, 0x84, 0xDD, 0x9E, 0x3A, 0x6F, 0xBA, 0xBC, 0xEF, 0xF4, 0x81, 0x40, 
  0x80, 0xE1, 0x81, 0x02, 0x49, 0xFF, 0xFA, 0x62, 0x46, 0x04, 0x00, 0x11, 0x04, 0x00, 0x00, 0x14, 
  0x96, 0x04, 0xC0, 0x03, 0x49, 0xFF, 0xF6, 0x64, 0x54, 0x65, 0x00, 0xFF, 0x40, 0xB4, 0x18, 0x00, 
  0xFE, 0x32, 0x96, 0x0F, 0xB6, 0x1F, 0x5C, 0xF5, 0x81, 0x00, 0xE9, 0x0A, 0x40, 0x95, 0xA0, 0x09, 
  0x52, 0x83, 0x00, 0xFF, 0x54, 0xB5, 0x80, 0xFF, 0x52, 0x63, 0x01, 0x00, 0xD5, 0x05, 0x80, 0xC8, 
  0x8F, 0x01, 0x85, 0x60, 0x85, 0x21, 0x3E, 0x18, 0x90, 0x68, 0xA6, 0x8B, 0xA6, 0x0C, 0x40, 0x00, 
  0x20, 0x08, 0xFE, 0x17, 0xA6, 0x8D, 0x40, 0x21, 0x40, 0x08, 0xFE, 0x17, 0xA6, 0x4E, 0x40, 0x10, 
  0xE0, 0x08, 0xFE, 0x0F, 0x5A, 0x08, 0x02, 0x5F, 0x2E, 0x00, 0x90, 0x68, 0x96, 0x00, 0x5A, 0x00, 
  0xA1, 0x27, 0x5C, 0xF0, 0x00, 0xA2, 0xE8, 0x11, 0x5A, 0x00, 0x1C, 0x38, 0xE6, 0x1D, 0xE8, 0x06, 
  0x5A, 0x00, 0x0B, 0x1E, 0x5A, 0x08, 0x0E, 0x44, 0xD5, 0x1A, 0x5A, 0x00, 0x85, 0x19, 0x5A, 0x00, 
  0x8C, 0x17, 0x5A, 0x08, 0x5E, 0x3D, 0xD5, 0x13, 0x5A, 0x00, 0xCD, 0x12, 0x5C, 0xF0, 0x00, 0xCE, 
  0xE8, 0x08, 0x5A, 0x00, 0xC2, 0x18, 0x5A, 0x00, 0xC8, 0x0B, 0x5A, 0x00, 0xBF, 0x1F, 0xD5, 0x2F, 
  0x5A, 0x00, 0xEB, 0x06, 0x5A, 0x00, 0xEF, 0x04, 0x5A, 0x08, 0xE0, 0x2A, 0x2E, 0x00, 0x90, 0x6F, 
  0x96, 0x00, 0x44, 0xE0, 0x00, 0x17, 0x85, 0xA7, 0xC8, 0x34, 0x45, 0xC0, 0x03, 0x40, 0x85, 0x82, 
  0xD5, 0x3F, 0x2E, 0x00, 0x90, 0x6F, 0x96, 0x00, 0x85, 0xA7, 0xC8, 0x30, 0x45, 0xC0, 0x03, 0x40, 
  0x44, 0xE0, 0x00, 0x17, 0x85, 0x82, 0xD5, 0x34, 0x44, 0x00, 0x00, 0x38, 0x84, 0x27, 0x84, 0x40, 
  0x44, 0x30, 0x07, 0x00, 0x84, 0x80, 0x49, 0xFF, 0xF4, 0xC6, 0x84, 0x00, 0x3E, 0x00, 0x90, 0x6F, 
  0x45, 0xC0, 0x03, 0x7F, 0x85, 0xC5, 0x85, 0xA1, 0x85, 0x82, 0xD5, 0x22, 0x2E, 0x00, 0x90, 0x6F, 
  0x96, 0x00, 0x44, 0xE0, 0x00, 0x17, 0x85, 0xA7, 0xC8, 0x17, 0x45, 0xC0, 0x03, 0x40, 0x85, 0x82, 
  0xD5, 0x17, 0x45, 0xC0, 0x03, 0x40, 0x44, 0xE0, 0x00, 0x17, 0x85, 0xA7, 0x85, 0x82, 0xD5, 0x10, 
  0x45, 0xC0, 0x03, 0x43, 0x44, 0xC0, 0x00, 0x32, 0xD5, 0x0B, 0x45, 0xC0, 0x03, 0x4F, 0x85, 0xC5, 
  0x44, 0xC0, 0x00, 0x38, 0xD5, 0x05, 0x45, 0xC0, 0x03, 0x43, 0x44, 0xC0, 0x00, 0x32, 0x46, 0x04, 
  0x00, 0x11, 0x04, 0x00, 0x00, 0x10, 0x96, 0x00, 0xF0, 0x81, 0x48, 0x00, 0x00, 0xDF, 0x2E, 0x00, 
  0x90, 0x68, 0x96, 0x00, 0x5A, 0x00, 0xA1, 0x45, 0x5C, 0xF0, 0x00, 0xA2, 0xE8, 0x14, 0x5A, 0x00, 
  0x51, 0x40, 0x5C, 0xF0, 0x00, 0x52, 0xE8, 0x08, 0x5A, 0x00, 0x0E, 0x3B, 0x5A, 0x00, 0x1C, 0x1F, 
  0x5A, 0x08, 0x0B, 0x3F, 0xD5, 0x35, 0x5A, 0x00, 0x85, 0x34, 0x5A, 0x00, 0x8C, 0x32, 0x5A, 0x08, 
  0x5E, 0x38, 0xD5, 0x2E, 0x5A, 0x00, 0xCD, 0x2D, 0x5C, 0xF0, 0x00, 0xCE, 0xE8, 0x08, 0x5A, 0x00, 
  0xC2, 0x28, 0x5A, 0x00, 0xC8, 0x26, 0x5A, 0x00, 0xBF, 0x0A, 0xD5, 0x2A, 0x5A, 0x00, 0xEB, 0x21, 
  0x5A, 0x00, 0xEF, 0x1F, 0x5A, 0x08, 0xE0, 0x25, 0xD5, 0x1B, 0x3E, 0x18, 0x90, 0x68, 0xA6, 0x8B, 
  0xA6, 0x0C, 0x40, 0x00, 0x20, 0x08, 0xFE, 0x17, 0xA6, 0x8D, 0x40, 0x21, 0x40, 0x08, 0xFE, 0x17, 
  0xA6, 0x4E, 0x40, 0x10, 0xE0, 0x08, 0xFE, 0x0F, 0x5A, 0x08, 0x02, 0x0B, 0x84, 0x06, 0x84, 0x21, 
  0x84, 0x40, 0x44, 0x30, 0x00, 0x30, 0x84, 0x80, 0x49, 0xFF, 0xF4, 0x4D, 0xD5, 0x09, 0x84, 0x06, 
  0x84, 0x27, 0x84, 0x40, 0x44, 0x30, 0x07, 0x00, 0x84, 0x80, 0x49, 0xFF, 0xF4, 0x44, 0x46, 0x04, 
  0x00, 0x11, 0x14, 0xA0, 0x00, 0x05, 0x80, 0x07, 0x49, 0xFF, 0xFA, 0x7F, 0x3C, 0x0E, 0x24, 0x0F, 
  0x8C, 0xE4, 0x8E, 0xC4, 0xFD, 0x06, 0x80, 0x4E, 0x80, 0x7C, 0x40, 0x44, 0x00, 0x13, 0x49, 0xFF, 
  0xF4, 0x06, 0x46, 0x04, 0x00, 0x11, 0x04, 0x00, 0x00, 0x09, 0x96, 0x1E, 0xC8, 0xFB, 0xE4, 0xC4, 
  0xE9, 0x0E, 0x80, 0x07, 0x49, 0xFF, 0xFA, 0x69, 0x46, 0x14, 0x00, 0x11, 0xA8, 0x09, 0x84, 0x20, 
  0x46, 0x04, 0x00, 0x30, 0xA8, 0x43, 0x8C, 0xE4, 0x8E, 0xC4, 0xD5, 0xEC, 0x4E, 0x67, 0x00, 0x0F, 
  0x80, 0x07, 0x49, 0xFF, 0xFA, 0x5A, 0x46, 0x14, 0x00, 0x11, 0xA8, 0x09, 0x84, 0x20, 0x46, 0x04, 
  0x00, 0x30, 0xA8, 0x43, 0xB4, 0x1F, 0x88, 0xE0, 0xD5, 0x05, 0xC6, 0x04, 0xB4, 0x1F, 0x8E, 0x04, 
  0x88, 0xE0, 0x84, 0x01, 0x49, 0xFF, 0xF3, 0xA5, 0x46, 0x04, 0x00, 0x11, 0x04, 0x00, 0x00, 0x0B, 
  0xC8, 0xFC, 0x49, 0xFF, 0xF7, 0x37, 0xC8, 0xFE, 0x49, 0xFF, 0xF3, 0x9B, 0x89, 0x48, 0x8D, 0x41, 
  0x8F, 0x21, 0x4E, 0x93, 0x00, 0x3F, 0x4E, 0xB2, 0x00, 0x0B, 0x80, 0xCB, 0x54, 0x05, 0x80, 0x03, 
  0xB6, 0x1F, 0x50, 0x85, 0xFF, 0xFF, 0x85, 0x60, 0x85, 0x21, 0xD5, 0x37, 0x3E, 0x18, 0x90, 0x68, 
  0xA6, 0x8B, 0xA6, 0x0C, 0x40, 0x00, 0x20, 0x08, 0xFE, 0x17, 0xA6, 0x8D, 0x40, 0x21, 0x40, 0x08, 
  0xFE, 0x17, 0xA6, 0x4E, 0x40, 0x10, 0xE0, 0x08, 0xFE, 0x0F, 0x5A, 0x08, 0x02, 0x29, 0x2E, 0x00, 
  0x90, 0x68, 0x96, 0x00, 0x5A, 0x08, 0x1C, 0x24, 0x46, 0x04, 0x00, 0x11, 0x04, 0x00, 0x00, 0x14, 
  0x96, 0x04, 0xC0, 0x0A, 0x44, 0x00, 0x00, 0xFF, 0x84, 0x21, 0x84, 0x40, 0x44, 0x30, 0x00, 0x30, 
  0x84, 0x80, 0x49, 0xFF, 0xF3, 0xC8, 0x44, 0x00, 0x00, 0xFF, 0x84, 0x21, 0x84, 0x40, 0x44, 0x30, 
  0x00, 0x30, 0x84, 0x80, 0x49, 0xFF, 0xF3, 0xBF, 0x84, 0x01, 0x3E, 0x00, 0x90, 0x6F, 0xD5, 0x07, 
  0x44, 0x80, 0x00, 0xFF, 0x44, 0x60, 0x01, 0x00, 0x4E, 0x93, 0xFF, 0x23, 0xF0, 0x01, 0xC8, 0x04, 
  0x84, 0x01, 0x49, 0xFF, 0xF5, 0x7D, 0x49, 0xFF, 0xF8, 0xC9, 0x46, 0x04, 0x00, 0x11, 0x04, 0x00, 
  0x00, 0x0B, 0x96, 0x04, 0xC8, 0xFB, 0xEC, 0x0C, 0x3A, 0x6F, 0xBA, 0x84, 0xDD, 0x9E, 0x3A, 0x6F, 
  0xB0, 0xBC, 0x80, 0xC0, 0x81, 0x01, 0x81, 0x42, 0x46, 0x74, 0x00, 0x11, 0x04, 0x03, 0x80, 0x10, 
  0x54, 0x90, 0x00, 0xFF, 0x49, 0xFF, 0xF8, 0xBA, 0x04, 0x33, 0x80, 0x14, 0x96, 0xDC, 0xC3, 0x03, 
  0x49, 0xFF, 0xF4, 0xBE, 0x5A, 0x60, 0x01, 0x06, 0xC6, 0x14, 0x5A, 0x60, 0x02, 0x0B, 0xD5, 0x53, 
  0x40, 0x84, 0x30, 0x08, 0x44, 0xB0, 0x03, 0x00, 0xFA, 0xE7, 0x44, 0xC0, 0x00, 0x20, 0xD5, 0x0F, 
  0x40, 0x84, 0x40, 0x08, 0x44, 0xB0, 0x03, 0x00, 0xFA, 0xE7, 0x44, 0xC0, 0x00, 0xD8, 0xD5, 0x07, 
  0x44, 0xB0, 0x07, 0x00, 0x84, 0xE0, 0x85, 0x00, 0x44, 0xC0, 0x00, 0xC7, 0xC7, 0x05, 0x46, 0x04, 
  0x00, 0x11, 0x14, 0x80, 0x00, 0x05, 0x2E, 0x00, 0x90, 0x68, 0x84, 0x06, 0x84, 0x27, 0x84, 0x40, 
  0x44, 0x30, 0x07, 0x00, 0x84, 0x80, 0x49, 0xFF, 0xF3, 0x66, 0x80, 0x0C, 0x84, 0x27, 0x80, 0x47, 
  0x80, 0x6B, 0x84, 0x80, 0x49, 0xFF, 0xF3, 0x5F, 0x84, 0x00, 0x49, 0xFF, 0xF2, 0xFA, 0x5A, 0xA8, 
  0x01, 0x03, 0xCE, 0x0A, 0x46, 0x04, 0x00, 0x11, 0x04, 0x00, 0x00, 0x0B, 0xC8, 0xFC, 0x49, 0xFF, 
  0xF6, 0x89, 0xC8, 0xFE, 0xD5, 0x11, 0x44, 0x00, 0x01, 0xF4, 0x49, 0xFF, 0xF2, 0x95, 0x44, 0x00, 
  0x00, 0x75, 0x84, 0x27, 0x84, 0x40, 0x44, 0x30, 0x07, 0x00, 0x84, 0x80, 0x49, 0xFF, 0xF3, 0x43, 
  0xFA, 0x04, 0x49, 0xFF, 0xF2, 0x89, 0x4E, 0x93, 0x00, 0x05, 0x84, 0x01, 0x49, 0xFF, 0xF5, 0x08, 
  0x49, 0xFF, 0xF8, 0x54, 0x3A, 0x6F, 0xB0, 0x84, 0xDD, 0x9E, 0x3A, 0x6F, 0xA0, 0xBC, 0x46, 0x74, 
  0x00, 0x11, 0x04, 0x63, 0x80, 0x10, 0x97, 0xB0, 0x49, 0xFF, 0xF8, 0x50, 0x04, 0x03, 0x80, 0x14, 
  0x96, 0x04, 0xC0, 0x03, 0x49, 0xFF, 0xF4, 0x54, 0x44, 0x00, 0x00, 0x7A, 0x84, 0x27, 0x84, 0x40, 
  0x44, 0x30, 0x07, 0x00, 0x84, 0x80, 0x49, 0xFF, 0xF3, 0x1E, 0x44, 0x00, 0x01, 0xF4, 0x49, 0xFF, 
  0xF2, 0x63, 0x49, 0xFF, 0xF6, 0x4F, 0x5C, 0x70, 0x00, 0x01, 0xCF, 0x0A, 0x44, 0x00, 0x00, 0x75, 
  0x84, 0x27, 0x84, 0x40, 0x44, 0x30, 0x07, 0x00, 0x84, 0x80, 0x49, 0xFF, 0xF3, 0x0C, 0xFA, 0x04, 
  0x49, 0xFF, 0xF2, 0x52, 0xCE, 0x04, 0x84, 0x01, 0x49, 0xFF, 0xF4, 0xD2, 0x49, 0xFF, 0xF8, 0x1E, 
  0x80, 0x07, 0x3A, 0x6F, 0xA0, 0x84, 0xDD, 0x9E, 0x3A, 0x6F, 0xA8, 0xBC, 0xFD, 0x30, 0x54, 0x00, 
  0x0F, 0xFF, 0xC0, 0x04, 0x88, 0xE0, 0x66, 0x63, 0x0F, 0xFF, 0x54, 0x03, 0x8F, 0xFF, 0xC0, 0x05, 
  0x66, 0x73, 0x8F, 0xFF, 0x50, 0x73, 0x90, 0x00, 0x3E, 0x38, 0x90, 0x68, 0x00, 0x11, 0x80, 0x08, 
  0x00, 0x01, 0x80, 0x09, 0x40, 0x00, 0x20, 0x08, 0x40, 0x20, 0x80, 0x04, 0x00, 0x01, 0x80, 0x0A, 
  0x40, 0x00, 0x40, 0x08, 0x40, 0x10, 0x08, 0x04, 0x00, 0x01, 0x80, 0x0B, 0x40, 0x00, 0x60, 0x08, 
  0xFE, 0x0F, 0x98, 0x77, 0xE2, 0x01, 0xE9, 0x49, 0x44, 0x00, 0xFF, 0xFF, 0xE2, 0x07, 0xE8, 0x34, 
  0x2E, 0x00, 0x90, 0x68, 0x96, 0x00, 0x5A, 0x00, 0xBF, 0x30, 0x40, 0xF3, 0x00, 0x13, 0xE8, 0x15, 
  0x44, 0x01, 0x00, 0x00, 0x40, 0x90, 0x3C, 0x01, 0x93, 0x2C, 0x85, 0x00, 0xD5, 0x0C, 0x84, 0x01, 
  0x40, 0x13, 0x30, 0x09, 0x84, 0x40, 0x49, 0xFF, 0xFF, 0x1C, 0x50, 0x73, 0xF0, 0x00, 0x50, 0x63, 
  0x10, 0x00, 0x8D, 0x01, 0xE1, 0x09, 0xE9, 0xF4, 0x44, 0x00, 0xFF, 0xFF, 0xE2, 0x07, 0xE8, 0x14, 
  0x40, 0x93, 0xC0, 0x09, 0x85, 0x00, 0xD5, 0x0E, 0x84, 0x02, 0x40, 0x13, 0x40, 0x09, 0x84, 0x40, 
  0x49, 0xFF, 0xFF, 0x07, 0x44, 0x0F, 0x00, 0x00, 0x88, 0xE0, 0x44, 0x01, 0x00, 0x00, 0x88, 0xC0, 
  0x8D, 0x01, 0xE1, 0x09, 0xE9, 0xF2, 0x40, 0x83, 0xB0, 0x09, 0x84, 0xE0, 0xD5, 0x0A, 0x84, 0x01, 
  0x40, 0x13, 0x30, 0x09, 0x84, 0x40, 0x49, 0xFF, 0xFE, 0xF4, 0x50, 0x63, 0x10, 0x00, 0x8C, 0xE1, 
  0xE0, 0xE8, 0xE9, 0xF6, 0x84, 0x00, 0xD5, 0x03, 0x44, 0x0F, 0xFF, 0x09, 0x3A, 0x6F, 0xA8, 0x84, 
  0xDD, 0x9E, 0x3A, 0x6F, 0xA8, 0xBC, 0xFD, 0x30, 0x81, 0x22, 0x81, 0x03, 0x49, 0xFF, 0xF7, 0xA6, 
  0x84, 0x01, 0x80, 0x26, 0x49, 0xFF, 0xF7, 0xC4, 0x84, 0x01, 0x84, 0x24, 0x49, 0xFF, 0xF2, 0x0C, 
  0x49, 0xFF, 0xF3, 0xA6, 0x84, 0x8A, 0xD5, 0x16, 0x49, 0xFF, 0xF4, 0xB0, 0x2E, 0x40, 0x90, 0x68, 
  0x97, 0x20, 0x5A, 0x40, 0xFF, 0x0C, 0x3E, 0x08, 0x90, 0x68, 0xA6, 0x41, 0xA7, 0x02, 0x40, 0x52, 
  0x20, 0x08, 0xFF, 0x4F, 0x44, 0x00, 0xFF, 0xFF, 0xD8, 0x08, 0x84, 0x01, 0x49, 0xFF, 0xF1, 0xBA, 
  0x80, 0x86, 0x9F, 0xA1, 0x97, 0xB0, 0xCC, 0xE9, 0x2E, 0x00, 0x90, 0x68, 0x96, 0x00, 0x5A, 0x00, 
  0xFF, 0x0C, 0x3E, 0x18, 0x90, 0x68, 0xA6, 0x89, 0xA6, 0x0A, 0x40, 0x50, 0x20, 0x08, 0xFF, 0x57, 
  0x44, 0x10, 0xFF, 0xFF, 0xD9, 0x06, 0x49, 0xFF, 0xF7, 0x69, 0x44, 0x6F, 0xFF, 0x02, 0xD5, 0x24, 
  0x84, 0x06, 0x84, 0x27, 0x84, 0x40, 0x44, 0x30, 0x07, 0x00, 0x84, 0x80, 0x49, 0xFF, 0xF2, 0x43, 
  0x84, 0x04, 0x84, 0x27, 0x84, 0x40, 0x44, 0x30, 0x07, 0x00, 0x84, 0x80, 0x49, 0xFF, 0xF2, 0x3B, 
  0x80, 0x07, 0xFA, 0x24, 0x49, 0xFF, 0xF6, 0xCE, 0x80, 0xC0, 0xC8, 0xFB, 0x80, 0x07, 0x80, 0x29, 
  0x80, 0x48, 0x49, 0xFF, 0xF2, 0x59, 0x49, 0xFF, 0xF7, 0x49, 0x40, 0x00, 0x00, 0x09, 0x40, 0x00, 
  0x00, 0x09, 0x40, 0x00, 0x00, 0x09, 0x80, 0x06, 0x3A, 0x6F, 0xA8, 0x84, 0xDD, 0x9E, 0x3E, 0x08, 
  0x90, 0x68, 0xDD, 0x9E, 0x3A, 0x6F, 0xA0, 0xBC, 0x80, 0xC0, 0x49, 0xFF, 0xF7, 0x3F, 0x9E, 0x31, 
  0x5C, 0x10, 0x00, 0x09, 0xC1, 0x5B, 0x44, 0xF0, 0x1E, 0x50, 0x38, 0x07, 0x82, 0x02, 0xDD, 0x00, 
  0x74, 0x1E, 0x00, 0x00, 0x80, 0x1E, 0x00, 0x00, 0x8E, 0x1E, 0x00, 0x00, 0xB2, 0x1E, 0x00, 0x00, 
  0xBE, 0x1E, 0x00, 0x00, 0xC6, 0x1E, 0x00, 0x00, 0xD4, 0x1E, 0x00, 0x00, 0xDC, 0x1E, 0x00, 0x00, 
  0xE4, 0x1E, 0x00, 0x00, 0x00, 0x0F, 0x80, 0x10, 0x49, 0xFF, 0xF8, 0x4E, 0x80, 0xC0, 0xD5, 0x3F, 
  0xF0, 0x04, 0x00, 0x1F, 0x80, 0x14, 0x49, 0xFF, 0xFA, 0x7F, 0x80, 0xC0, 0xD5, 0x38, 0x04, 0x8F, 
  0x80, 0x04, 0xF7, 0x05, 0x49, 0xFF, 0xF4, 0x2A, 0x80, 0xC0, 0x3E, 0x18, 0x90, 0x68, 0xA6, 0x89, 
  0xA6, 0x0A, 0x40, 0x00, 0x20, 0x08, 0xFE, 0x17, 0x12, 0x04, 0x00, 0x00, 0xA6, 0x08, 0xAE, 0x38, 
  0xD5, 0x26, 0xF6, 0x04, 0x49, 0xFF, 0xF4, 0xA8, 0xB6, 0x06, 0x84, 0xC0, 0xD5, 0x20, 0x49, 0xFF, 
  0xF3, 0x07, 0x84, 0xC0, 0xD5, 0x1C, 0xF0, 0x04, 0x02, 0x1F, 0x80, 0x0A, 0x49, 0xFF, 0xF6, 0x6A, 
  0x80, 0xC0, 0xD5, 0x15, 0x49, 0xFF, 0xF6, 0xB8, 0x84, 0xC0, 0xD5, 0x11, 0x49, 0xFF, 0xF6, 0xD1, 
  0x84, 0xC0, 0xD5, 0x0D, 0x00, 0x0F, 0x80, 0x10, 0x5A, 0x08, 0x01, 0x04, 0x84, 0x02, 0xD5, 0x02, 
  0x84, 0x03, 0x49, 0xFF, 0xF3, 0x8D, 0x80, 0xC0, 0xD5, 0x02, 0x84, 0xC0, 0x49, 0xFF, 0xF6, 0xD6, 
  0x80, 0x06, 0x3A, 0x6F, 0xA0, 0x84, 0xDD, 0x9E, 0x51, 0x40, 0x13, 0x00, 0x00, 0x00, 0x00, 0x00, 
  0x00, 0x00, 0x08, 0x00, 0x00, 0x06, 0x05, 0x04, 0x07, 0x00, 0xC8, 0x40, 0x13, 0x00, 0x00, 0x00, 
  0x00, 0x00, 0x00, 0x00, 0x08, 0x00, 0xC0, 0xE3, 0xE2, 0xE1, 0xE0, 0x00, 0xC8, 0x40, 0x13, 0x00, 
  0x00, 0x00, 0x00, 0x00, 0x00, 0x00, 0x08, 0x00, 0x80, 0x8B, 0x7F, 0x7F, 0x84, 0x00, 0xC8, 0x40, 
  0x12, 0x00, 0x00, 0x00, 0x00, 0x00, 0x00, 0x00, 0x04, 0x00, 0xC0, 0xE2, 0xE1, 0x7F, 0xE0, 0x00, 
  0xC8, 0x40, 0x12, 0x00, 0x00, 0x00, 0x00, 0x00, 0x00, 0x00, 0x04, 0x00, 0x80, 0x8A, 0x7F, 0x7F, 
  0x83, 0x00, 0xC8, 0x40, 0x15, 0x00, 0x00, 0x00, 0x00, 0x01, 0x00, 0x00, 0x20, 0x00, 0xC0, 0xE5, 
  0xE4, 0xE3, 0xE0, 0x00, 0xC8, 0x40, 0x15, 0x00, 0x00, 0x00, 0x00, 0x00, 0x00, 0x00, 0x20, 0x00, 
  0x80, 0x8D, 0x7F, 0x7F, 0x86, 0x00, 0xC8, 0x40, 0x16, 0x00, 0x00, 0x00, 0x00, 0x01, 0x00, 0x00, 
  0x40, 0x00, 0xC0, 0xE6, 0xE5, 0xE4, 0xE0, 0x00, 0xC8, 0x40, 0x16, 0x00, 0x00, 0x00, 0x00, 0x01, 
  0x00, 0x00, 0x40, 0x00, 0xC0, 0xE6, 0xE5, 0xE4, 0xE0, 0x00, 0xC8, 0x40, 0x17, 0x00, 0x00, 0x00, 
  0x00, 0x01, 0x00, 0x00, 0x80, 0x00, 0xC0, 0xE6, 0xE5, 0xE4, 0xE0, 0x00, 0xC8, 0x40, 0x14, 0x00, 
  0x00, 0x00, 0x00, 0x01, 0x00, 0x00, 0x10, 0x00, 0xC0, 0xE4, 0xE3, 0xE2, 0xE0, 0x00, 0xC8, 0x40, 
  0x14, 0x00, 0x00, 0x00, 0x00, 0x00, 0x00, 0x00, 0x10, 0x00, 0x80, 0x8C, 0x7F, 0x7F, 0x85, 0x00, 
  0xC8, 0x40, 0x18, 0x00, 0x00, 0x00, 0x00, 0x01, 0x00, 0x00, 0x00, 0x01, 0xC0, 0xE6, 0xE5, 0xE4, 
  0xE0, 0x00, 0xEF, 0x40, 0x15, 0x00, 0x00, 0x00, 0x00, 0x01, 0x00, 0x00, 0x20, 0x00, 0xC0, 0xE5, 
  0xE4, 0xE3, 0xE0, 0x00, 0xEF, 0x40, 0x13, 0x00, 0x00, 0x00, 0x00, 0x01, 0x00, 0x00, 0x08, 0x00, 
  0xC0, 0xE3, 0xE2, 0xE1, 0xE0, 0x00, 0xEF, 0x40, 0x17, 0x00, 0x00, 0x00, 0x00, 0x01, 0x00, 0x00, 
  0x80, 0x00, 0xC0, 0xE6, 0xE5, 0xE4, 0xE0, 0x00, 0xEF, 0x40, 0x14, 0x00, 0x00, 0x00, 0x00, 0x01, 
  0x00, 0x00, 0x10, 0x00, 0xC0, 0xE4, 0xE3, 0xE2, 0xE0, 0x00, 0x1C, 0x30, 0x14, 0x00, 0x00, 0x00, 
  0x00, 0x01, 0x00, 0x00, 0x10, 0x00, 0x80, 0x7F, 0x86, 0x85, 0x87, 0x00, 0x1C, 0x30, 0x15, 0x00, 
  0x00, 0x00, 0x00, 0x01, 0x00, 0x00, 0x20, 0x00, 0x80, 0x85, 0x84, 0x83, 0x87, 0x00, 0x1C, 0x30, 
  0x18, 0x00, 0x00, 0x00, 0x00, 0x01, 0x00, 0x00, 0x00, 0x01, 0x80, 0x7F, 0x7F, 0x86, 0x87, 0x00, 
  0x1C, 0x30, 0x16, 0x00, 0x00, 0x00, 0x00, 0x01, 0x00, 0x00, 0x40, 0x00, 0x80, 0x86, 0x85, 0x84, 
  0x87, 0x00, 0x1C, 0x30, 0x13, 0x00, 0x00, 0x00, 0x00, 0x01, 0x00, 0x00, 0x08, 0x00, 0x80, 0x86, 
  0x85, 0x84, 0x87, 0x00, 0x1C, 0x30, 0x17, 0x00, 0x00, 0x00, 0x00, 0x01, 0x00, 0x00, 0x80, 0x00, 
  0x80, 0x7F, 0x86, 0x85, 0x87, 0x00, 0x1C, 0x70, 0x15, 0x00, 0x00, 0x00, 0x00, 0x01, 0x00, 0x00, 
  0x20, 0x00, 0x88, 0x8D, 0x7F, 0x7F, 0x8F, 0x00, 0x1C, 0x70, 0x16, 0x00, 0x00, 0x00, 0x00, 0x01, 
  0x00, 0x00, 0x40, 0x00, 0x88, 0x8E, 0x7F, 0x7F, 0x8F, 0x00, 0xE0, 0x40, 0x15, 0x00, 0x00, 0x00, 
  0x00, 0x00, 0x00, 0x00, 0x20, 0x00, 0xC0, 0xE5, 0xE4, 0xE3, 0xE0, 0x00, 0xE0, 0x40, 0x13, 0x00, 
  0x00, 0x00, 0x00, 0x00, 0x00, 0x00, 0x08, 0x00, 0xC0, 0xE3, 0xE2, 0xE1, 0xE0, 0x00, 0xE0, 0x40, 
  0x14, 0x00, 0x00, 0x00, 0x00, 0x00, 0x00, 0x00, 0x10, 0x00, 0xC0, 0xE4, 0xE3, 0xE2, 0xE0, 0x00, 
  0x85, 0x60, 0x14, 0x00, 0x00, 0x00, 0x00, 0x00, 0x00, 0x00, 0x10, 0x00, 0xC0, 0xE4, 0xE3, 0xE2, 
  0xE0, 0x00, 0x85, 0x60, 0x15, 0x00, 0x00, 0x00, 0x00, 0x00, 0x00, 0x00, 0x20, 0x00, 0xC0, 0xE5, 
  0xE4, 0xE3, 0xE0, 0x00, 0x85, 0x60, 0x13, 0x00, 0x00, 0x00, 0x00, 0x00, 0x00, 0x00, 0x08, 0x00, 
  0xC0, 0xE3, 0xE2, 0xE1, 0xE0, 0x00, 0x85, 0x60, 0x16, 0x00, 0x00, 0x00, 0x00, 0x00, 0x00, 0x00, 
  0x40, 0x00, 0xC0, 0xE6, 0xE5, 0xE4, 0xE0, 0x00, 0x85, 0x60, 0x17, 0x00, 0x00, 0x00, 0x00, 0x00, 
  0x00, 0x00, 0x80, 0x00, 0xC0, 0xE6, 0xE5, 0xE4, 0xE0, 0x00, 0xA1, 0x40, 0x15, 0x00, 0x00, 0x00, 
  0x00, 0x01, 0x00, 0x00, 0x20, 0x00, 0xC0, 0xE5, 0xE4, 0xE3, 0xE0, 0x00, 0xA1, 0x40, 0x14, 0x00, 
  0x00, 0x00, 0x00, 0x00, 0x00, 0x00, 0x10, 0x00, 0xC0, 0xE4, 0xE3, 0xE2, 0xE0, 0x00, 0xA1, 0x40, 
  0x13, 0x00, 0x00, 0x00, 0x00, 0x00, 0x00, 0x00, 0x08, 0x00, 0xC0, 0xE3, 0xE2, 0xE1, 0xE0, 0x00, 
  0xA1, 0x28, 0x13, 0x00, 0x00, 0x00, 0x00, 0x01, 0x00, 0x00, 0x08, 0x00, 0xC0, 0xE3, 0xE2, 0xE1, 
  0xE0, 0x00, 0xA1, 0x40, 0x17, 0x00, 0x00, 0x00, 0x00, 0x01, 0x00, 0x00, 0x80, 0x00, 0xC0, 0xE6, 
  0xE5, 0xE4, 0xE0, 0x00, 0xA1, 0x28, 0x16, 0x00, 0x00, 0x00, 0x00, 0x01, 0x00, 0x00, 0x40, 0x00, 
  0xC0, 0xE6, 0xE5, 0xE4, 0xE0, 0x00, 0x0B, 0x40, 0x14, 0x00, 0x00, 0x00, 0x00, 0x01, 0x00, 0x00, 
  0x10, 0x00, 0xC0, 0xE4, 0x7F, 0x7F, 0xE7, 0x00, 0xEB, 0x60, 0x14, 0x00, 0x00, 0x00, 0x00, 0x01, 
  0x00, 0x00, 0x10, 0x00, 0xC0, 0xE4, 0xE3, 0xE2, 0xE0, 0x00, 0xEB, 0x60, 0x15, 0x00, 0x00, 0x00, 
  0x00, 0x01, 0x00, 0x00, 0x20, 0x00, 0xC0, 0xE5, 0xE4, 0xE3, 0xE0, 0x00, 0xCD, 0x60, 0x14, 0x00, 
  0x00, 0x00, 0x00, 0x01, 0x00, 0x00, 0x10, 0x00, 0xC0, 0xE4, 0xE3, 0xE2, 0xE0, 0x00, 0x5E, 0x40, 
  0x16, 0x00, 0x00, 0x00, 0x00, 0x01, 0x00, 0x00, 0x40, 0x00, 0xC0, 0xE6, 0xE5, 0xE4, 0xE0, 0x00, 
  0xE4, 0x5F, 0x00, 0x00, 0x68, 0x3A, 0x00, 0x00, 0x68, 0x3A, 0x00, 0x00, 0x68, 0x3A, 0x00, 0x00, 
  0x68, 0x3A, 0x00, 0x00, 0x68, 0x3A, 0x00, 0x00, 0x68, 0x3A, 0x00, 0x00, 0x8E, 0x2E, 0x00, 0x00, 
  0x68, 0x3A, 0x00, 0x00, 0xD4, 0x28, 0x00, 0x00, 0x54, 0x29, 0x00, 0x00, 0xEE, 0x29, 0x00, 0x00, 
  0x88, 0x2A, 0x00, 0x00, 0x22, 0x2B, 0x00, 0x00, 0xBC, 0x2B, 0x00, 0x00, 0x56, 0x2C, 0x00, 0x00, 
  0xF0, 0x2C, 0x00, 0x00, 0x8A, 0x2D, 0x00, 0x00, 0x14, 0x2F, 0x00, 0x00, 0x68, 0x3A, 0x00, 0x00, 
  0x68, 0x3A, 0x00, 0x00, 0x68, 0x3A, 0x00, 0x00, 0x68, 0x3A, 0x00, 0x00, 0x68, 0x3A, 0x00, 0x00, 
  0x68, 0x3A, 0x00, 0x00, 0x68, 0x3A, 0x00, 0x00, 0x68, 0x3A, 0x00, 0x00, 0xA0, 0x5B, 0x00, 0x00, 
  0x68, 0x3A, 0x00, 0x00, 0x68, 0x3A, 0x00, 0x00, 0x68, 0x3A, 0x00, 0x00, 0x68, 0x3A, 0x00, 0x00, 
  0x3B, 0xFF, 0xFC, 0xFC, 0x3A, 0x0F, 0xD0, 0x3C, 0x80, 0x1F, 0x84, 0x21, 0x48, 0x00, 0x0B, 0xEC, 
  0x3B, 0xFF, 0xFC, 0xFC, 0x3A, 0x0F, 0xD0, 0x3C, 0x80, 0x1F, 0x84, 0x22, 0x48, 0x00, 0x0B, 0xE4, 
  0x3B, 0xFF, 0xFC, 0xFC, 0x3A, 0x0F, 0xD0, 0x3C, 0x80, 0x1F, 0x84, 0x23, 0x48, 0x00, 0x0B, 0xDC, 
  0x3B, 0xFF, 0xFC, 0xFC, 0x3A, 0x0F, 0xD0, 0x3C, 0x80, 0x1F, 0x84, 0x24, 0x48, 0x00, 0x0B, 0xD4, 
  0x3B, 0xFF, 0xFC, 0xFC, 0x3A, 0x0F, 0xD0, 0x3C, 0x80, 0x1F, 0x84, 0x25, 0x48, 0x00, 0x0B, 0xCC, 
  0x3B, 0xFF, 0xFC, 0xFC, 0x3A, 0x0F, 0xD0, 0x3C, 0x80, 0x1F, 0x84, 0x26, 0x48, 0x00, 0x0B, 0xC4, 
  0x3B, 0xFF, 0xFC, 0xFC, 0x3A, 0x0F, 0xD0, 0x3C, 0x80, 0x1F, 0x84, 0x27, 0x48, 0x00, 0x0B, 0xBC, 
  0x3B, 0xFF, 0xFC, 0xFC, 0x3A, 0x0F, 0xD0, 0x3C, 0x80, 0x1F, 0x84, 0x28, 0x48, 0x00, 0x0B, 0xB4, 
  0x3A, 0x0F, 0x84, 0x3C, 0x64, 0x12, 0x04, 0x02, 0x54, 0x10, 0x80, 0xC0, 0x64, 0x02, 0x00, 0x02, 
  0x98, 0x01, 0x64, 0x02, 0x00, 0x03, 0x64, 0x00, 0x00, 0x09, 0x3A, 0x0F, 0x84, 0x04, 0x3A, 0x1F, 
  0x94, 0x3C, 0x3A, 0xFF, 0xEF, 0xBC, 0x42, 0x2E, 0x80, 0x20, 0x3A, 0x2F, 0x88, 0x3C, 0x64, 0x12, 
  0xA4, 0x02, 0x64, 0x22, 0x04, 0x02, 0x3A, 0x1F, 0x88, 0x3C, 0x64, 0x12, 0x00, 0x02, 0x9E, 0x49, 
  0x64, 0x12, 0x00, 0x03, 0x80, 0x5F, 0xEF, 0xFC, 0x43, 0xFF, 0x88, 0x09, 0xB6, 0x5F, 0xEF, 0xF8, 
  0x36, 0xFF, 0x9F, 0xFE, 0x36, 0xEF, 0x9F, 0xFE, 0x36, 0xDF, 0x9F, 0xFE, 0x36, 0xCF, 0x9F, 0xFE, 
  0x36, 0xBF, 0x9F, 0xFE, 0x36, 0x2F, 0x9F, 0xFE, 0x36, 0x1F, 0x9F, 0xFE, 0x36, 0x0F, 0x80, 0x00, 
  0x44, 0x10, 0x22, 0x20, 0x38, 0x10, 0x82, 0x02, 0xDD, 0x21, 0x34, 0x0F, 0x90, 0x02, 0x34, 0x1F, 
  0x90, 0x02, 0x34, 0x2F, 0x90, 0x02, 0x34, 0xBF, 0x90, 0x02, 0x34, 0xCF, 0x90, 0x02, 0x34, 0xDF, 
  0x90, 0x02, 0x34, 0xEF, 0x90, 0x02, 0x34, 0xFF, 0x90, 0x02, 0x05, 0xFF, 0x80, 0x00, 0x3A, 0x0F, 
  0x84, 0x04, 0x64, 0x02, 0x00, 0x43, 0x64, 0x00, 0x00, 0x08, 0x64, 0x02, 0xA4, 0x03, 0x64, 0x12, 
  0x04, 0x03, 0x3A, 0x2F, 0x88, 0x04, 0x42, 0x2E, 0x80, 0x21, 0x3A, 0xFF, 0xEF, 0x84, 0x3A, 0x1F, 
  0x94, 0x04, 0x3A, 0x0F, 0x80, 0x04, 0x64, 0x00, 0x00, 0x04, 0x3A, 0x0F, 0x80, 0x3C, 0x84, 0x00, 
  0x48, 0xFF, 0xFF, 0x98, 0x3A, 0x0F, 0x80, 0x3C, 0x84, 0x01, 0x48, 0xFF, 0xFF, 0x93, 0x3A, 0x0F, 
  0x80, 0x3C, 0x84, 0x02, 0x48, 0xFF, 0xFF, 0x8E, 0x3A, 0x0F, 0x80, 0x3C, 0x84, 0x03, 0x48, 0xFF, 
  0xFF, 0x89, 0x3A, 0x0F, 0x80, 0x3C, 0x84, 0x04, 0x48, 0xFF, 0xFF, 0x84, 0x3A, 0x0F, 0x84, 0x3C, 
  0x3A, 0x0F, 0x84, 0x3C, 0x64, 0x12, 0x04, 0x02, 0x54, 0x10, 0x80, 0xC0, 0x64, 0x02, 0x00, 0x02, 
  0x98, 0x01, 0x64, 0x02, 0x00, 0x03, 0x64, 0x00, 0x00, 0x09, 0x3A, 0x0F, 0x84, 0x04, 0x48, 0x00, 
  0x0B, 0x15, 0x3A, 0x0F, 0x80, 0x3C, 0x84, 0x06, 0x48, 0xFF, 0xFF, 0x6C, 0x3A, 0x0F, 0x80, 0x3C, 
  0x84, 0x07, 0x48, 0xFF, 0xFF, 0x67, 0x3A, 0x0F, 0x80, 0x3C, 0x84, 0x08, 0x48, 0xFF, 0xFF, 0x62, 
  0x3A, 0x0F, 0x80, 0x3C, 0x84, 0x09, 0x48, 0xFF, 0xFF, 0x5D, 0x3A, 0x0F, 0x80, 0x3C, 0x84, 0x0A, 
  0x48, 0xFF, 0xFF, 0x58, 0x3A, 0x0F, 0x80, 0x3C, 0x84, 0x0B, 0x48, 0xFF, 0xFF, 0x53, 0x3A, 0x0F, 
  0x80, 0x3C, 0x84, 0x0C, 0x48, 0xFF, 0xFF, 0x4E, 0x3A, 0x0F, 0x80, 0x3C, 0x84, 0x0D, 0x48, 0xFF, 
  0xFF, 0x49, 0x3A, 0x0F, 0x80, 0x3C, 0x84, 0x0E, 0x48, 0xFF, 0xFF, 0x44, 0x3A, 0x0F, 0x80, 0x3C, 
  0x84, 0x0F, 0x48, 0xFF, 0xFF, 0x3F, 0x3A, 0x0F, 0x80, 0x3C, 0xFA, 0x00, 0x48, 0xFF, 0xFF, 0x3A, 
  0x3A, 0x0F, 0x80, 0x3C, 0xFA, 0x01, 0x48, 0xFF, 0xFF, 0x35, 0x3A, 0x0F, 0x80, 0x3C, 0xFA, 0x02, 
  0x48, 0xFF, 0xFF, 0x30, 0x3A, 0x0F, 0x80, 0x3C, 0xFA, 0x03, 0x48, 0xFF, 0xFF, 0x2B, 0x3A, 0x0F, 
  0x80, 0x3C, 0xFA, 0x04, 0x48, 0xFF, 0xFF, 0x26, 0x3A, 0x0F, 0x80, 0x3C, 0xFA, 0x05, 0x48, 0xFF, 
  0xFF, 0x21, 0x3A, 0x0F, 0x80, 0x3C, 0xFA, 0x06, 0x48, 0xFF, 0xFF, 0x1C, 0x3A, 0x0F, 0x80, 0x3C, 
  0xFA, 0x07, 0x48, 0xFF, 0xFF, 0x17, 0x3A, 0x0F, 0x80, 0x3C, 0xFA, 0x08, 0x48, 0xFF, 0xFF, 0x12, 
  0x3A, 0x0F, 0x80, 0x3C, 0xFA, 0x09, 0x48, 0xFF, 0xFF, 0x0D, 0x3A, 0x0F, 0x80, 0x3C, 0xFA, 0x0A, 
  0x48, 0xFF, 0xFF, 0x08, 0x3A, 0x0F, 0x80, 0x3C, 0xFA, 0x0B, 0x48, 0xFF, 0xFF, 0x03, 0x3A, 0x0F, 
  0x80, 0x3C, 0xFA, 0x0C, 0x48, 0xFF, 0xFE, 0xFE, 0x3A, 0x0F, 0x80, 0x3C, 0xFA, 0x0D, 0x48, 0xFF, 
  0xFE, 0xF9, 0x3A, 0x0F, 0x80, 0x3C, 0xFA, 0x0E, 0x48, 0xFF, 0xFE, 0xF4, 0x3A, 0x0F, 0x80, 0x3C, 
  0xFA, 0x0F, 0x48, 0xFF, 0xFE, 0xEF, 0x92, 0x00, 0xC0, 0x1E, 0x3A, 0x6F, 0x98, 0xBC, 0x80, 0xC0, 
  0x49, 0x00, 0x00, 0x91, 0x94, 0x01, 0x46, 0x16, 0xB5, 0xFC, 0x50, 0x10, 0x8A, 0x6B, 0x42, 0x20, 
  0x04, 0xB8, 0x90, 0x1F, 0xFE, 0x46, 0x88, 0x41, 0x40, 0x01, 0x5C, 0x09, 0xFE, 0x34, 0x5C, 0x10, 
  0x00, 0x5C, 0xC9, 0x03, 0x50, 0x00, 0x7F, 0xA6, 0x50, 0x00, 0x7F, 0xFF, 0x4E, 0x06, 0xFF, 0xFE, 
  0x3A, 0x6F, 0x98, 0x84, 0xDD, 0x9E, 0x3A, 0x6F, 0xA8, 0xBC, 0x80, 0xE0, 0x64, 0x92, 0x00, 0x02, 
  0x54, 0x94, 0x80, 0x01, 0x64, 0x02, 0x00, 0x43, 0x64, 0x00, 0x00, 0x08, 0x64, 0x00, 0x00, 0x08, 
  0x3C, 0x1D, 0xDC, 0x09, 0xB4, 0x41, 0x3C, 0x0D, 0xDC, 0x08, 0x40, 0x01, 0x00, 0x12, 0xB6, 0x01, 
  0x3C, 0x0D, 0xDC, 0x07, 0x49, 0xFF, 0xFF, 0xCA, 0x85, 0x00, 0x84, 0xC0, 0xD5, 0x1D, 0x96, 0x3C, 
  0xC0, 0x0C, 0x3C, 0x1D, 0xDC, 0x09, 0xB4, 0x41, 0x3C, 0x0D, 0xDC, 0x08, 0xFE, 0x17, 0xB6, 0x01, 
  0x8D, 0x01, 0x54, 0x84, 0x00, 0xFF, 0xD5, 0x09, 0x3C, 0x1D, 0xDC, 0x09, 0xB4, 0x41, 0x3C, 0x0D, 
  0xDC, 0x08, 0x40, 0x01, 0x00, 0x12, 0xB6, 0x01, 0x3C, 0x0D, 0xDC, 0x07, 0x49, 0xFF, 0xFF, 0xAE, 
  0x92, 0xE1, 0x8C, 0xC1, 0x97, 0xB0, 0xE6, 0xC8, 0xE9, 0xE3, 0x54, 0xF4, 0x00, 0x01, 0xE8, 0x09, 
  0x3C, 0x1D, 0xDC, 0x09, 0xB4, 0x41, 0x3C, 0x0D, 0xDC, 0x08, 0xFE, 0x17, 0xB6, 0x01, 0xD5, 0x09, 
  0x3C, 0x1D, 0xDC, 0x09, 0xB4, 0x41, 0x3C, 0x0D, 0xDC, 0x08, 0x40, 0x01, 0x00, 0x12, 0xB6, 0x01, 
  0x3C, 0x0D, 0xDC, 0x07, 0x49, 0xFF, 0xFF, 0x92, 0x3C, 0x1D, 0xDC, 0x09, 0xB4, 0x41, 0x3C, 0x0D, 
  0xDC, 0x08, 0xFE, 0x17, 0xB6, 0x01, 0x3C, 0x0D, 0xDC, 0x07, 0x49, 0xFF, 0xFF, 0x87, 0x4E, 0x92, 
  0x00, 0x06, 0x64, 0x12, 0x00, 0x43, 0x64, 0x00, 0x00, 0x08, 0x3A, 0x6F, 0xA8, 0x84, 0xDD, 0x9E, 
  0x46, 0x04, 0x00, 0x21, 0x04, 0x00, 0x00, 0x0A, 0x42, 0x00, 0x04, 0x0B, 0xC0, 0x06, 0x46, 0x04, 
  0x00, 0x21, 0xA0, 0x02, 0x8C, 0x01, 0xDD, 0x9E, 0x84, 0x01, 0xDD, 0x9E, 0x3C, 0x0D, 0xDB, 0xE5, 
  0xDD, 0x9E, 0x3B, 0xFF, 0xFC, 0xBC, 0xEF, 0xF4, 0x46, 0x04, 0x00, 0x21, 0x50, 0x00, 0x00, 0x28, 
  0xB4, 0x00, 0x96, 0x04, 0x96, 0x00, 0x5A, 0x08, 0x01, 0x07, 0x49, 0xFF, 0xFF, 0xF1, 0x92, 0x02, 
  0xF0, 0x81, 0xD5, 0x06, 0x84, 0x00, 0x49, 0x00, 0x10, 0xA8, 0x92, 0x01, 0xF0, 0x81, 0x49, 0xFF, 
  0xFF, 0xD9, 0x80, 0x20, 0xF0, 0x01, 0x40, 0x00, 0x04, 0x37, 0xEC, 0x0C, 0x3B, 0xFF, 0xFC, 0x84, 
  0xDD, 0x9E, 0x3B, 0xFF, 0xFC, 0xBC, 0xEF, 0xFC, 0x44, 0x20, 0x01, 0x00, 0x40, 0x11, 0x00, 0x06, 
  0x40, 0x01, 0x04, 0x1B, 0x5C, 0x10, 0x00, 0x02, 0xC1, 0x0A, 0x46, 0x14, 0x00, 0x21, 0x02, 0x00, 
  0x80, 0x14, 0x66, 0x00, 0x00, 0x02, 0x12, 0x00, 0x80, 0x14, 0xD5, 0x0B, 0x8E, 0x01, 0x46, 0x14, 
  0x00, 0x21, 0xA8, 0x0A, 0x02, 0x00, 0x80, 0x14, 0x58, 0x00, 0x00, 0x02, 0x12, 0x00, 0x80, 0x14, 
  0x49, 0xFF, 0xFF, 0xC1, 0x94, 0x01, 0x46, 0x2A, 0xAA, 0xAA, 0x50, 0x21, 0x0A, 0xAB, 0x42, 0x10, 
  0x08, 0xB8, 0x40, 0x30, 0x7C, 0x0A, 0xFE, 0x9E, 0x88, 0x22, 0x88, 0x20, 0x84, 0x01, 0x92, 0x21, 
  0x49, 0xFF, 0xF2, 0xF6, 0xEC, 0x04, 0x3B, 0xFF, 0xFC, 0x84, 0xDD, 0x9E, 0x3B, 0xFF, 0xFC, 0xBC, 
  0xEF, 0xF4, 0x46, 0x04, 0x00, 0x21, 0x50, 0x00, 0x00, 0x28, 0xB4, 0x00, 0x96, 0x04, 0x96, 0x00, 
  0x5A, 0x08, 0x01, 0x07, 0x49, 0xFF, 0xFF, 0x9C, 0x92, 0x01, 0xF0, 0x81, 0xD5, 0x05, 0x84, 0x00, 
  0x49, 0x00, 0x10, 0x53, 0xF0, 0x81, 0x49, 0xFF, 0xFF, 0x85, 0x80, 0x20, 0xF0, 0x01, 0x40, 0x00, 
  0x04, 0x37, 0xEC, 0x0C, 0x3B, 0xFF, 0xFC, 0x84, 0xDD, 0x9E, 0x46, 0x34, 0x00, 0x10, 0x38, 0x21, 
  0x82, 0x02, 0xFE, 0x57, 0x38, 0x11, 0x82, 0x0A, 0xDD, 0x9E, 0x46, 0x34, 0x00, 0x10, 0x38, 0x21, 
  0x82, 0x02, 0x40, 0x11, 0x04, 0x12, 0x38, 0x11, 0x82, 0x0A, 0xDD, 0x9E, 0x46, 0x34, 0x00, 0x10, 
  0x38, 0x21, 0x82, 0x02, 0xFE, 0x57, 0x38, 0x11, 0x82, 0x0A, 0xDD, 0x9E, 0x46, 0x34, 0x00, 0x10, 
  0x38, 0x21, 0x82, 0x02, 0x40, 0x11, 0x04, 0x12, 0x38, 0x11, 0x82, 0x0A, 0xDD, 0x9E, 0x00, 0x00, 
  0xC0, 0x1E, 0x3A, 0x6F, 0x98, 0xBC, 0x80, 0xC0, 0x49, 0xFF, 0xFF, 0x65, 0x94, 0x01, 0x46, 0x14, 
  0x31, 0xBD, 0x50, 0x10, 0x8E, 0x83, 0x42, 0x20, 0x04, 0xB8, 0x90, 0x1F, 0xFE, 0x46, 0x88, 0x41, 
  0x40, 0x01, 0x4C, 0x09, 0xFE, 0x34, 0x5C, 0x10, 0x00, 0x5C, 0xC9, 0x03, 0x50, 0x00, 0x7F, 0xA6, 
  0x50, 0x00, 0x7F, 0xFF, 0x4E, 0x06, 0xFF, 0xFE, 0x3A, 0x6F, 0x98, 0x84, 0xDD, 0x9E, 0xC0, 0x1F, 
  0x3A, 0x6F, 0x98, 0xBC, 0x80, 0xC0, 0x49, 0xFF, 0xFF, 0x46, 0x94, 0x01, 0x46, 0x11, 0x06, 0x24, 
  0x50, 0x10, 0x8D, 0xD3, 0x42, 0x20, 0x04, 0xB8, 0x90, 0x1F, 0xFE, 0x46, 0x88, 0x41, 0x40, 0x01, 
  0x1C, 0x09, 0xFE, 0x34, 0x5C, 0x10, 0x00, 0x5C, 0x4E, 0x13, 0x00, 0x04, 0x50, 0x00, 0x7F, 0xA6, 
  0x50, 0x00, 0x7F, 0xFF, 0x4E, 0x06, 0xFF, 0xFE, 0x3A, 0x6F, 0x98, 0x84, 0xDD, 0x9E, 0x92, 0x00, 
  0xE6, 0x06, 0xE8, 0x26, 0x44, 0xF0, 0x28, 0x30, 0x38, 0x07, 0x82, 0x02, 0x4A, 0x00, 0x00, 0x00, 
  0x48, 0x28, 0x00, 0x00, 0x72, 0x28, 0x00, 0x00, 0x4E, 0x28, 0x00, 0x00, 0x54, 0x28, 0x00, 0x00, 
  0x5E, 0x28, 0x00, 0x00, 0x64, 0x28, 0x00, 0x00, 0x46, 0x04, 0x00, 0x2B, 0xD5, 0x17, 0x46, 0x04, 
  0x00, 0x2F, 0xD5, 0x14, 0x46, 0x04, 0x00, 0x2F, 0x50, 0x00, 0x08, 0x00, 0xD5, 0x0F, 0x46, 0x04, 
  0x00, 0x2C, 0xD5, 0x0C, 0x46, 0x04, 0x00, 0x2C, 0x50, 0x00, 0x08, 0x00, 0xD5, 0x07, 0x84, 0x00, 
  0xD5, 0x05, 0x46, 0x04, 0x00, 0x2B, 0x50, 0x00, 0x08, 0x00, 0xC0, 0x27, 0x5A, 0x10, 0x02, 0x1A, 
  0xE6, 0x23, 0xE8, 0x04, 0x5A, 0x10, 0x01, 0x0A, 0xD5, 0x23, 0x5A, 0x10, 0x40, 0x0D, 0x44, 0x20, 
  0x04, 0x00, 0x4C, 0x11, 0x00, 0x15, 0xD5, 0x1C, 0xB4, 0x20, 0x58, 0x10, 0xA0, 0x00, 0xB6, 0x20, 
  0x84, 0x00, 0xDD, 0x9E, 0xB4, 0x20, 0x42, 0x10, 0xD0, 0x08, 0xB6, 0x20, 0x84, 0x00, 0xDD, 0x9E, 
  0xB4, 0x20, 0x42, 0x10, 0xBC, 0x08, 0xB6, 0x20, 0x84, 0x00, 0xDD, 0x9E, 0xB4, 0x20, 0x42, 0x10, 
  0xC0, 0x08, 0xB6, 0x20, 0x84, 0x00, 0xDD, 0x9E, 0x44, 0x0F, 0xFF, 0x80, 0xDD, 0x9E, 0x84, 0x00, 
  0xDD, 0x9E, 0x92, 0x00, 0x3A, 0x6F, 0x98, 0xBC, 0x46, 0x04, 0x00, 0x08, 0xB4, 0x00, 0x42, 0x00, 
  0x48, 0x0B, 0xC0, 0x0A, 0x46, 0x04, 0x00, 0x08, 0xA0, 0x07, 0x96, 0x04, 0xC0, 0x05, 0x3C, 0x0D, 
  0xDB, 0xF8, 0xC0, 0x02, 0xDD, 0x20, 0x46, 0x04, 0x00, 0x08, 0xB4, 0x00, 0x42, 0x00, 0x4C, 0x0B, 
  0xC0, 0x17, 0x46, 0x04, 0x00, 0x08, 0xA0, 0x07, 0x42, 0x00, 0x04, 0x0B, 0xC0, 0x11, 0x3C, 0x0D, 
  0xDB, 0xEF, 0xC0, 0x0E, 0x46, 0x64, 0x00, 0x08, 0xB4, 0x06, 0x42, 0x00, 0x4C, 0x09, 0xB6, 0x06, 
  0x3C, 0x0D, 0xDB, 0xEF, 0xDD, 0x20, 0xB4, 0x06, 0x42, 0x00, 0x4C, 0x08, 0xB6, 0x06, 0x46, 0x04, 
  0x00, 0x08, 0xB4, 0x00, 0x42, 0x00, 0x50, 0x0B, 0xC0, 0x0B, 0x46, 0x04, 0x00, 0x08, 0xA0, 0x07, 
  0x42, 0x00, 0x08, 0x0B, 0xC0, 0x05, 0x3C, 0x0D, 0xDB, 0xE6, 0xC0, 0x02, 0xDD, 0x20, 0x3A, 0x6F, 
  0x98, 0x84, 0xDD, 0x9E, 0x3A, 0x6F, 0x98, 0xBC, 0x46, 0x04, 0x00, 0x08, 0x04, 0x00, 0x00, 0x08, 
  0x42, 0x00, 0x48, 0x0B, 0xC0, 0x0C, 0x46, 0x04, 0x00, 0x08, 0x50, 0x00, 0x00, 0x20, 0xA0, 0x07, 
  0x96, 0x04, 0xC0, 0x05, 0x3C, 0x0D, 0xDB, 0xF9, 0xC0, 0x02, 0xDD, 0x20, 0x46, 0x04, 0x00, 0x08, 
  0x04, 0x00, 0x00, 0x08, 0x42, 0x00, 0x4C, 0x0B, 0xC0, 0x1D, 0x46, 0x04, 0x00, 0x08, 0x50, 0x00, 
  0x00, 0x20, 0xA0, 0x07, 0x42, 0x00, 0x04, 0x0B, 0xC0, 0x15, 0x3C, 0x0D, 0xDB, 0xF0, 0xC0, 0x12, 
  0x46, 0x64, 0x00, 0x08, 0x04, 0x03, 0x00, 0x08, 0x42, 0x00, 0x4C, 0x09, 0x14, 0x03, 0x00, 0x08, 
  0x3C, 0x0D, 0xDB, 0xF0, 0xDD, 0x20, 0x04, 0x03, 0x00, 0x08, 0x42, 0x00, 0x4C, 0x08, 0x14, 0x03, 
  0x00, 0x08, 0x46, 0x04, 0x00, 0x08, 0x04, 0x00, 0x00, 0x08, 0x42, 0x00, 0x50, 0x0B, 0xC0, 0x0D, 
  0x46, 0x04, 0x00, 0x08, 0x50, 0x00, 0x00, 0x20, 0xA0, 0x07, 0x42, 0x00, 0x08, 0x0B, 0xC0, 0x05, 
  0x3C, 0x0D, 0xDB, 0xE7, 0xC0, 0x02, 0xDD, 0x20, 0x3A, 0x6F, 0x98, 0x84, 0xDD, 0x9E, 0x3A, 0x6F, 
  0x98, 0xBC, 0x46, 0x04, 0x00, 0x08, 0x04, 0x00, 0x00, 0x10, 0x42, 0x00, 0x48, 0x0B, 0xC0, 0x0C, 
  0x46, 0x04, 0x00, 0x08, 0x50, 0x00, 0x00, 0x40, 0xA0, 0x07, 0x96, 0x04, 0xC0, 0x05, 0x3C, 0x0D, 
  0xDB, 0xFA, 0xC0, 0x02, 0xDD, 0x20, 0x46, 0x04, 0x00, 0x08, 0x04, 0x00, 0x00, 0x10, 0x42, 0x00, 
  0x4C, 0x0B, 0xC0, 0x1D, 0x46, 0x04, 0x00, 0x08, 0x50, 0x00, 0x00, 0x40, 0xA0, 0x07, 0x42, 0x00, 
  0x04, 0x0B, 0xC0, 0x15, 0x3C, 0x0D, 0xDB, 0xF1, 0xC0, 0x12, 0x46, 0x64, 0x00, 0x08, 0x04, 0x03, 
  0x00, 0x10, 0x42, 0x00, 0x4C, 0x09, 0x14, 0x03, 0x00, 0x10, 0x3C, 0x0D, 0xDB, 0xF1, 0xDD, 0x20, 
  0x04, 0x03, 0x00, 0x10, 0x42, 0x00, 0x4C, 0x08, 0x14, 0x03, 0x00, 0x10, 0x46, 0x04, 0x00, 0x08, 
  0x04, 0x00, 0x00, 0x10, 0x42, 0x00, 0x50, 0x0B, 0xC0, 0x0D, 0x46, 0x04, 0x00, 0x08, 0x50, 0x00, 
  0x00, 0x40, 0xA0, 0x07, 0x42, 0x00, 0x08, 0x0B, 0xC0, 0x05, 0x3C, 0x0D, 0xDB, 0xE8, 0xC0, 0x02, 
  0xDD, 0x20, 0x3A, 0x6F, 0x98, 0x84, 0xDD, 0x9E, 0x3A, 0x6F, 0x98, 0xBC, 0x46, 0x04, 0x00, 0x08, 
  0x04, 0x00, 0x00, 0x18, 0x42, 0x00, 0x48, 0x0B, 0xC0, 0x0C, 0x46, 0x04, 0x00, 0x08, 0x50, 0x00, 
  0x00, 0x60, 0xA0, 0x07, 0x96, 0x04, 0xC0, 0x05, 0x3C, 0x0D, 0xDB, 0xFB, 0xC0, 0x02, 0xDD, 0x20, 
  0x46, 0x04, 0x00, 0x08, 0x04, 0x00, 0x00, 0x18, 0x42, 0x00, 0x4C, 0x0B, 0xC0, 0x1D, 0x46, 0x04, 
  0x00, 0x08, 0x50, 0x00, 0x00, 0x60, 0xA0, 0x07, 0x42, 0x00, 0x04, 0x0B, 0xC0, 0x15, 0x3C, 0x0D, 
  0xDB, 0xF2, 0xC0, 0x12, 0x46, 0x64, 0x00, 0x08, 0x04, 0x03, 0x00, 0x18, 0x42, 0x00, 0x4C, 0x09, 
  0x14, 0x03, 0x00, 0x18, 0x3C, 0x0D, 0xDB, 0xF2, 0xDD, 0x20, 0x04, 0x03, 0x00, 0x18, 0x42, 0x00, 
  0x4C, 0x08, 0x14, 0x03, 0x00, 0x18, 0x46, 0x04, 0x00, 0x08, 0x04, 0x00, 0x00, 0x18, 0x42, 0x00, 
  0x50, 0x0B, 0xC0, 0x0D, 0x46, 0x04, 0x00, 0x08, 0x50, 0x00, 0x00, 0x60, 0xA0, 0x07, 0x42, 0x00, 
  0x08, 0x0B, 0xC0, 0x05, 0x3C, 0x0D, 0xDB, 0xE9, 0xC0, 0x02, 0xDD, 0x20, 0x3A, 0x6F, 0x98, 0x84, 
  0xDD, 0x9E, 0x3A, 0x6F, 0x98, 0xBC, 0x46, 0x04, 0x00, 0x08, 0x04, 0x00, 0x00, 0x20, 0x42, 0x00, 
  0x48, 0x0B, 0xC0, 0x0C, 0x46, 0x04, 0x00, 0x08, 0x50, 0x00, 0x00, 0x80, 0xA0, 0x07, 0x96, 0x04, 
  0xC0, 0x05, 0x3C, 0x0D, 0xDB, 0xFC, 0xC0, 0x02, 0xDD, 0x20, 0x46, 0x04, 0x00, 0x08, 0x04, 0x00, 
  0x00, 0x20, 0x42, 0x00, 0x4C, 0x0B, 0xC0, 0x1D, 0x46, 0x04, 0x00, 0x08, 0x50, 0x00, 0x00, 0x80, 
  0xA0, 0x07, 0x42, 0x00, 0x04, 0x0B, 0xC0, 0x15, 0x3C, 0x0D, 0xDB, 0xF3, 0xC0, 0x12, 0x46, 0x64, 
  0x00, 0x08, 0x04, 0x03, 0x00, 0x20, 0x42, 0x00, 0x4C, 0x09, 0x14, 0x03, 0x00, 0x20, 0x3C, 0x0D, 
  0xDB, 0xF3, 0xDD, 0x20, 0x04, 0x03, 0x00, 0x20, 0x42, 0x00, 0x4C, 0x08, 0x14, 0x03, 0x00, 0x20, 
  0x46, 0x04, 0x00, 0x08, 0x04, 0x00, 0x00, 0x20, 0x42, 0x00, 0x50, 0x0B, 0xC0, 0x0D, 0x46, 0x04, 
  0x00, 0x08, 0x50, 0x00, 0x00, 0x80, 0xA0, 0x07, 0x42, 0x00, 0x08, 0x0B, 0xC0, 0x05, 0x3C, 0x0D, 
  0xDB, 0xEA, 0xC0, 0x02, 0xDD, 0x20, 0x3A, 0x6F, 0x98, 0x84, 0xDD, 0x9E, 0x3A, 0x6F, 0x98, 0xBC, 
  0x46, 0x04, 0x00, 0x08, 0x04, 0x00, 0x00, 0x28, 0x42, 0x00, 0x48, 0x0B, 0xC0, 0x0C, 0x46, 0x04, 
  0x00, 0x08, 0x50, 0x00, 0x00, 0xA0, 0xA0, 0x07, 0x96, 0x04, 0xC0, 0x05, 0x3C, 0x0D, 0xDB, 0xFD, 
  0xC0, 0x02, 0xDD, 0x20, 0x46, 0x04, 0x00, 0x08, 0x04, 0x00, 0x00, 0x28, 0x42, 0x00, 0x4C, 0x0B, 
  0xC0, 0x1D, 0x46, 0x04, 0x00, 0x08, 0x50, 0x00, 0x00, 0xA0, 0xA0, 0x07, 0x42, 0x00, 0x04, 0x0B, 
  0xC0, 0x15, 0x3C, 0x0D, 0xDB, 0xF4, 0xC0, 0x12, 0x46, 0x64, 0x00, 0x08, 0x04, 0x03, 0x00, 0x28, 
  0x42, 0x00, 0x4C, 0x09, 0x14, 0x03, 0x00, 0x28, 0x3C, 0x0D, 0xDB, 0xF4, 0xDD, 0x20, 0x04, 0x03, 
  0x00, 0x28, 0x42, 0x00, 0x4C, 0x08, 0x14, 0x03, 0x00, 0x28, 0x46, 0x04, 0x00, 0x08, 0x04, 0x00, 
  0x00, 0x28, 0x42, 0x00, 0x50, 0x0B, 0xC0, 0x0D, 0x46, 0x04, 0x00, 0x08, 0x50, 0x00, 0x00, 0xA0, 
  0xA0, 0x07, 0x42, 0x00, 0x08, 0x0B, 0xC0, 0x05, 0x3C, 0x0D, 0xDB, 0xEB, 0xC0, 0x02, 0xDD, 0x20, 
  0x3A, 0x6F, 0x98, 0x84, 0xDD, 0x9E, 0x3A, 0x6F, 0x98, 0xBC, 0x46, 0x04, 0x00, 0x08, 0x04, 0x00, 
  0x00, 0x30, 0x42, 0x00, 0x48, 0x0B, 0xC0, 0x0C, 0x46, 0x04, 0x00, 0x08, 0x50, 0x00, 0x00, 0xC0, 
  0xA0, 0x07, 0x96, 0x04, 0xC0, 0x05, 0x3C, 0x0D, 0xDB, 0xFE, 0xC0, 0x02, 0xDD, 0x20, 0x46, 0x04, 
  0x00, 0x08, 0x04, 0x00, 0x00, 0x30, 0x42, 0x00, 0x4C, 0x0B, 0xC0, 0x1D, 0x46, 0x04, 0x00, 0x08, 
  0x50, 0x00, 0x00, 0xC0, 0xA0, 0x07, 0x42, 0x00, 0x04, 0x0B, 0xC0, 0x15, 0x3C, 0x0D, 0xDB, 0xF5, 
  0xC0, 0x12, 0x46, 0x64, 0x00, 0x08, 0x04, 0x03, 0x00, 0x30, 0x42, 0x00, 0x4C, 0x09, 0x14, 0x03, 
  0x00, 0x30, 0x3C, 0x0D, 0xDB, 0xF5, 0xDD, 0x20, 0x04, 0x03, 0x00, 0x30, 0x42, 0x00, 0x4C, 0x08, 
  0x14, 0x03, 0x00, 0x30, 0x46, 0x04, 0x00, 0x08, 0x04, 0x00, 0x00, 0x30, 0x42, 0x00, 0x50, 0x0B, 
  0xC0, 0x0D, 0x46, 0x04, 0x00, 0x08, 0x50, 0x00, 0x00, 0xC0, 0xA0, 0x07, 0x42, 0x00, 0x08, 0x0B, 
  0xC0, 0x05, 0x3C, 0x0D, 0xDB, 0xEC, 0xC0, 0x02, 0xDD, 0x20, 0x3A, 0x6F, 0x98, 0x84, 0xDD, 0x9E, 
  0x3A, 0x6F, 0x98, 0xBC, 0x46, 0x04, 0x00, 0x08, 0x04, 0x00, 0x00, 0x38, 0x42, 0x00, 0x48, 0x0B, 
  0xC0, 0x0C, 0x46, 0x04, 0x00, 0x08, 0x50, 0x00, 0x00, 0xE0, 0xA0, 0x07, 0x96, 0x04, 0xC0, 0x05, 
  0x3C, 0x0D, 0xDB, 0xFF, 0xC0, 0x02, 0xDD, 0x20, 0x46, 0x04, 0x00, 0x08, 0x04, 0x00, 0x00, 0x38, 
  0x42, 0x00, 0x4C, 0x0B, 0xC0, 0x1D, 0x46, 0x04, 0x00, 0x08, 0x50, 0x00, 0x00, 0xE0, 0xA0, 0x07, 
  0x42, 0x00, 0x04, 0x0B, 0xC0, 0x15, 0x3C, 0x0D, 0xDB, 0xF6, 0xC0, 0x12, 0x46, 0x64, 0x00, 0x08, 
  0x04, 0x03, 0x00, 0x38, 0x42, 0x00, 0x4C, 0x09, 0x14, 0x03, 0x00, 0x38, 0x3C, 0x0D, 0xDB, 0xF6, 
  0xDD, 0x20, 0x04, 0x03, 0x00, 0x38, 0x42, 0x00, 0x4C, 0x08, 0x14, 0x03, 0x00, 0x38, 0x46, 0x04, 
  0x00, 0x08, 0x04, 0x00, 0x00, 0x38, 0x42, 0x00, 0x50, 0x0B, 0xC0, 0x0D, 0x46, 0x04, 0x00, 0x08, 
  0x50, 0x00, 0x00, 0xE0, 0xA0, 0x07, 0x42, 0x00, 0x08, 0x0B, 0xC0, 0x05, 0x3C, 0x0D, 0xDB, 0xED, 
  0xC0, 0x02, 0xDD, 0x20, 0x3A, 0x6F, 0x98, 0x84, 0xDD, 0x9E, 0x3A, 0x6F, 0x98, 0xBC, 0x46, 0x04, 
  0x00, 0x08, 0x04, 0x00, 0x00, 0x40, 0x42, 0x00, 0x48, 0x0B, 0xC0, 0x0C, 0x46, 0x04, 0x00, 0x08, 
  0x50, 0x00, 0x01, 0x00, 0xA0, 0x07, 0x96, 0x04, 0xC0, 0x05, 0x3C, 0x0D, 0xDC, 0x00, 0xC0, 0x02, 
  0xDD, 0x20, 0x46, 0x04, 0x00, 0x08, 0x04, 0x00, 0x00, 0x40, 0x42, 0x00, 0x4C, 0x0B, 0xC0, 0x1D, 
  0x46, 0x04, 0x00, 0x08, 0x50, 0x00, 0x01, 0x00, 0xA0, 0x07, 0x42, 0x00, 0x04, 0x0B, 0xC0, 0x15, 
  0x3C, 0x0D, 0xDB, 0xF7, 0xC0, 0x12, 0x46, 0x64, 0x00, 0x08, 0x04, 0x03, 0x00, 0x40, 0x42, 0x00, 
  0x4C, 0x09, 0x14, 0x03, 0x00, 0x40, 0x3C, 0x0D, 0xDB, 0xF7, 0xDD, 0x20, 0x04, 0x03, 0x00, 0x40, 
  0x42, 0x00, 0x4C, 0x08, 0x14, 0x03, 0x00, 0x40, 0x46, 0x04, 0x00, 0x08, 0x04, 0x00, 0x00, 0x40, 
  0x42, 0x00, 0x50, 0x0B, 0xC0, 0x0D, 0x46, 0x04, 0x00, 0x08, 0x50, 0x00, 0x01, 0x00, 0xA0, 0x07, 
  0x42, 0x00, 0x08, 0x0B, 0xC0, 0x05, 0x3C, 0x0D, 0xDB, 0xEE, 0xC0, 0x02, 0xDD, 0x20, 0x3A, 0x6F, 
  0x98, 0x84, 0xDD, 0x9E, 0x3C, 0x0C, 0x24, 0x10, 0xDD, 0x9E, 0x3A, 0x6F, 0x98, 0xBC, 0x80, 0xC0, 
  0x49, 0xFF, 0xFF, 0xFA, 0xA0, 0x71, 0x8A, 0x01, 0x3A, 0x6F, 0x98, 0x84, 0xDD, 0x9E, 0x3A, 0x6F, 
  0xA0, 0xBC, 0xFD, 0x30, 0x49, 0xFF, 0xFF, 0xF0, 0xA8, 0x31, 0x49, 0xFF, 0xFF, 0xED, 0x88, 0x07, 
  0xB6, 0x06, 0x84, 0x00, 0x10, 0x03, 0x00, 0x08, 0x3A, 0x6F, 0xA0, 0x84, 0xDD, 0x9E, 0x3A, 0x6F, 
  0xA0, 0xBC, 0x00, 0x60, 0x00, 0x08, 0xCE, 0x0F, 0x80, 0xE0, 0x49, 0xFF, 0xFF, 0xDD, 0xB4, 0x27, 
  0x40, 0x00, 0x80, 0x06, 0xC0, 0x05, 0x84, 0x01, 0x10, 0x03, 0x80, 0x08, 0xD5, 0x05, 0x00, 0x63, 
  0x80, 0x08, 0xD5, 0x02, 0x84, 0xC1, 0x80, 0x06, 0x3A, 0x6F, 0xA0, 0x84, 0xDD, 0x9E, 0x46, 0x04, 
  0x00, 0x05, 0xA0, 0x03, 0x42, 0x00, 0x04, 0x0B, 0xC0, 0x0E, 0x46, 0x04, 0x00, 0x05, 0xA0, 0x05, 
  0x96, 0x04, 0xC0, 0x09, 0x46, 0x14, 0x00, 0x05, 0x00, 0x00, 0x80, 0x0C, 0x58, 0x00, 0x00, 0x04, 
  0x10, 0x00, 0x80, 0x0C, 0x46, 0x04, 0x00, 0x05, 0xA0, 0x03, 0x42, 0x00, 0x0C, 0x0B, 0xC0, 0x0F, 
  0x46, 0x04, 0x00, 0x05, 0xA0, 0x05, 0x54, 0x00, 0x00, 0x3C, 0xC0, 0x09, 0x46, 0x14, 0x00, 0x05, 
  0x00, 0x00, 0x80, 0x0C, 0x58, 0x00, 0x00, 0x10, 0x10, 0x00, 0x80, 0x0C, 0x46, 0x04, 0x00, 0x05, 
  0xA0, 0x05, 0x42, 0x00, 0x20, 0x0B, 0xC0, 0x09, 0x46, 0x14, 0x00, 0x05, 0x00, 0x00, 0x80, 0x1C, 
  0x58, 0x00, 0x00, 0x04, 0x10, 0x00, 0x80, 0x1C, 0x46, 0x04, 0x00, 0x05, 0xA0, 0x05, 0x96, 0x0E, 
  0xC0, 0x09, 0x46, 0x14, 0x00, 0x05, 0x00, 0x00, 0x80, 0x0C, 0x58, 0x00, 0x00, 0x40, 0x10, 0x00, 
  0x80, 0x0C, 0xDD, 0x9E, 0x46, 0x04, 0x00, 0x06, 0xA0, 0x03, 0x42, 0x00, 0x04, 0x0B, 0xC0, 0x0E, 
  0x46, 0x04, 0x00, 0x06, 0xA0, 0x05, 0x96, 0x04, 0xC0, 0x09, 0x46, 0x14, 0x00, 0x06, 0x00, 0x00, 
  0x80, 0x0C, 0x58, 0x00, 0x00, 0x04, 0x10, 0x00, 0x80, 0x0C, 0x46, 0x04, 0x00, 0x06, 0xA0, 0x03, 
  0x42, 0x00, 0x0C, 0x0B, 0xC0, 0x0F, 0x46, 0x04, 0x00, 0x06, 0xA0, 0x05, 0x54, 0x00, 0x00, 0x3C, 
  0xC0, 0x09, 0x46, 0x14, 0x00, 0x06, 0x00, 0x00, 0x80, 0x0C, 0x58, 0x00, 0x00, 0x10, 0x10, 0x00, 
  0x80, 0x0C, 0x46, 0x04, 0x00, 0x06, 0xA0, 0x05, 0x42, 0x00, 0x20, 0x0B, 0xC0, 0x09, 0x46, 0x14, 
  0x00, 0x06, 0x00, 0x00, 0x80, 0x1C, 0x58, 0x00, 0x00, 0x04, 0x10, 0x00, 0x80, 0x1C, 0x46, 0x04, 
  0x00, 0x06, 0xA0, 0x05, 0x96, 0x0E, 0xC0, 0x09, 0x46, 0x14, 0x00, 0x06, 0x00, 0x00, 0x80, 0x0C, 
  0x58, 0x00, 0x00, 0x40, 0x10, 0x00, 0x80, 0x0C, 0xDD, 0x9E, 0x00, 0x00, 0x3E, 0x00, 0x90, 0x38, 
  0xDD, 0x9E, 0x84, 0x80, 0xD5, 0x0F, 0x40, 0x51, 0x20, 0x09, 0xA6, 0xC0, 0xFE, 0xED, 0x44, 0x50, 
  0x7D, 0xE8, 0x38, 0x32, 0x8D, 0x01, 0x40, 0x21, 0x20, 0x08, 0x96, 0x91, 0xFE, 0x9D, 0x8C, 0x81, 
  0x8C, 0x01, 0xE2, 0x81, 0xE9, 0xF1, 0x80, 0x02, 0xDD, 0x9E, 0x3A, 0x6F, 0xA0, 0xBC, 0x80, 0xC0, 
  0x80, 0xE2, 0x46, 0x31, 0x00, 0x04, 0x8C, 0x61, 0x88, 0x60, 0x94, 0xDA, 0x3C, 0x3F, 0xDC, 0x09, 
  0x84, 0x01, 0x40, 0x10, 0x04, 0x0C, 0x3C, 0x1F, 0xDC, 0x08, 0x9C, 0x31, 0x49, 0xFF, 0xFB, 0xB7, 
  0x9C, 0x35, 0x96, 0x00, 0x3C, 0x1D, 0xDC, 0x08, 0x49, 0xFF, 0xFB, 0xB9, 0x9C, 0x36, 0x3C, 0x1D, 
  0xDC, 0x08, 0x49, 0xFF, 0xFB, 0xAC, 0x44, 0x01, 0xC2, 0x00, 0x4C, 0x70, 0x40, 0x07, 0x44, 0x00, 
  0x00, 0x56, 0x3C, 0x0F, 0xDC, 0x07, 0xD5, 0x12, 0x44, 0x00, 0xE1, 0x00, 0x4C, 0x70, 0x40, 0x07, 
  0x44, 0x00, 0x00, 0xAE, 0x3C, 0x0F, 0xDC, 0x07, 0xD5, 0x09, 0x44, 0x00, 0x96, 0x00, 0x4C, 0x70, 
  0x40, 0x06, 0x44, 0x00, 0x01, 0x05, 0x3C, 0x0F, 0xDC, 0x07, 0x3A, 0x6F, 0xA0, 0x84, 0xDD, 0x9E, 
  0x3A, 0x6F, 0xA8, 0xBC, 0x80, 0xC1, 0x81, 0x22, 0x81, 0x03, 0x80, 0xE4, 0x3E, 0x07, 0x6F, 0x88, 
  0x84, 0x00, 0x49, 0xFF, 0xFF, 0xA5, 0x2E, 0x57, 0x6F, 0x88, 0x5A, 0x50, 0xFF, 0x28, 0x5A, 0x58, 
  0x05, 0x1A, 0x84, 0x01, 0x49, 0xFF, 0xFF, 0x9C, 0x46, 0x72, 0x00, 0x00, 0xFA, 0x04, 0x80, 0x27, 
  0x49, 0xFF, 0xFB, 0x75, 0xFA, 0x03, 0x80, 0x27, 0x49, 0xFF, 0xFB, 0x79, 0x80, 0x07, 0x84, 0x20, 
  0x49, 0x00, 0x0D, 0xE1, 0x84, 0x00, 0xFA, 0x2D, 0x80, 0x46, 0x49, 0xFF, 0xFF, 0xA0, 0x84, 0x01, 
  0xD5, 0x0E, 0x44, 0x00, 0x20, 0x00, 0x84, 0x22, 0x49, 0x00, 0x0D, 0xD5, 0x80, 0x06, 0x80, 0x29, 
  0x80, 0x48, 0x80, 0x67, 0x49, 0x00, 0x18, 0xF9, 0xD5, 0x02, 0x84, 0x01, 0x3A, 0x6F, 0xA8, 0x84, 
  0xDD, 0x9E, 0x64, 0x00, 0x80, 0x02, 0x42, 0x00, 0x6C, 0x0B, 0xC0, 0x0E, 0x64, 0x08, 0xC0, 0x02, 
  0x66, 0x00, 0x00, 0x01, 0x64, 0x08, 0xC0, 0x03, 0x46, 0x02, 0x00, 0x10, 0x64, 0x08, 0xC4, 0x03, 
  0x84, 0x05, 0x64, 0x08, 0xC0, 0x03, 0xDD, 0x9E, 0x64, 0x04, 0x00, 0x02, 0x42, 0x00, 0x5C, 0x08, 
  0x64, 0x04, 0x00, 0x03, 0x84, 0x00, 0x64, 0x03, 0x00, 0x03, 0x64, 0x02, 0x24, 0x02, 0x96, 0x04, 
  0xC0, 0x04, 0x84, 0x00, 0x64, 0x03, 0x00, 0x03, 0x84, 0x00, 0x64, 0x02, 0x24, 0x03, 0x64, 0x02, 
  0x00, 0x02, 0x66, 0x00, 0x00, 0x06, 0x44, 0x17, 0x00, 0x08, 0xFE, 0x0F, 0x64, 0x02, 0x00, 0x03, 
  0x64, 0x00, 0x00, 0x08, 0x64, 0x02, 0x24, 0x02, 0x96, 0x04, 0xC0, 0x1B, 0x84, 0x00, 0x64, 0x02, 
  0x28, 0x03, 0x64, 0x02, 0x24, 0x02, 0x54, 0x00, 0x00, 0x0E, 0x5A, 0x08, 0x0A, 0x0F, 0x46, 0x0A, 
  0xAA, 0xAA, 0x50, 0x00, 0x0E, 0xAB, 0x64, 0x03, 0x60, 0x03, 0x46, 0x02, 0xAA, 0xAA, 0x50, 0x00, 
  0x0A, 0xAA, 0x64, 0x03, 0x64, 0x03, 0xD5, 0x05, 0x44, 0x00, 0x00, 0xE4, 0x64, 0x03, 0x60, 0x03, 
  0x64, 0x50, 0xA0, 0x02, 0x46, 0x08, 0x00, 0x00, 0x8C, 0x01, 0xFF, 0x46, 0xD8, 0x11, 0x64, 0x08, 
  0xA0, 0x02, 0x58, 0x00, 0x00, 0x01, 0x64, 0x08, 0xA0, 0x03, 0x64, 0x00, 0x00, 0x08, 0x6A, 0x00, 
  0x07, 0x01, 0x58, 0x00, 0x10, 0x00, 0x6A, 0x00, 0x07, 0x09, 0x64, 0x00, 0x00, 0x08, 0x64, 0x03, 
  0x24, 0x02, 0x64, 0x03, 0x24, 0x03, 0xDD, 0x9E, 0x3A, 0x6F, 0x98, 0xBC, 0x3E, 0x2F, 0x6F, 0x88, 
  0x80, 0x02, 0x44, 0x10, 0x88, 0x40, 0x3E, 0x3F, 0x70, 0x10, 0x9A, 0x9A, 0x49, 0x00, 0x1A, 0xAC, 
  0x3E, 0x2F, 0x70, 0x10, 0x80, 0x02, 0x84, 0x20, 0x3E, 0x38, 0x90, 0x7C, 0x9A, 0x9A, 0x49, 0x00, 
  0x1A, 0xD7, 0x3A, 0x6F, 0x98, 0x84, 0xDD, 0x9E, 0x3A, 0x6F, 0x98, 0xBC, 0x44, 0x00, 0x76, 0x30, 
  0x49, 0x00, 0x1B, 0x08, 0x84, 0x20, 0xD5, 0x10, 0x44, 0x00, 0x40, 0x00, 0x88, 0x01, 0x94, 0x02, 
  0x20, 0x00, 0x00, 0x00, 0x5A, 0x00, 0x48, 0x08, 0x44, 0x00, 0x76, 0x44, 0x49, 0x00, 0x1A, 0xFF, 
  0x84, 0x01, 0xD5, 0x18, 0x8C, 0x21, 0x5E, 0xF0, 0x80, 0x29, 0xE9, 0xEF, 0x44, 0x01, 0x00, 0xC0, 
  0xB4, 0xA0, 0x46, 0x0B, 0x0B, 0xEB, 0x50, 0x00, 0x0D, 0xC9, 0xD0, 0x07, 0x44, 0x00, 0x76, 0x60, 
  0x49, 0x00, 0x1A, 0xED, 0x84, 0x02, 0xD5, 0x06, 0x44, 0x00, 0x76, 0x7C, 0x49, 0x00, 0x1A, 0xE7, 
  0x84, 0x00, 0x3A, 0x6F, 0x98, 0x84, 0xDD, 0x9E, 0x3B, 0xFF, 0xFC, 0xBC, 0xEF, 0xB4, 0x2E, 0x00, 
  0x90, 0x33, 0x8E, 0x01, 0x5C, 0xF0, 0x00, 0x22, 0x4E, 0xF2, 0x00, 0x7F, 0x44, 0xF0, 0x32, 0x38, 
  0x38, 0x07, 0x82, 0x02, 0x4A, 0x00, 0x00, 0x00, 0x34, 0x33, 0x00, 0x00, 0xC0, 0x32, 0x00, 0x00, 
  0xC8, 0x32, 0x00, 0x00, 0x2E, 0x33, 0x00, 0x00, 0x2E, 0x33, 0x00, 0x00, 0x2E, 0x33, 0x00, 0x00, 
  0x26, 0x33, 0x00, 0x00, 0x26, 0x33, 0x00, 0x00, 0x26, 0x33, 0x00, 0x00, 0x26, 0x33, 0x00, 0x00, 
  0x26, 0x33, 0x00, 0x00, 0x26, 0x33, 0x00, 0x00, 0x26, 0x33, 0x00, 0x00, 0x26, 0x33, 0x00, 0x00, 
  0x26, 0x33, 0x00, 0x00, 0x26, 0x33, 0x00, 0x00, 0x26, 0x33, 0x00, 0x00, 0x26, 0x33, 0x00, 0x00, 
  0x26, 0x33, 0x00, 0x00, 0x26, 0x33, 0x00, 0x00, 0x26, 0x33, 0x00, 0x00, 0x26, 0x33, 0x00, 0x00, 
  0x26, 0x33, 0x00, 0x00, 0x26, 0x33, 0x00, 0x00, 0x26, 0x33, 0x00, 0x00, 0x26, 0x33, 0x00, 0x00, 
  0x26, 0x33, 0x00, 0x00, 0x26, 0x33, 0x00, 0x00, 0x26, 0x33, 0x00, 0x00, 0x26, 0x33, 0x00, 0x00, 
  0x26, 0x33, 0x00, 0x00, 0x26, 0x33, 0x00, 0x00, 0x26, 0x33, 0x00, 0x00, 0x1E, 0x33, 0x00, 0x00, 
  0xFA, 0x2B, 0x44, 0x00, 0x87, 0xD4, 0xD5, 0x3E, 0x2E, 0x00, 0x90, 0x32, 0xC0, 0x38, 0x5A, 0x00, 
  0x01, 0x07, 0x5A, 0x08, 0x02, 0x08, 0x44, 0x40, 0x76, 0x8C, 0xD5, 0x06, 0x44, 0x40, 0x76, 0x80, 
  0xD5, 0x03, 0x44, 0x40, 0x76, 0x80, 0x84, 0x00, 0xD5, 0x0E, 0x38, 0x22, 0x00, 0x00, 0xC2, 0x0E, 
  0x8C, 0x01, 0x94, 0x41, 0xB0, 0xC1, 0x38, 0x21, 0x81, 0x08, 0x8C, 0x21, 0x84, 0x40, 0x38, 0x21, 
  0x84, 0x08, 0x96, 0x01, 0x5C, 0xF0, 0x00, 0x20, 0xE9, 0xF1, 0x9C, 0x41, 0x94, 0x49, 0x96, 0x49, 
  0x10, 0x1F, 0x80, 0x04, 0x84, 0x03, 0x10, 0x0F, 0x80, 0x05, 0xB0, 0x01, 0xD5, 0x13, 0xFA, 0x34, 
  0x44, 0x00, 0x87, 0xAC, 0xD5, 0x0F, 0x84, 0x00, 0x49, 0x00, 0x12, 0xA6, 0xD5, 0x1B, 0x84, 0x20, 
  0x84, 0x00, 0xD5, 0x08, 0xFA, 0x22, 0x44, 0x00, 0x87, 0xF0, 0xD5, 0x04, 0x84, 0x24, 0x44, 0x00, 
  0x87, 0xD0, 0x3E, 0x38, 0x90, 0x30, 0xA7, 0x1F, 0x40, 0x22, 0x20, 0x08, 0xA6, 0xDE, 0x88, 0x43, 
  0xE0, 0x41, 0xE8, 0x05, 0x40, 0x12, 0x20, 0x08, 0x88, 0x23, 0x96, 0x49, 0x84, 0x43, 0x49, 0x00, 
  0x13, 0x8C, 0xEC, 0x4C, 0x3B, 0xFF, 0xFC, 0x84, 0xDD, 0x9E, 0x92, 0x00, 0x3B, 0xFF, 0xFC, 0xBC, 
  0xEF, 0xF4, 0x2E, 0x00, 0x90, 0x31, 0xE6, 0x0A, 0xE8, 0x39, 0x44, 0xF0, 0x33, 0x84, 0x38, 0x07, 
  0x82, 0x02, 0xDD, 0x00, 0xAC, 0x33, 0x00, 0x00, 0xF0, 0x33, 0x00, 0x00, 0xEA, 0x33, 0x00, 0x00, 
  0xEA, 0x33, 0x00, 0x00, 0xEA, 0x33, 0x00, 0x00, 0xC2, 0x33, 0x00, 0x00, 0xCE, 0x33, 0x00, 0x00, 
  0xEA, 0x33, 0x00, 0x00, 0xEA, 0x33, 0x00, 0x00, 0xD4, 0x33, 0x00, 0x00, 0x84, 0x00, 0x10, 0x0F, 
  0x80, 0x00, 0x10, 0x0F, 0x80, 0x01, 0x80, 0x1F, 0x84, 0x22, 0x84, 0x4A, 0x49, 0x00, 0x13, 0x5D, 
  0xD5, 0x18, 0x2E, 0x00, 0x90, 0x32, 0x96, 0x37, 0x49, 0x00, 0x12, 0xEE, 0xD5, 0x12, 0x49, 0xFF, 
  0xFF, 0x25, 0xD5, 0x0F, 0x44, 0x00, 0x00, 0x82, 0x44, 0x10, 0x00, 0x82, 0x49, 0x00, 0x12, 0x86, 
  0x84, 0x03, 0x84, 0x22, 0x49, 0x00, 0x12, 0x82, 0xD5, 0x04, 0x84, 0x00, 0x49, 0x00, 0x12, 0x44, 
  0xEC, 0x0C, 0x3B, 0xFF, 0xFC, 0x84, 0xDD, 0x9E, 0x3A, 0x6F, 0x9C, 0xBC, 0xEF, 0xF4, 0x80, 0xE0, 
  0x49, 0x00, 0x13, 0x36, 0x80, 0xC0, 0x3E, 0x08, 0x90, 0x30, 0x84, 0x20, 0x84, 0x48, 0x49, 0x00, 
  0x19, 0xA7, 0x97, 0x96, 0x97, 0xB0, 0xC6, 0x04, 0x84, 0x00, 0x49, 0x00, 0x12, 0xC5, 0x3E, 0x08, 
  0x90, 0x30, 0x84, 0x28, 0xB0, 0x81, 0x49, 0x00, 0x13, 0x92, 0xC8, 0x50, 0x2E, 0x20, 0x90, 0x30, 
  0xCA, 0x0A, 0x2E, 0x00, 0x90, 0x31, 0xC8, 0x07, 0x2E, 0x00, 0x90, 0x32, 0xC8, 0x04, 0x2E, 0x00, 
  0x90, 0x33, 0xC0, 0x46, 0x96, 0x52, 0x4E, 0x15, 0x00, 0x35, 0x2E, 0x10, 0x90, 0x36, 0xC9, 0x04, 
  0x2E, 0x00, 0x90, 0x37, 0xC0, 0x2E, 0x2E, 0x60, 0x90, 0x37, 0x40, 0x63, 0x20, 0x08, 0x88, 0xC1, 
  0x5A, 0x28, 0x21, 0x15, 0x2E, 0x00, 0x90, 0x31, 0x5A, 0x08, 0x09, 0x11, 0x2E, 0x00, 0x90, 0x32, 
  0xC8, 0x0D, 0x2E, 0x00, 0x90, 0x33, 0x5A, 0x08, 0x02, 0x0A, 0x80, 0x07, 0x44, 0x10, 0x01, 0x00, 
  0xB0, 0x81, 0x84, 0x6A, 0x49, 0x00, 0x13, 0x26, 0xD5, 0x0C, 0x44, 0x00, 0x76, 0xA0, 0x49, 0x00, 
  0x19, 0xA1, 0x3E, 0x08, 0x90, 0x28, 0x80, 0x26, 0xB0, 0x81, 0x84, 0x61, 0x49, 0x00, 0x13, 0x1A, 
  0x3E, 0x08, 0x90, 0x30, 0x84, 0x20, 0x84, 0x48, 0x49, 0x00, 0x19, 0x5A, 0x84, 0x01, 0xD5, 0x11, 
  0x54, 0x21, 0x00, 0x60, 0xCA, 0x03, 0x49, 0xFF, 0xFF, 0x5B, 0x3E, 0x08, 0x90, 0x30, 0x84, 0x20, 
  0x84, 0x48, 0x49, 0x00, 0x19, 0x4D, 0x84, 0x00, 0xD5, 0x04, 0x84, 0x00, 0xD5, 0x02, 0x84, 0x00, 
  0xEC, 0x0C, 0x3A, 0x6F, 0x9C, 0x84, 0xDD, 0x9E, 0x3A, 0x6F, 0x98, 0xBC, 0x49, 0xFF, 0xFF, 0x8E, 
  0xC0, 0x03, 0x84, 0x01, 0xD5, 0x02, 0x84, 0x00, 0x3A, 0x6F, 0x98, 0x84, 0xDD, 0x9E, 0x3A, 0x6F, 
  0xA0, 0xBC, 0x80, 0xE0, 0x84, 0xC0, 0xD5, 0x08, 0x40, 0x03, 0x20, 0x08, 0x88, 0x07, 0x49, 0xFF, 
  0xFF, 0xED, 0xC0, 0xFB, 0x8C, 0xC1, 0xE4, 0xD0, 0xE9, 0xF8, 0x3A, 0x6F, 0xA0, 0x84, 0xDD, 0x9E, 
  0x3A, 0x6F, 0xA4, 0xBC, 0xEF, 0xCC, 0x81, 0x20, 0x3C, 0x6C, 0x24, 0x10, 0xB0, 0x09, 0x84, 0x28, 
  0xB0, 0x8B, 0x49, 0x00, 0x13, 0x14, 0xC8, 0x38, 0x01, 0x1F, 0x80, 0x24, 0x00, 0x7F, 0x80, 0x25, 
  0x00, 0x5F, 0x80, 0x26, 0x00, 0x0F, 0x80, 0x27, 0x00, 0x4F, 0x80, 0x28, 0x00, 0x3F, 0x80, 0x29, 
  0x00, 0x2F, 0x80, 0x2A, 0x00, 0x1F, 0x80, 0x2B, 0xB7, 0xBF, 0xF7, 0x81, 0xF5, 0x82, 0xF0, 0x83, 
  0xF4, 0x84, 0xF3, 0x85, 0xF2, 0x86, 0xF1, 0x87, 0x44, 0x00, 0x76, 0xA8, 0x49, 0x00, 0x19, 0x3A, 
  0x00, 0x1F, 0x80, 0x24, 0x5A, 0x18, 0xA1, 0x19, 0x00, 0x0F, 0x80, 0x25, 0x5A, 0x08, 0x01, 0x15, 
  0x00, 0x0F, 0x80, 0x27, 0x5A, 0x08, 0x01, 0x11, 0x00, 0x8F, 0x80, 0x2B, 0x5A, 0x88, 0x01, 0x0D, 
  0x44, 0x00, 0x76, 0xF0, 0x49, 0x00, 0x19, 0x2B, 0x80, 0x09, 0x44, 0x10, 0x01, 0x00, 0x84, 0x41, 
  0x49, 0x00, 0x12, 0x73, 0xD5, 0x08, 0x3C, 0x1C, 0x24, 0x10, 0x8A, 0x26, 0x5C, 0xF0, 0x80, 0xC9, 
  0xE9, 0xBE, 0x85, 0x00, 0x80, 0x08, 0xEC, 0x34, 0x3A, 0x6F, 0xA4, 0x84, 0xDD, 0x9E, 0x3A, 0x6F, 
  0x9C, 0xBC, 0xEF, 0xE4, 0x84, 0x00, 0x12, 0x0F, 0x80, 0x0B, 0x44, 0x00, 0x77, 0x0C, 0x49, 0x00, 
  0x19, 0x09, 0x44, 0x00, 0x00, 0xA4, 0x50, 0x1F, 0x80, 0x16, 0x84, 0x44, 0x84, 0x60, 0x49, 0xFF, 
  0xF0, 0x03, 0x02, 0x6F, 0x80, 0x0B, 0x50, 0x63, 0x07, 0xCF, 0x97, 0xB1, 0x3E, 0x08, 0x90, 0x70, 
  0x3A, 0x10, 0x04, 0x00, 0x44, 0x0F, 0x00, 0x00, 0x88, 0x01, 0x3E, 0x1F, 0x70, 0x28, 0x9C, 0xB4, 
  0x84, 0x60, 0x49, 0xFF, 0xEF, 0xF1, 0x2E, 0x07, 0x70, 0x32, 0x5A, 0x00, 0x55, 0x11, 0xB6, 0x1F, 
  0x3E, 0x0F, 0x70, 0x28, 0x00, 0x10, 0x00, 0x0B, 0xF1, 0x81, 0x00, 0x00, 0x00, 0x0C, 0xF0, 0x82, 
  0x44, 0x00, 0x77, 0x1C, 0x49, 0x00, 0x18, 0xDE, 0x84, 0x01, 0xD5, 0x30, 0x3E, 0x1F, 0x70, 0x28, 
  0x00, 0x00, 0x80, 0x0C, 0x00, 0x10, 0x80, 0x0B, 0x40, 0x00, 0x20, 0x08, 0x88, 0x01, 0x96, 0x01, 
  0x4C, 0x60, 0x00, 0x0A, 0xB6, 0xDF, 0xF0, 0x81, 0x44, 0x00, 0x77, 0x30, 0x49, 0x00, 0x18, 0xCA, 
  0x84, 0x03, 0xD5, 0x1C, 0x3E, 0x7F, 0x70, 0x28, 0x80, 0x07, 0x80, 0x26, 0x84, 0x40, 0x49, 0xFF, 
  0xFC, 0xAA, 0x88, 0xC7, 0x3A, 0x13, 0x04, 0x00, 0xB0, 0x84, 0x3A, 0x11, 0x04, 0x20, 0xF1, 0x04, 
  0x4C, 0x00, 0x80, 0x08, 0x44, 0x00, 0x77, 0x50, 0x49, 0x00, 0x18, 0xB9, 0x84, 0x04, 0xD5, 0x06, 
  0x44, 0x00, 0x76, 0x7C, 0x49, 0x00, 0x18, 0xB3, 0x84, 0x00, 0xEC, 0x1C, 0x3A, 0x6F, 0x9C, 0x84, 
  0xDD, 0x9E, 0x3B, 0xFF, 0xFC, 0xBC, 0xEF, 0xEC, 0x84, 0x00, 0xF0, 0x83, 0xF0, 0x82, 0x44, 0x00, 
  0x77, 0x5C, 0x49, 0x00, 0x18, 0x9F, 0x44, 0x00, 0x00, 0xA4, 0xB0, 0x42, 0x84, 0x44, 0x84, 0x60, 
  0x49, 0xFF, 0xEF, 0x9A, 0x44, 0x00, 0x00, 0xE0, 0xB0, 0x43, 0x84, 0x44, 0x84, 0x60, 0x49, 0xFF, 
  0xEF, 0x93, 0x02, 0x5F, 0x80, 0x07, 0xF5, 0x83, 0xF0, 0x02, 0x40, 0x00, 0x20, 0x08, 0x92, 0x08, 
  0xF0, 0x82, 0xD8, 0x07, 0x44, 0x00, 0x76, 0x7C, 0x49, 0x00, 0x18, 0x89, 0x84, 0x00, 0xD5, 0x08, 
  0xB6, 0xBF, 0xF0, 0x81, 0x44, 0x00, 0x77, 0x70, 0x49, 0x00, 0x18, 0x7C, 0x84, 0x01, 0xEC, 0x14, 
  0x3B, 0xFF, 0xFC, 0x84, 0xDD, 0x9E, 0x3A, 0x6F, 0xB0, 0xBC, 0xEF, 0xE8, 0x84, 0xE0, 0xF7, 0x85, 
  0xF7, 0x83, 0xF7, 0x82, 0x44, 0x00, 0x00, 0xE0, 0xB0, 0x45, 0x84, 0x44, 0x84, 0x60, 0x49, 0xFF, 
  0xEF, 0x6B, 0x02, 0x0F, 0x80, 0x0B, 0xF0, 0x85, 0xB6, 0x1F, 0x44, 0x00, 0x77, 0x80, 0x49, 0x00, 
  0x18, 0x61, 0x44, 0x00, 0x87, 0x9C, 0x3E, 0x6F, 0x70, 0x28, 0x3B, 0x00, 0x48, 0x04, 0x80, 0x26, 
  0x3B, 0x00, 0xC8, 0x24, 0xA6, 0x00, 0xAE, 0x08, 0x84, 0x03, 0x10, 0x03, 0x00, 0x0D, 0x44, 0x00, 
  0x07, 0xB4, 0xF0, 0x84, 0xB0, 0x04, 0x3A, 0x10, 0x04, 0x00, 0x3E, 0x0F, 0x70, 0x36, 0x3A, 0x10, 
  0x04, 0x20, 0x3E, 0x0F, 0x70, 0x3A, 0x44, 0x10, 0x7F, 0xE8, 0x44, 0x20, 0x07, 0xB4, 0x49, 0x00, 
  0x17, 0xD3, 0x84, 0x02, 0x10, 0x03, 0x07, 0xC6, 0xF2, 0x05, 0x9C, 0x14, 0xF0, 0x83, 0xB0, 0x03, 
  0x3A, 0x10, 0x04, 0x00, 0x3E, 0x0F, 0x77, 0xEF, 0x3A, 0x10, 0x04, 0x20, 0xF7, 0x83, 0xB0, 0x03, 
  0x3A, 0x10, 0x04, 0x00, 0x3E, 0x0F, 0x77, 0xF3, 0x3A, 0x10, 0x04, 0x20, 0x84, 0x00, 0x3E, 0x1F, 
  0x77, 0xF7, 0x84, 0x60, 0x49, 0xFF, 0xEF, 0x28, 0x04, 0x8F, 0x80, 0x05, 0x54, 0x24, 0x00, 0xFF, 
  0x10, 0x23, 0x08, 0x73, 0x40, 0x14, 0x20, 0x09, 0x96, 0x08, 0x10, 0x03, 0x08, 0x74, 0x10, 0x73, 
  0x08, 0x75, 0x88, 0x02, 0x10, 0x03, 0x08, 0x76, 0xF7, 0x82, 0x3E, 0x0F, 0x77, 0xF7, 0x44, 0x10, 
  0x00, 0xBC, 0x84, 0x40, 0x49, 0xFF, 0xFB, 0xF7, 0x80, 0x40, 0xF0, 0x82, 0x3E, 0x0F, 0x78, 0xB7, 
  0x50, 0x14, 0x7F, 0x40, 0x49, 0xFF, 0xFB, 0xEF, 0xF0, 0x82, 0xB0, 0x02, 0x3A, 0x10, 0x04, 0x00, 
  0x3E, 0x0F, 0x78, 0xB3, 0x3A, 0x10, 0x04, 0x20, 0x50, 0x94, 0x07, 0xCF, 0x40, 0x04, 0xA0, 0x09, 
  0x10, 0x03, 0x00, 0x0C, 0x10, 0x93, 0x00, 0x0B, 0x44, 0x00, 0x00, 0x55, 0x10, 0x03, 0x00, 0x0A, 
  0xF7, 0x82, 0x80, 0x06, 0x80, 0x29, 0x84, 0x40, 0x49, 0xFF, 0xFB, 0xD5, 0xF0, 0x82, 0x40, 0xC4, 
  0x98, 0x00, 0xB0, 0x42, 0x3A, 0x10, 0x84, 0x00, 0x3A, 0x16, 0x04, 0x20, 0x50, 0x84, 0x07, 0xD3, 
  0xB6, 0x1F, 0x44, 0x00, 0x77, 0x90, 0x49, 0x00, 0x17, 0xDD, 0x3E, 0xB8, 0x90, 0x70, 0x3A, 0x05, 
  0x80, 0x00, 0x44, 0xAF, 0x00, 0x00, 0x88, 0x0A, 0x44, 0x11, 0x00, 0x00, 0x49, 0xFF, 0xF2, 0x26, 
  0x3A, 0x05, 0x80, 0x00, 0x88, 0x0A, 0x80, 0x26, 0x80, 0x48, 0x44, 0x30, 0x00, 0x64, 0x49, 0xFF, 
  0xEF, 0xD5, 0x3A, 0x05, 0x80, 0x00, 0x88, 0x0A, 0x80, 0x26, 0x80, 0x48, 0x44, 0x30, 0x00, 0x64, 
  0x49, 0xFF, 0xEE, 0xC2, 0xF7, 0x82, 0x80, 0x06, 0x80, 0x29, 0x84, 0x40, 0x49, 0xFF, 0xFB, 0xA3, 
  0xF0, 0x82, 0x3A, 0x16, 0x04, 0x00, 0xB0, 0x83, 0x3A, 0x11, 0x04, 0x20, 0xB6, 0x1F, 0xF0, 0x03, 
  0xF0, 0x81, 0x44, 0x00, 0x77, 0x9C, 0x49, 0x00, 0x17, 0xAD, 0xF5, 0x02, 0xF0, 0x03, 0xD8, 0x1E, 
  0x3A, 0x15, 0x84, 0x00, 0x80, 0x0A, 0x88, 0x01, 0xF0, 0x83, 0xB6, 0x3F, 0xF0, 0x81, 0x44, 0x00, 
  0x77, 0xB0, 0x49, 0x00, 0x17, 0x9F, 0x46, 0x14, 0x00, 0x20, 0x04, 0x00, 0x80, 0x0A, 0x92, 0x10, 
  0x40, 0x00, 0x40, 0x08, 0x14, 0x00, 0x80, 0x0A, 0x04, 0x20, 0x80, 0x0A, 0xF0, 0x03, 0x92, 0x0C, 
  0x94, 0x04, 0xFE, 0x17, 0x14, 0x00, 0x80, 0x0A, 0xD5, 0x05, 0x44, 0x00, 0x77, 0xD4, 0x49, 0x00, 
  0x17, 0x8E, 0x49, 0x00, 0x13, 0x6D, 0xEC, 0x18, 0x3A, 0x6F, 0xB0, 0x84, 0xDD, 0x9E, 0x3A, 0x6F, 
  0xA0, 0xBC, 0xD5, 0x07, 0x9D, 0xC1, 0xA6, 0x00, 0x49, 0xFF, 0xF6, 0x57, 0x80, 0x26, 0x80, 0x07, 
  0x9F, 0x89, 0xC9, 0xF9, 0x3A, 0x6F, 0xA0, 0x84, 0xDD, 0x9E, 0x3A, 0x6F, 0xA0, 0xBC, 0x80, 0xE0, 
  0x80, 0xC2, 0x3E, 0x1F, 0x70, 0x28, 0x84, 0x6A, 0x49, 0xFF, 0xEF, 0x78, 0x80, 0x07, 0x3E, 0x1F, 
  0x80, 0x28, 0x80, 0x46, 0x84, 0x6A, 0x49, 0xFF, 0xEE, 0x67, 0x3E, 0x0F, 0x70, 0x28, 0x3E, 0x1F, 
  0x80, 0x28, 0x80, 0x46, 0x49, 0x00, 0x05, 0xC8, 0xC0, 0x03, 0x84, 0x00, 0xD5, 0x02, 0x84, 0x01, 
  0x3A, 0x6F, 0xA0, 0x84, 0xDD, 0x9E, 0x3A, 0x6F, 0xA0, 0xBC, 0x49, 0x00, 0x0F, 0x1E, 0x49, 0x00, 
  0x0F, 0x09, 0x49, 0x00, 0x0F, 0x2D, 0x84, 0xC0, 0xD5, 0x0C, 0x84, 0x01, 0x49, 0xFF, 0xF7, 0x32, 
  0x49, 0x00, 0x0E, 0xDF, 0x80, 0xE0, 0xC8, 0x22, 0x49, 0x00, 0x0E, 0xE2, 0xC8, 0x20, 0x8C, 0xC1, 
  0xE6, 0xCA, 0xE9, 0xF4, 0x49, 0x00, 0x10, 0x45, 0x84, 0xE0, 0xD5, 0x13, 0x46, 0x64, 0x00, 0x00, 
  0x02, 0x83, 0x01, 0x86, 0x84, 0x02, 0x49, 0xFF, 0xF7, 0x3C, 0x02, 0x03, 0x01, 0x86, 0x4C, 0x04, 
  0x00, 0x08, 0x44, 0x00, 0x77, 0xE4, 0x49, 0x00, 0x17, 0x32, 0x84, 0xE1, 0xD5, 0x08, 0x8C, 0xE1, 
  0x5C, 0xF3, 0x83, 0xE8, 0xE9, 0xEC, 0x84, 0xE0, 0xD5, 0x02, 0x84, 0xE0, 0x80, 0x07, 0x3A, 0x6F, 
  0xA0, 0x84, 0xDD, 0x9E, 0x3B, 0xFF, 0xFC, 0xBC, 0xEF, 0xEC, 0xF0, 0x81, 0x2E, 0x07, 0x6F, 0x88, 
  0x5A, 0x08, 0xFF, 0x04, 0xF0, 0x01, 0xD5, 0x24, 0x2E, 0x00, 0x90, 0x38, 0xC0, 0x13, 0x00, 0x0F, 
  0x80, 0x04, 0x5A, 0x08, 0x0A, 0x0B, 0x44, 0x00, 0x0A, 0x0D, 0x12, 0x0F, 0x80, 0x06, 0xB0, 0x03, 
  0x84, 0x22, 0x49, 0xFF, 0xFF, 0x86, 0xD5, 0x13, 0xB0, 0x01, 0x84, 0x21, 0x49, 0xFF, 0xFF, 0x81, 
  0xD5, 0x0E, 0xF0, 0x01, 0x5A, 0x08, 0x0A, 0x09, 0x84, 0x0D, 0x49, 0x00, 0x15, 0x3E, 0x84, 0x0A, 
  0x49, 0x00, 0x15, 0x3B, 0xD5, 0x04, 0x96, 0x00, 0x49, 0x00, 0x15, 0x37, 0xF0, 0x01, 0xEC, 0x14, 
  0x3B, 0xFF, 0xFC, 0x84, 0xDD, 0x9E, 0x3A, 0x6F, 0xA0, 0xBC, 0x81, 0x00, 0x80, 0xE1, 0x84, 0xC0, 
  0xD5, 0x06, 0x38, 0x04, 0x18, 0x00, 0x49, 0xFF, 0xFF, 0xC7, 0x8C, 0xC1, 0xE0, 0xC7, 0xE9, 0xFA, 
  0x3A, 0x6F, 0xA0, 0x84, 0xDD, 0x9E, 0x5C, 0xF0, 0x00, 0x20, 0xE8, 0x0A, 0x64, 0x23, 0x04, 0x02, 
  0x84, 0x21, 0x40, 0x00, 0x80, 0x0C, 0x40, 0x01, 0x00, 0x12, 0x64, 0x03, 0x04, 0x03, 0xDD, 0x9E, 
  0x5C, 0xF0, 0x00, 0x20, 0xE8, 0x09, 0x64, 0x13, 0x04, 0x02, 0x84, 0x41, 0x40, 0x01, 0x00, 0x0C, 
  0xFE, 0x0F, 0x64, 0x03, 0x04, 0x03, 0xDD, 0x9E, 0x64, 0x02, 0x00, 0x02, 0x96, 0x04, 0xDD, 0x9E, 
  0x64, 0x02, 0x00, 0x43, 0x64, 0x00, 0x00, 0x08, 0x64, 0x00, 0x00, 0x08, 0xDD, 0x9E, 0x64, 0x12, 
  0x00, 0x43, 0x64, 0x00, 0x00, 0x08, 0xDD, 0x9E, 0xD5, 0x00, 0x3A, 0x6F, 0x98, 0xBC, 0x49, 0xFF, 
  0xFB, 0x35, 0x49, 0x00, 0x08, 0x4A, 0x49, 0xFF, 0xFB, 0x1E, 0x49, 0xFF, 0xFB, 0x87, 0x3A, 0x6F, 
  0x98, 0x84, 0xDD, 0x9E, 0x3A, 0x6F, 0xA4, 0xBC, 0xEF, 0xF4, 0x80, 0xC0, 0x81, 0x01, 0x44, 0x00, 
  0x77, 0xF0, 0x49, 0x00, 0x16, 0xA4, 0x64, 0x72, 0x64, 0x02, 0x64, 0x92, 0xA4, 0x02, 0x97, 0xDF, 
  0x5A, 0x88, 0x07, 0x5D, 0x44, 0x00, 0x78, 0x18, 0x49, 0x00, 0x16, 0x94, 0xCF, 0x06, 0x44, 0x00, 
  0x78, 0x24, 0x49, 0x00, 0x16, 0x94, 0xD5, 0x52, 0x5A, 0x78, 0x01, 0x07, 0x44, 0x00, 0x78, 0x5C, 
  0x49, 0x00, 0x16, 0x8D, 0xD5, 0x4B, 0x5A, 0x78, 0x02, 0x07, 0x44, 0x00, 0x78, 0x74, 0x49, 0x00, 
  0x16, 0x86, 0xD5, 0x44, 0x5A, 0x78, 0x03, 0x07, 0x44, 0x00, 0x78, 0x7C, 0x49, 0x00, 0x16, 0x7F, 
  0xD5, 0x3D, 0x5A, 0x78, 0x04, 0x07, 0x44, 0x00, 0x78, 0x88, 0x49, 0x00, 0x16, 0x78, 0xD5, 0x36, 
  0x5A, 0x78, 0x05, 0x07, 0x44, 0x00, 0x78, 0x9C, 0x49, 0x00, 0x16, 0x71, 0xD5, 0x2F, 0x5A, 0x78, 
  0x06, 0x07, 0x44, 0x00, 0x78, 0xB4, 0x49, 0x00, 0x16, 0x6A, 0xD5, 0x28, 0x5A, 0x78, 0x07, 0x07, 
  0x44, 0x00, 0x78, 0xC4, 0x49, 0x00, 0x16, 0x63, 0xD5, 0x21, 0x5A, 0x78, 0x08, 0x07, 0x44, 0x00, 
  0x78, 0xDC, 0x49, 0x00, 0x16, 0x5C, 0xD5, 0x1A, 0x5A, 0x78, 0x09, 0x07, 0x44, 0x00, 0x78, 0xEC, 
  0x49, 0x00, 0x16, 0x55, 0xD5, 0x13, 0x5A, 0x78, 0x0A, 0x07, 0x44, 0x00, 0x79, 0x14, 0x49, 0x00, 
  0x16, 0x4E, 0xD5, 0x0C, 0x5A, 0x78, 0x0B, 0x07, 0x44, 0x00, 0x79, 0x30, 0x49, 0x00, 0x16, 0x47, 
  0xD5, 0x05, 0x44, 0x00, 0x79, 0x50, 0x49, 0x00, 0x16, 0x42, 0xB7, 0x3F, 0x44, 0x00, 0x79, 0x5C, 
  0x49, 0x00, 0x16, 0x38, 0xB4, 0x06, 0xB6, 0x1F, 0x44, 0x00, 0x79, 0x6C, 0x49, 0x00, 0x16, 0x32, 
  0xA0, 0x31, 0xB6, 0x1F, 0x44, 0x00, 0x79, 0x7C, 0x49, 0x00, 0x16, 0x2C, 0xA0, 0x32, 0xB6, 0x1F, 
  0x44, 0x00, 0x79, 0x8C, 0x49, 0x00, 0x16, 0x26, 0xA0, 0x33, 0xB6, 0x1F, 0x44, 0x00, 0x79, 0x9C, 
  0x49, 0x00, 0x16, 0x20, 0xA0, 0x34, 0xB6, 0x1F, 0x44, 0x00, 0x79, 0xAC, 0x49, 0x00, 0x16, 0x1A, 
  0xA0, 0x35, 0xB6, 0x1F, 0x44, 0x00, 0x79, 0xBC, 0x49, 0x00, 0x16, 0x14, 0xA0, 0x36, 0xB6, 0x1F, 
  0x44, 0x00, 0x79, 0xCC, 0x49, 0x00, 0x16, 0x0E, 0xA0, 0x37, 0xB6, 0x1F, 0x44, 0x00, 0x79, 0xDC, 
  0x49, 0x00, 0x16, 0x08, 0x04, 0x03, 0x00, 0x08, 0xB6, 0x1F, 0x44, 0x00, 0x79, 0xEC, 0x49, 0x00, 
  0x16, 0x01, 0x04, 0x03, 0x00, 0x09, 0xB6, 0x1F, 0x44, 0x00, 0x79, 0xFC, 0x49, 0x00, 0x15, 0xFA, 
  0x04, 0x03, 0x00, 0x0A, 0xB6, 0x1F, 0x44, 0x00, 0x7A, 0x0C, 0x49, 0x00, 0x15, 0xF3, 0x04, 0x03, 
  0x00, 0x0B, 0xB6, 0x1F, 0x44, 0x00, 0x7A, 0x1C, 0x49, 0x00, 0x15, 0xEC, 0x04, 0x03, 0x00, 0x0C, 
  0xB6, 0x1F, 0x44, 0x00, 0x7A, 0x2C, 0x49, 0x00, 0x15, 0xE5, 0x04, 0x03, 0x00, 0x0D, 0xB6, 0x1F, 
  0x44, 0x00, 0x7A, 0x3C, 0x49, 0x00, 0x15, 0xDE, 0x04, 0x03, 0x00, 0x0E, 0xB6, 0x1F, 0x44, 0x00, 
  0x7A, 0x4C, 0x49, 0x00, 0x15, 0xD7, 0x04, 0x03, 0x00, 0x0F, 0xB6, 0x1F, 0x44, 0x00, 0x7A, 0x5C, 
  0x49, 0x00, 0x15, 0xD0, 0x04, 0x03, 0x00, 0x10, 0xB6, 0x1F, 0x44, 0x00, 0x7A, 0x6C, 0x49, 0x00, 
  0x15, 0xC9, 0x04, 0x03, 0x00, 0x11, 0xB6, 0x1F, 0x44, 0x00, 0x7A, 0x7C, 0x49, 0x00, 0x15, 0xC2, 
  0x04, 0x03, 0x00, 0x12, 0xB6, 0x1F, 0x44, 0x00, 0x7A, 0x8C, 0x49, 0x00, 0x15, 0xBB, 0x04, 0x03, 
  0x00, 0x13, 0xB6, 0x1F, 0x44, 0x00, 0x7A, 0x9C, 0x49, 0x00, 0x15, 0xB4, 0x04, 0x03, 0x00, 0x14, 
  0xB6, 0x1F, 0x44, 0x00, 0x7A, 0xAC, 0x49, 0x00, 0x15, 0xAD, 0x04, 0x03, 0x00, 0x15, 0xB6, 0x1F, 
  0x44, 0x00, 0x7A, 0xBC, 0x49, 0x00, 0x15, 0xA6, 0x04, 0x03, 0x00, 0x16, 0xB6, 0x1F, 0x44, 0x00, 
  0x7A, 0xCC, 0x49, 0x00, 0x15, 0x9F, 0xB7, 0x1F, 0x44, 0x00, 0x7A, 0xDC, 0x49, 0x00, 0x15, 0x9A, 
  0xB6, 0xFF, 0x44, 0x00, 0x7A, 0xF0, 0x49, 0x00, 0x15, 0x95, 0xD5, 0x00, 0x3A, 0x6F, 0xA0, 0xBC, 
  0xEF, 0xD8, 0x84, 0x00, 0xF0, 0x89, 0xF0, 0x88, 0xF0, 0x87, 0xF0, 0x86, 0xF0, 0x85, 0x44, 0x00, 
  0x00, 0xFF, 0x50, 0x1F, 0x80, 0x13, 0x84, 0x41, 0x84, 0x60, 0x49, 0xFF, 0xEC, 0x85, 0x49, 0x00, 
  0x14, 0x15, 0x3E, 0x0F, 0x70, 0x28, 0x49, 0xFF, 0xFC, 0x01, 0xC0, 0xFA, 0x3E, 0x0F, 0x70, 0x28, 
  0x44, 0x10, 0x7B, 0x08, 0x84, 0x44, 0x49, 0x00, 0x03, 0xDF, 0x4E, 0x03, 0x00, 0xD8, 0x3E, 0x0F, 
  0x70, 0x30, 0x3A, 0x00, 0x00, 0x00, 0xB0, 0x49, 0x3A, 0x00, 0x80, 0x20, 0x3E, 0x0F, 0x70, 0x34, 
  0x3A, 0x00, 0x00, 0x00, 0xB0, 0x48, 0x3A, 0x00, 0x80, 0x20, 0x3E, 0x0F, 0x70, 0x38, 0x3A, 0x00, 
  0x00, 0x00, 0xB0, 0x47, 0x3A, 0x00, 0x80, 0x20, 0x3E, 0x0F, 0x70, 0x50, 0x3A, 0x00, 0x00, 0x00, 
  0xB0, 0x46, 0x3A, 0x00, 0x80, 0x20, 0x3E, 0x0F, 0x70, 0x54, 0x3A, 0x00, 0x00, 0x00, 0xB0, 0x45, 
  0x3A, 0x00, 0x80, 0x20, 0xF0, 0x09, 0xB6, 0x1F, 0xF0, 0x08, 0xF0, 0x81, 0xF0, 0x07, 0xF0, 0x82, 
  0x3E, 0x6F, 0x70, 0x28, 0x00, 0x03, 0x00, 0x14, 0xF0, 0x83, 0x44, 0x00, 0x7B, 0x10, 0x49, 0x00, 
  0x15, 0x41, 0x84, 0x1F, 0x10, 0x03, 0x00, 0x08, 0x10, 0x03, 0x00, 0x09, 0x10, 0x03, 0x00, 0x0A, 
  0x10, 0x03, 0x00, 0x0B, 0x10, 0x03, 0x00, 0x0C, 0x00, 0x53, 0x00, 0x14, 0x00, 0x0F, 0x80, 0x13, 
  0xD8, 0x3A, 0xF1, 0x08, 0xC9, 0x13, 0xF0, 0x06, 0xC8, 0x11, 0x44, 0x01, 0x00, 0x00, 0xF1, 0x09, 
  0x98, 0x88, 0x3E, 0x18, 0x90, 0x70, 0x3A, 0x10, 0x84, 0x00, 0x9A, 0x08, 0xE2, 0x02, 0xE9, 0x2B, 
  0x44, 0x00, 0x00, 0x55, 0x3E, 0x07, 0x70, 0x30, 0xD5, 0x26, 0xF0, 0x09, 0xC0, 0x05, 0x44, 0x00, 
  0x00, 0x55, 0x3E, 0x07, 0x70, 0x30, 0xF0, 0x07, 0x88, 0x20, 0x44, 0x01, 0x00, 0x00, 0x88, 0x20, 
  0x3E, 0x08, 0x90, 0x70, 0x3A, 0x00, 0x00, 0x00, 0xE2, 0x01, 0xE9, 0x05, 0x44, 0x00, 0x00, 0x55, 
  0x3E, 0x07, 0x70, 0x31, 0xF0, 0x06, 0xF1, 0x05, 0x88, 0x20, 0x44, 0x01, 0x00, 0x00, 0x88, 0x20, 
  0x3E, 0x08, 0x90, 0x70, 0x3A, 0x00, 0x00, 0x00, 0xE2, 0x01, 0xE9, 0x05, 0x44, 0x00, 0x00, 0x55, 
  0x3E, 0x07, 0x70, 0x32, 0x2E, 0x07, 0x70, 0x30, 0x5A, 0x08, 0x55, 0x29, 0x2E, 0x07, 0x70, 0x44, 
  0x5A, 0x08, 0x79, 0x25, 0x44, 0x01, 0x00, 0xB8, 0x3E, 0x1F, 0x70, 0x28, 0x84, 0x44, 0x84, 0x60, 
  0x49, 0xFF, 0xEB, 0xEA, 0x3E, 0x0F, 0x70, 0x28, 0x00, 0x50, 0x00, 0x18, 0xA6, 0x00, 0xD8, 0x16, 
  0x3E, 0x0F, 0x70, 0x28, 0x00, 0x50, 0x00, 0x19, 0xA6, 0x01, 0xD8, 0x10, 0x3E, 0x0F, 0x70, 0x28, 
  0x00, 0x50, 0x00, 0x1A, 0xA6, 0x02, 0xD8, 0x0A, 0x3E, 0x0F, 0x70, 0x28, 0x00, 0x50, 0x00, 0x1B, 
  0xA6, 0x03, 0xD8, 0x04, 0x84, 0x1F, 0x3E, 0x07, 0x70, 0x30, 0x3E, 0x0F, 0x70, 0x28, 0x49, 0xFF, 
  0xFB, 0x69, 0x2E, 0x07, 0x70, 0x30, 0x5A, 0x00, 0x55, 0x06, 0x2E, 0x07, 0x70, 0x31, 0x5A, 0x08, 
  0x55, 0x19, 0xB0, 0x04, 0x46, 0x10, 0x00, 0x07, 0x02, 0x10, 0x86, 0x82, 0x12, 0x1F, 0x80, 0x08, 
  0x46, 0x10, 0x00, 0x07, 0x00, 0x10, 0x8D, 0x06, 0x10, 0x1F, 0x80, 0x12, 0xB6, 0x1F, 0x84, 0x03, 
  0xF0, 0x81, 0x84, 0x02, 0x49, 0xFF, 0xEF, 0xE0, 0x4E, 0x02, 0x01, 0xE6, 0x48, 0x00, 0x01, 0xEC, 
  0x49, 0x00, 0x0C, 0x60, 0x49, 0x00, 0x0C, 0x97, 0x49, 0x00, 0x0C, 0x6F, 0x44, 0x01, 0x00, 0x00, 
  0x84, 0x26, 0x49, 0x00, 0x1B, 0x3F, 0x48, 0x00, 0x01, 0xD7, 0x3E, 0x0F, 0x70, 0x28, 0x44, 0x10, 
  0x7B, 0x50, 0x84, 0x48, 0x49, 0x00, 0x03, 0x00, 0xC8, 0x2D, 0x3E, 0x0F, 0x70, 0x28, 0x3E, 0x68, 
  0x90, 0x70, 0x3A, 0x13, 0x04, 0x00, 0x3A, 0x10, 0x04, 0x20, 0x49, 0xFF, 0xFB, 0x2B, 0x3A, 0x73, 
  0x1C, 0x00, 0x92, 0xF0, 0x84, 0xC1, 0xD5, 0x13, 0x40, 0x03, 0x40, 0x08, 0x44, 0x11, 0x00, 0x00, 
  0x49, 0xFF, 0xEE, 0xD4, 0x3E, 0x0F, 0x70, 0x28, 0x9E, 0x71, 0xAE, 0x40, 0x49, 0xFF, 0xFB, 0x1A, 
  0xB6, 0xDF, 0x44, 0x00, 0x7B, 0x5C, 0x49, 0x00, 0x14, 0x75, 0x8C, 0xC1, 0x9E, 0x39, 0xE2, 0xC0, 
  0xE9, 0xEC, 0x3E, 0x0F, 0x70, 0x28, 0x84, 0x20, 0x84, 0x48, 0x49, 0x00, 0x14, 0x31, 0x48, 0x00, 
  0x01, 0xA3, 0x3E, 0x0F, 0x70, 0x28, 0x44, 0x10, 0x7B, 0x64, 0x84, 0x48, 0x49, 0x00, 0x02, 0xCC, 
  0x4E, 0x03, 0x00, 0x87, 0x44, 0x00, 0x7B, 0x70, 0x49, 0x00, 0x14, 0x61, 0xF0, 0x09, 0x40, 0x80, 
  0x30, 0x09, 0x54, 0x00, 0x0F, 0xFF, 0xC0, 0x02, 0x8D, 0x01, 0x44, 0x01, 0x00, 0x00, 0x40, 0x14, 
  0x30, 0x08, 0x49, 0xFF, 0xEE, 0xA3, 0x44, 0x00, 0x7B, 0x80, 0x49, 0x00, 0x14, 0x50, 0x84, 0x00, 
  0x3C, 0x0B, 0xB8, 0x0C, 0x84, 0xC1, 0xD5, 0x2C, 0x50, 0x73, 0x00, 0x10, 0x40, 0x73, 0xB0, 0x08, 
  0x3E, 0x0F, 0x70, 0x28, 0x49, 0xFF, 0xFA, 0xCD, 0x80, 0x07, 0x3E, 0x1F, 0x70, 0x28, 0x44, 0x20, 
  0x10, 0x00, 0x49, 0xFF, 0xFC, 0xC4, 0xC8, 0x05, 0x84, 0x1F, 0x3E, 0x07, 0x70, 0x30, 0xD5, 0x05, 
  0x44, 0x00, 0x00, 0x55, 0x3E, 0x07, 0x70, 0x30, 0x3E, 0x0F, 0x70, 0x28, 0x49, 0xFF, 0xFA, 0xCA, 
  0x2E, 0x17, 0x70, 0x30, 0x3C, 0x03, 0xB8, 0x0C, 0x8C, 0x01, 0x96, 0x01, 0x3C, 0x0B, 0xB8, 0x0C, 
  0xB6, 0x3F, 0xF0, 0x81, 0x44, 0x00, 0x7B, 0x90, 0x49, 0x00, 0x14, 0x1C, 0x8C, 0xC1, 0xE2, 0xC8, 
  0xE9, 0xD4, 0x3E, 0x0F, 0x70, 0x28, 0x44, 0x10, 0x00, 0x55, 0x10, 0x10, 0x00, 0x08, 0x49, 0xFF, 
  0xFA, 0xA0, 0x84, 0xCF, 0xD5, 0x0F, 0x50, 0x03, 0x01, 0x00, 0x40, 0x13, 0x20, 0x08, 0x40, 0x00, 
  0x20, 0x08, 0x3E, 0x2F, 0x70, 0x28, 0x88, 0x22, 0x44, 0x20, 0x01, 0x00, 0x49, 0xFF, 0xEC, 0x0E, 
  0x8E, 0xC1, 0x84, 0x6A, 0x4E, 0x64, 0xFF, 0xF1, 0x44, 0x01, 0x00, 0x00, 0x3E, 0x1F, 0x80, 0x28, 
  0x44, 0x20, 0x10, 0x00, 0x49, 0xFF, 0xEA, 0xF8, 0x3E, 0x0F, 0x70, 0x28, 0x3E, 0x1F, 0x80, 0x28, 
  0x44, 0x20, 0x10, 0x00, 0x49, 0x00, 0x02, 0x58, 0xC0, 0x05, 0x84, 0x1F, 0x3E, 0x07, 0x70, 0x30, 
  0xD5, 0x05, 0x44, 0x00, 0x00, 0x55, 0x3E, 0x07, 0x70, 0x30, 0x44, 0x00, 0x7B, 0xA8, 0x49, 0x00, 
  0x13, 0xE6, 0x3E, 0x0F, 0x70, 0x28, 0x49, 0xFF, 0xFA, 0x7D, 0x48, 0x00, 0x01, 0x15, 0x3E, 0x0F, 
  0x70, 0x28, 0x44, 0x10, 0x7B, 0xBC, 0x84, 0x48, 0x49, 0x00, 0x02, 0x3E, 0x4E, 0x03, 0x00, 0x6E, 
  0x44, 0x00, 0x7B, 0xC8, 0x49, 0x00, 0x13, 0xD3, 0xF0, 0x08, 0x40, 0x80, 0x30, 0x09, 0x54, 0x00, 
  0x0F, 0xFF, 0xC0, 0x02, 0x8D, 0x01, 0xF0, 0x07, 0x40, 0x14, 0x30, 0x08, 0x49, 0xFF, 0xEE, 0x16, 
  0x84, 0xC1, 0xD5, 0x1E, 0x40, 0x73, 0x30, 0x08, 0xF0, 0x07, 0x88, 0xE0, 0x3E, 0x0F, 0x70, 0x28, 
  0x49, 0xFF, 0xFA, 0x47, 0x80, 0x07, 0x3E, 0x1F, 0x70, 0x28, 0x44, 0x20, 0x10, 0x00, 0x49, 0xFF, 
  0xFC, 0x3E, 0xC8, 0x05, 0x84, 0x1F, 0x3E, 0x07, 0x70, 0x30, 0xD5, 0x05, 0x44, 0x00, 0x00, 0x55, 
  0x3E, 0x07, 0x70, 0x30, 0x3E, 0x0F, 0x70, 0x28, 0x49, 0xFF, 0xFA, 0x44, 0x8C, 0xC1, 0xE2, 0xC8, 
  0xE9, 0xE2, 0x3E, 0x0F, 0x70, 0x28, 0x44, 0x10, 0x00, 0x55, 0x10, 0x10, 0x00, 0x08, 0x49, 0xFF, 
  0xFA, 0x28, 0x84, 0xCF, 0xD5, 0x0D, 0x40, 0x13, 0x20, 0x08, 0xF0, 0x07, 0x88, 0x01, 0x3E, 0x2F, 
  0x70, 0x28, 0x88, 0x22, 0x44, 0x20, 0x01, 0x00, 0x49, 0xFF, 0xEB, 0x98, 0x8E, 0xC1, 0x84, 0x6A, 
  0x4E, 0x64, 0xFF, 0xF3, 0xF0, 0x07, 0x3E, 0x1F, 0x80, 0x28, 0x44, 0x20, 0x10, 0x00, 0x49, 0xFF, 
  0xEA, 0x83, 0x3E, 0x0F, 0x70, 0x28, 0x3E, 0x1F, 0x80, 0x28, 0x44, 0x20, 0x10, 0x00, 0x49, 0x00, 
  0x01, 0xE3, 0xC0, 0x05, 0x84, 0x1F, 0x3E, 0x07, 0x70, 0x30, 0xD5, 0x05, 0x44, 0x00, 0x00, 0x55, 
  0x3E, 0x07, 0x70, 0x30, 0x44, 0x00, 0x7B, 0xDC, 0x49, 0x00, 0x13, 0x71, 0x3E, 0x0F, 0x70, 0x28, 
  0x49, 0xFF, 0xFA, 0x08, 0x48, 0x00, 0x00, 0xA0, 0x3E, 0x0F, 0x70, 0x28, 0x44, 0x10, 0x7B, 0xF4, 
  0x84, 0x47, 0x49, 0x00, 0x01, 0xC9, 0x4E, 0x03, 0x00, 0x6D, 0x44, 0x00, 0x7B, 0xFC, 0x49, 0x00, 
  0x13, 0x5E, 0xF0, 0x06, 0x40, 0x80, 0x30, 0x09, 0x54, 0x00, 0x0F, 0xFF, 0xC0, 0x02, 0x8D, 0x01, 
  0xF0, 0x05, 0x40, 0x14, 0x30, 0x08, 0x49, 0xFF, 0xED, 0xA1, 0x84, 0xC1, 0xD5, 0x1E, 0x40, 0x73, 
  0x30, 0x08, 0xF0, 0x05, 0x88, 0xE0, 0x3E, 0x0F, 0x70, 0x28, 0x49, 0xFF, 0xF9, 0xD2, 0x80, 0x07, 
  0x3E, 0x1F, 0x70, 0x28, 0x44, 0x20, 0x10, 0x00, 0x49, 0xFF, 0xFB, 0xC9, 0xC8, 0x05, 0x84, 0x1F, 
  0x3E, 0x07, 0x70, 0x30, 0xD5, 0x05, 0x44, 0x00, 0x00, 0x55, 0x3E, 0x07, 0x70, 0x30, 0x3E, 0x0F, 
  0x70, 0x28, 0x49, 0xFF, 0xF9, 0xCF, 0x8C, 0xC1, 0xE2, 0xC8, 0xE9, 0xE2, 0x3E, 0x0F, 0x70, 0x28, 
  0x44, 0x10, 0x00, 0x55, 0x10, 0x10, 0x00, 0x08, 0x49, 0xFF, 0xF9, 0xB3, 0x84, 0xCF, 0xD5, 0x0D, 
  0x40, 0x13, 0x20, 0x08, 0xF0, 0x05, 0x88, 0x01, 0x3E, 0x2F, 0x70, 0x28, 0x88, 0x22, 0x44, 0x20, 
  0x01, 0x00, 0x49, 0xFF, 0xEB, 0x23, 0x8E, 0xC1, 0x84, 0x6A, 0x4E, 0x64, 0xFF, 0xF3, 0xF0, 0x05, 
  0x3E, 0x1F, 0x80, 0x28, 0x44, 0x20, 0x10, 0x00, 0x49, 0xFF, 0xEA, 0x0E, 0x3E, 0x0F, 0x70, 0x28, 
  0x3E, 0x1F, 0x80, 0x28, 0x44, 0x20, 0x10, 0x00, 0x49, 0x00, 0x01, 0x6E, 0xC0, 0x05, 0x84, 0x1F, 
  0x3E, 0x07, 0x70, 0x30, 0xD5, 0x05, 0x44, 0x00, 0x00, 0x55, 0x3E, 0x07, 0x70, 0x30, 0x44, 0x00, 
  0x7C, 0x10, 0x49, 0x00, 0x12, 0xFC, 0x3E, 0x0F, 0x70, 0x28, 0x49, 0xFF, 0xF9, 0x93, 0xD5, 0x2B, 
  0x3E, 0x0F, 0x70, 0x28, 0x44, 0x10, 0x7C, 0x28, 0x84, 0x46, 0x49, 0x00, 0x01, 0x55, 0xC8, 0x23, 
  0x44, 0x00, 0x7C, 0x30, 0x49, 0x00, 0x12, 0xEB, 0x2E, 0x07, 0x70, 0x30, 0x5A, 0x08, 0x6F, 0x16, 
  0x2E, 0x07, 0x70, 0x31, 0x5A, 0x08, 0x6B, 0x12, 0x44, 0x00, 0x7C, 0x30, 0x49, 0x00, 0x12, 0xDF, 
  0x49, 0x00, 0x0A, 0x90, 0x49, 0x00, 0x0A, 0xC7, 0x49, 0x00, 0x0A, 0x9F, 0x44, 0x01, 0x00, 0x00, 
  0x84, 0x27, 0x49, 0x00, 0x19, 0x6F, 0xD5, 0x07, 0x44, 0x00, 0x7C, 0x40, 0x49, 0x00, 0x12, 0xCF, 
  0x49, 0x00, 0x0E, 0xAE, 0x3E, 0x0F, 0x70, 0x28, 0x84, 0x20, 0x84, 0x48, 0x49, 0x00, 0x12, 0x88, 
  0x48, 0xFF, 0xFD, 0x3F, 0x44, 0x00, 0x7B, 0x34, 0x49, 0x00, 0x12, 0xC1, 0x84, 0x00, 0xEC, 0x28, 
  0x3A, 0x6F, 0xA0, 0x84, 0xDD, 0x9E, 0x3A, 0x6F, 0x98, 0xBC, 0x44, 0x60, 0x03, 0xE8, 0x46, 0x04, 
  0x00, 0x01, 0xA0, 0x03, 0x42, 0x00, 0x04, 0x0B, 0xC0, 0x0C, 0x49, 0xFF, 0xFB, 0x56, 0xC0, 0x09, 
  0x46, 0x04, 0x00, 0x01, 0xA0, 0x03, 0x92, 0x05, 0x96, 0x0F, 0x49, 0xFF, 0xFD, 0x11, 0xD5, 0x0A, 
  0x49, 0x00, 0x11, 0x34, 0x8E, 0xC1, 0xCE, 0xEC, 0x44, 0x00, 0x7C, 0x54, 0x49, 0x00, 0x12, 0x9F, 
  0x84, 0x02, 0x3A, 0x6F, 0x98, 0x84, 0xDD, 0x9E, 0x3B, 0xFF, 0xFC, 0xBC, 0xEF, 0xEC, 0x49, 0x00, 
  0x11, 0x13, 0x84, 0x01, 0x49, 0x00, 0x01, 0xA8, 0x49, 0x00, 0x01, 0x3C, 0x44, 0x10, 0xFF, 0xFF, 
  0x4C, 0x00, 0xC0, 0x12, 0xFA, 0x06, 0xFA, 0x20, 0x49, 0xFF, 0xF2, 0x51, 0xFA, 0x07, 0xFA, 0x20, 
  0x49, 0xFF, 0xF2, 0x45, 0xFA, 0x06, 0xFA, 0x30, 0x49, 0xFF, 0xF2, 0x49, 0xFA, 0x07, 0xFA, 0x30, 
  0x49, 0xFF, 0xF2, 0x3D, 0x84, 0x01, 0x46, 0x10, 0x0B, 0x71, 0x50, 0x10, 0x8B, 0x00, 0x49, 0x00, 
  0x01, 0xB6, 0x44, 0x07, 0x53, 0x00, 0x49, 0x00, 0x02, 0xB5, 0x84, 0x1F, 0x49, 0x00, 0x03, 0xB2, 
  0x44, 0x00, 0x00, 0x3F, 0x49, 0x00, 0x03, 0xBF, 0x46, 0x00, 0x10, 0x00, 0x49, 0x00, 0x03, 0xB2, 
  0x46, 0x00, 0x20, 0x00, 0x49, 0x00, 0x03, 0xAE, 0x84, 0x01, 0x49, 0x00, 0x03, 0x5F, 0x84, 0x01, 
  0x49, 0x00, 0x03, 0x8B, 0x84, 0x08, 0x49, 0x00, 0x02, 0x3C, 0x84, 0x00, 0x44, 0x10, 0x00, 0x40, 
  0x49, 0x00, 0x0E, 0x1E, 0x46, 0x00, 0x47, 0x86, 0x50, 0x00, 0x08, 0xC0, 0x84, 0x22, 0x84, 0x40, 
  0x84, 0x61, 0x49, 0xFF, 0xED, 0x10, 0x64, 0x12, 0x00, 0x43, 0x64, 0x00, 0x00, 0x08, 0x49, 0x00, 
  0x0E, 0x2C, 0x84, 0x00, 0x44, 0x11, 0xC2, 0x00, 0x84, 0x48, 0x84, 0x60, 0x84, 0x81, 0x49, 0xFF, 
  0xF6, 0x71, 0x49, 0x00, 0x10, 0x9A, 0xB6, 0x1F, 0x44, 0x00, 0x7C, 0x64, 0x49, 0x00, 0x12, 0x32, 
  0x84, 0x01, 0xB6, 0x1F, 0x84, 0x02, 0xF0, 0x81, 0x84, 0x03, 0xF0, 0x82, 0x44, 0x00, 0x7C, 0x78, 
  0x49, 0x00, 0x12, 0x28, 0x46, 0x04, 0x00, 0x20, 0x04, 0x00, 0x00, 0x0A, 0x96, 0x1F, 0x5A, 0x08, 
  0x0E, 0x07, 0x44, 0x00, 0x7C, 0xA4, 0x49, 0x00, 0x12, 0x22, 0xD5, 0x17, 0x46, 0x04, 0x00, 0x20, 
  0x04, 0x00, 0x00, 0x0A, 0x96, 0x1F, 0x5A, 0x08, 0x0F, 0x07, 0x44, 0x00, 0x7C, 0xB4, 0x49, 0x00, 
  0x12, 0x16, 0xD5, 0x0B, 0x46, 0x04, 0x00, 0x20, 0x04, 0x00, 0x00, 0x0A, 0x96, 0x1F, 0xB6, 0x1F, 
  0x44, 0x00, 0x7C, 0xC0, 0x49, 0x00, 0x12, 0x06, 0x46, 0x04, 0x00, 0x01, 0x84, 0x20, 0x10, 0x10, 
  0x00, 0x0D, 0x46, 0x14, 0x00, 0x22, 0xA0, 0x8C, 0x96, 0xB7, 0x10, 0x20, 0x00, 0x0E, 0xA0, 0x0C, 
  0x58, 0x00, 0x00, 0x80, 0xA8, 0x0C, 0x49, 0xFF, 0xF9, 0x4E, 0xC0, 0x03, 0x49, 0xFF, 0xF9, 0x7D, 
  0x49, 0xFF, 0xF8, 0xDF, 0xC0, 0x03, 0x49, 0xFF, 0xF9, 0x78, 0x49, 0xFF, 0xF6, 0xDF, 0xC0, 0x17, 
  0x46, 0x04, 0x00, 0x01, 0xA0, 0x43, 0x58, 0x10, 0x80, 0x10, 0xA8, 0x43, 0xA0, 0x43, 0x58, 0x10, 
  0x80, 0x02, 0xA8, 0x43, 0xA0, 0x43, 0x58, 0x10, 0x80, 0x01, 0xA8, 0x43, 0xA0, 0x43, 0x58, 0x10, 
  0x80, 0x0C, 0xA8, 0x43, 0x44, 0x00, 0x7C, 0xD8, 0x49, 0x00, 0x11, 0xD9, 0x46, 0x04, 0x00, 0x01, 
  0xA0, 0x03, 0x42, 0x00, 0x10, 0x0B, 0xC0, 0x2C, 0x46, 0x04, 0x00, 0x01, 0xA0, 0x03, 0x42, 0x00, 
  0x04, 0x0B, 0xC8, 0x1E, 0x46, 0x04, 0x00, 0x01, 0xA0, 0x03, 0x96, 0x04, 0xC8, 0x19, 0x46, 0x04, 
  0x00, 0x01, 0xA0, 0x03, 0x92, 0x02, 0x96, 0x0F, 0xC8, 0x13, 0x46, 0x04, 0x00, 0x01, 0xA0, 0x43, 
  0x58, 0x10, 0x80, 0x02, 0xA8, 0x43, 0xA0, 0x43, 0x58, 0x10, 0x80, 0x01, 0xA8, 0x43, 0xA0, 0x43, 
  0x58, 0x10, 0x80, 0x0C, 0xA8, 0x43, 0xA0, 0x43, 0x58, 0x10, 0x80, 0x10, 0xA8, 0x43, 0x44, 0x00, 
  0x7C, 0xEC, 0x49, 0x00, 0x11, 0xAC, 0x49, 0xFF, 0xFE, 0xF0, 0x80, 0x20, 0xD5, 0x02, 0x84, 0x20, 
  0x44, 0x01, 0x00, 0x00, 0x49, 0x00, 0x18, 0x3E, 0x84, 0x00, 0xEC, 0x14, 0x3B, 0xFF, 0xFC, 0x84, 
  0xDD, 0x9E, 0x00, 0x00, 0x40, 0x51, 0x08, 0x09, 0xC5, 0x0F, 0x95, 0x6A, 0x99, 0x68, 0x96, 0x8F, 
  0x3A, 0x30, 0x0C, 0x04, 0x3A, 0x40, 0x90, 0x04, 0x4C, 0x32, 0x40, 0x04, 0xD8, 0xFA, 0xD5, 0x04, 
  0x8E, 0x04, 0x8E, 0x24, 0x8C, 0x44, 0x99, 0x42, 0xD0, 0x09, 0x08, 0x30, 0x00, 0x01, 0x08, 0x40, 
  0x80, 0x01, 0x4C, 0x32, 0x3F, 0xFB, 0x9A, 0x1C, 0xDD, 0x9E, 0x84, 0x00, 0xDD, 0x9E, 0x92, 0x00, 
  0x47, 0xD2, 0x00, 0x1A, 0x59, 0xDE, 0x80, 0x78, 0x64, 0x00, 0x80, 0x02, 0x46, 0x10, 0x10, 0x00, 
  0x40, 0x20, 0x04, 0x02, 0xC2, 0x04, 0x84, 0x00, 0x42, 0x0E, 0x00, 0x21, 0x64, 0x08, 0xA0, 0x02, 
  0x58, 0x00, 0x00, 0x01, 0x64, 0x08, 0xA0, 0x03, 0x64, 0x00, 0x00, 0x08, 0x6A, 0x00, 0x07, 0x01, 
  0x58, 0x00, 0x10, 0x00, 0x6A, 0x00, 0x07, 0x09, 0x64, 0x00, 0x00, 0x08, 0x3F, 0xFF, 0x6F, 0x88, 
  0x84, 0x00, 0x64, 0x05, 0xE4, 0x03, 0x49, 0xFF, 0xFA, 0xA2, 0x49, 0xFF, 0xFE, 0xBF, 0xD5, 0x00, 
  0x46, 0x04, 0x00, 0x30, 0xA0, 0x03, 0x96, 0x01, 0xDD, 0x9E, 0x46, 0x14, 0x00, 0x2E, 0x04, 0x00, 
  0x80, 0x1B, 0x66, 0x00, 0x00, 0x10, 0x14, 0x00, 0x80, 0x1B, 0xDD, 0x9E, 0x3B, 0xFF, 0xFC, 0xBC, 
  0xEF, 0xFC, 0x49, 0xFF, 0xFF, 0xEF, 0x44, 0x10, 0xFF, 0xFF, 0x4C, 0x00, 0xC0, 0x28, 0x46, 0x04, 
  0x00, 0x25, 0x02, 0x10, 0x00, 0x1E, 0x58, 0x10, 0x82, 0x00, 0x12, 0x10, 0x00, 0x1E, 0x02, 0x10, 
  0x00, 0x1E, 0x58, 0x10, 0x81, 0x00, 0x12, 0x10, 0x00, 0x1E, 0x02, 0x10, 0x00, 0x1E, 0x66, 0x10, 
  0x80, 0x80, 0x12, 0x10, 0x00, 0x1E, 0x49, 0x00, 0x0F, 0xCB, 0x46, 0x04, 0x00, 0x24, 0x04, 0x10, 
  0x02, 0x01, 0x58, 0x10, 0x84, 0x00, 0x14, 0x10, 0x02, 0x01, 0x04, 0x10, 0x02, 0x01, 0x42, 0x10, 
  0xC0, 0x08, 0x14, 0x10, 0x02, 0x01, 0x49, 0x00, 0x0F, 0xC6, 0xEC, 0x04, 0x3B, 0xFF, 0xFC, 0x84, 
  0xDD, 0x9E, 0x3B, 0xFF, 0xFC, 0xBC, 0xEF, 0xFC, 0x44, 0x00, 0x00, 0xCE, 0x49, 0x00, 0x03, 0x0B, 
  0x42, 0x00, 0x10, 0x0B, 0xEC, 0x04, 0x3B, 0xFF, 0xFC, 0x84, 0xDD, 0x9E, 0x3A, 0x6F, 0x98, 0xBC, 
  0x80, 0xC0, 0x49, 0xFF, 0xFF, 0xAF, 0x44, 0x10, 0xFF, 0xFF, 0x4C, 0x00, 0x80, 0x12, 0x49, 0x00, 
  0x0F, 0x9F, 0x46, 0x14, 0x00, 0x24, 0x97, 0x97, 0x40, 0x03, 0x30, 0x08, 0x02, 0x60, 0x84, 0x22, 
  0x66, 0x63, 0x70, 0x00, 0xFF, 0x87, 0x12, 0x60, 0x84, 0x22, 0x49, 0x00, 0x0F, 0x9C, 0x3A, 0x6F, 
  0x98, 0x84, 0xDD, 0x9E, 0x3A, 0x6F, 0x98, 0xBC, 0x80, 0xC0, 0x49, 0xFF, 0xFF, 0xA1, 0x84, 0x01, 
  0x49, 0xFF, 0xFF, 0xDE, 0x49, 0xFF, 0xFF, 0x93, 0x80, 0x06, 0x84, 0x21, 0x49, 0x00, 0x0B, 0xB4, 
  0x84, 0x01, 0x49, 0x00, 0x0B, 0x5C, 0x49, 0xFF, 0xFF, 0xC6, 0x3E, 0x07, 0x70, 0x10, 0xC8, 0x04, 
  0x49, 0x00, 0x03, 0x03, 0xD5, 0x0B, 0x5A, 0x08, 0x01, 0x0A, 0x46, 0x14, 0x00, 0x10, 0x00, 0x00, 
  0x80, 0x78, 0x66, 0x00, 0x00, 0x40, 0x10, 0x00, 0x80, 0x78, 0xFA, 0x30, 0x46, 0x04, 0x00, 0x30, 
  0x14, 0x10, 0x00, 0x25, 0x3A, 0x6F, 0x98, 0x84, 0xDD, 0x9E, 0x46, 0x24, 0x00, 0x24, 0x44, 0x30, 
  0x00, 0xCA, 0x14, 0x31, 0x02, 0x00, 0x44, 0x30, 0x00, 0x5C, 0x14, 0x31, 0x02, 0x00, 0x46, 0x20, 
  0x00, 0xF4, 0x50, 0x21, 0x02, 0x3F, 0x40, 0x21, 0x04, 0x06, 0xCA, 0x2D, 0xC0, 0x09, 0x46, 0x24, 
  0x00, 0x24, 0x02, 0x01, 0x04, 0x22, 0x58, 0x00, 0x00, 0x02, 0x12, 0x01, 0x04, 0x22, 0x46, 0x04, 
  0x00, 0x21, 0x02, 0x20, 0x00, 0x14, 0x58, 0x21, 0x00, 0x08, 0x12, 0x20, 0x00, 0x14, 0x84, 0x80, 
  0x46, 0x24, 0x00, 0x26, 0xA9, 0x11, 0x50, 0x21, 0x60, 0x00, 0x04, 0x31, 0x02, 0x02, 0x58, 0x31, 
  0x80, 0x01, 0x14, 0x31, 0x02, 0x02, 0x04, 0x31, 0x02, 0x02, 0x58, 0x31, 0x80, 0x04, 0x14, 0x31, 
  0x02, 0x02, 0x02, 0x20, 0x00, 0x14, 0x58, 0x21, 0x00, 0x10, 0x12, 0x20, 0x00, 0x14, 0x14, 0x40, 
  0x00, 0x09, 0xD5, 0x41, 0xC0, 0x10, 0x46, 0x04, 0x00, 0x21, 0x04, 0x20, 0x00, 0x1A, 0x66, 0x21, 
  0x10, 0x00, 0x14, 0x20, 0x00, 0x1A, 0x04, 0x20, 0x00, 0x1A, 0x58, 0x21, 0x20, 0x00, 0x14, 0x20, 
  0x00, 0x1A, 0xD5, 0x0F, 0x46, 0x04, 0x00, 0x21, 0x04, 0x20, 0x00, 0x1A, 0x58, 0x21, 0x20, 0x00, 
  0x14, 0x20, 0x00, 0x1A, 0x04, 0x20, 0x00, 0x1A, 0x58, 0x21, 0x10, 0x00, 0x14, 0x20, 0x00, 0x1A, 
  0x46, 0x34, 0x00, 0x21, 0x02, 0x01, 0x80, 0x14, 0x66, 0x00, 0x00, 0x08, 0x12, 0x01, 0x80, 0x14, 
  0x46, 0x24, 0x31, 0xBD, 0x50, 0x21, 0x0E, 0x83, 0x42, 0x00, 0x88, 0xB8, 0x40, 0x40, 0xFC, 0x0A, 
  0xFE, 0xA6, 0x88, 0x02, 0x92, 0x0D, 0x8E, 0x01, 0x46, 0x24, 0x00, 0x26, 0xA8, 0x11, 0x02, 0x01, 
  0x80, 0x14, 0x66, 0x00, 0x00, 0x10, 0x12, 0x01, 0x80, 0x14, 0x40, 0x00, 0xBC, 0x09, 0x8E, 0x01, 
  0x14, 0x01, 0x80, 0x09, 0x84, 0x40, 0x46, 0x04, 0x00, 0x24, 0x14, 0x20, 0x02, 0x00, 0x3C, 0x1F, 
  0xDB, 0xE4, 0xDD, 0x9E, 0x46, 0x04, 0x00, 0x21, 0x04, 0x00, 0x00, 0x0A, 0x42, 0x00, 0x0C, 0x0B, 
  0xC0, 0x10, 0x46, 0x04, 0x00, 0x24, 0x04, 0x10, 0x02, 0x02, 0x42, 0x10, 0x8C, 0x0B, 0x46, 0x04, 
  0x00, 0x24, 0x04, 0x00, 0x02, 0x02, 0x42, 0x00, 0x0C, 0x0B, 0x4C, 0x10, 0x3F, 0xFA, 0xD5, 0x06, 
  0x46, 0x04, 0x00, 0x21, 0x04, 0x00, 0x00, 0x1B, 0xC0, 0xFC, 0x84, 0x01, 0xDD, 0x9E, 0x9E, 0x42, 
  0x5C, 0x10, 0x80, 0x0D, 0xC1, 0x05, 0x8E, 0x01, 0x46, 0x14, 0x00, 0x21, 0xA8, 0x09, 0xDD, 0x9E, 
  0x9E, 0x42, 0x5C, 0x10, 0x80, 0x0D, 0xC1, 0x05, 0x8E, 0x01, 0x46, 0x14, 0x00, 0x21, 0xA8, 0x0D, 
  0xDD, 0x9E, 0x9E, 0x42, 0x5C, 0x10, 0x80, 0x0D, 0xC1, 0x05, 0x8E, 0x01, 0x46, 0x14, 0x00, 0x21, 
  0xA8, 0x0E, 0xDD, 0x9E, 0x9E, 0x42, 0x5C, 0x10, 0x80, 0x0D, 0xC1, 0x05, 0x8E, 0x01, 0x46, 0x14, 
  0x00, 0x21, 0xA8, 0x0F, 0xDD, 0x9E, 0x2E, 0x17, 0x6F, 0x89, 0x5A, 0x10, 0x01, 0x34, 0xC8, 0x05, 
  0x3C, 0x0D, 0xDB, 0xE3, 0x5A, 0x08, 0x01, 0x35, 0x46, 0x04, 0x00, 0x21, 0x00, 0x10, 0x00, 0x5C, 
  0x58, 0x10, 0x80, 0x02, 0x10, 0x10, 0x00, 0x5C, 0x00, 0x10, 0x00, 0x5C, 0x58, 0x10, 0x80, 0x01, 
  0x10, 0x10, 0x00, 0x5C, 0x04, 0x00, 0x00, 0x0A, 0x96, 0x04, 0xC8, 0x09, 0x46, 0x10, 0x00, 0xF4, 
  0x50, 0x10, 0x82, 0x40, 0xD5, 0x08, 0x8E, 0x21, 0xC9, 0x06, 0xD5, 0x19, 0x46, 0x10, 0x09, 0x89, 
  0x50, 0x10, 0x86, 0x80, 0x46, 0x04, 0x00, 0x21, 0x04, 0x00, 0x00, 0x18, 0x96, 0x04, 0xC0, 0xF4, 
  0x46, 0x04, 0x00, 0x21, 0x04, 0x00, 0x00, 0x19, 0x40, 0x00, 0x34, 0x08, 0x3C, 0x0F, 0xDB, 0xE3, 
  0xDD, 0x9E, 0x46, 0x00, 0x0B, 0x71, 0x50, 0x00, 0x0B, 0x00, 0xDD, 0x9E, 0x84, 0x00, 0xDD, 0x9E, 
  0x3A, 0x6F, 0x98, 0xBC, 0x80, 0xC0, 0x84, 0x00, 0x3E, 0x07, 0x6F, 0x89, 0x49, 0xFF, 0xFF, 0x7C, 
  0x44, 0x07, 0x53, 0x00, 0x40, 0x00, 0x18, 0x06, 0xC0, 0x41, 0x44, 0x00, 0x00, 0xC0, 0x49, 0x00, 
  0x01, 0xAA, 0x96, 0x1F, 0x5A, 0x08, 0x01, 0x09, 0x44, 0x07, 0xEF, 0x40, 0x40, 0x10, 0x18, 0x06, 
  0x40, 0x60, 0x04, 0x1B, 0xD5, 0x33, 0x44, 0x00, 0x00, 0xC0, 0x49, 0x00, 0x01, 0x9C, 0x96, 0x1F, 
  0x5A, 0x08, 0x02, 0x0B, 0x46, 0x00, 0x00, 0x88, 0x50, 0x00, 0x0B, 0x80, 0x40, 0x10, 0x18, 0x06, 
  0x40, 0x60, 0x04, 0x1B, 0xD5, 0x23, 0x44, 0x00, 0x00, 0xC0, 0x49, 0x00, 0x01, 0x8C, 0x96, 0x1F, 
  0x5A, 0x08, 0x04, 0x0B, 0x46, 0x00, 0x00, 0x92, 0x50, 0x00, 0x07, 0xC0, 0x40, 0x10, 0x18, 0x06, 
  0x40, 0x60, 0x04, 0x1B, 0xD5, 0x13, 0x44, 0x00, 0x00, 0xC0, 0x49, 0x00, 0x01, 0x7C, 0x96, 0x1F, 
  0x5A, 0x08, 0x08, 0x0B, 0x46, 0x00, 0x00, 0x9C, 0x50, 0x00, 0x04, 0x00, 0x40, 0x10, 0x18, 0x06, 
  0x40, 0x60, 0x04, 0x1B, 0xD5, 0x03, 0x44, 0x67, 0x53, 0x00, 0x46, 0x14, 0x00, 0x26, 0xA4, 0x08, 
  0x66, 0x00, 0x00, 0x01, 0xAC, 0x08, 0x84, 0x00, 0x14, 0x00, 0x80, 0x11, 0x84, 0x01, 0x14, 0x00, 
  0x80, 0x0C, 0x44, 0x00, 0x03, 0xE8, 0x42, 0x33, 0x00, 0x24, 0xA0, 0x89, 0x9C, 0x11, 0x3C, 0x2D, 
  0xDB, 0xE4, 0x40, 0x21, 0x00, 0x57, 0x40, 0x21, 0x88, 0x57, 0x40, 0x21, 0x20, 0x08, 0xA8, 0x8A, 
  0x44, 0x00, 0x04, 0x0B, 0xA8, 0x0F, 0xA4, 0x08, 0x58, 0x00, 0x00, 0x06, 0xAC, 0x08, 0x44, 0x00, 
  0x01, 0xC0, 0xA8, 0x0B, 0x44, 0x0A, 0xF6, 0xF0, 0x98, 0x70, 0x44, 0x03, 0xD0, 0x90, 0x40, 0x00, 
  0x04, 0x06, 0xC8, 0x0A, 0x46, 0x14, 0x00, 0x26, 0xA4, 0x08, 0x66, 0x00, 0x0C, 0x00, 0x58, 0x00, 
  0x04, 0x00, 0xAC, 0x08, 0xD5, 0x15, 0x44, 0x05, 0x09, 0x0F, 0x40, 0x60, 0x18, 0x06, 0xCE, 0x08, 
  0x46, 0x14, 0x00, 0x26, 0xA4, 0x08, 0x66, 0x00, 0x0C, 0x00, 0xAC, 0x08, 0xD5, 0x09, 0x46, 0x14, 
  0x00, 0x26, 0xA4, 0x08, 0x66, 0x00, 0x0C, 0x00, 0x58, 0x00, 0x08, 0x00, 0xAC, 0x08, 0x46, 0x14, 
  0x00, 0x26, 0xA4, 0x08, 0x58, 0x00, 0x00, 0x01, 0xAC, 0x08, 0x46, 0x04, 0x00, 0x26, 0x04, 0x00, 
  0x00, 0x0D, 0x96, 0x04, 0xC0, 0xFB, 0x3C, 0x3F, 0xDB, 0xE5, 0x46, 0x01, 0xC9, 0xC3, 0x50, 0x00, 
  0x08, 0x00, 0x40, 0x00, 0x0C, 0x06, 0xC0, 0x0D, 0x84, 0x03, 0x49, 0xFF, 0xFF, 0x04, 0x84, 0x03, 
  0x49, 0xFF, 0xFF, 0x0A, 0x84, 0x03, 0x49, 0xFF, 0xFE, 0xF5, 0x84, 0x0A, 0x49, 0xFF, 0xFE, 0xE9, 
  0x84, 0x01, 0x3A, 0x6F, 0x98, 0x84, 0xDD, 0x9E, 0xC8, 0x0B, 0x46, 0x14, 0x00, 0x21, 0x02, 0x00, 
  0x80, 0x14, 0x66, 0x00, 0x00, 0x01, 0x12, 0x00, 0x80, 0x14, 0x84, 0x01, 0xDD, 0x9E, 0x5A, 0x08, 
  0x01, 0x20, 0x2E, 0x07, 0x6F, 0x89, 0x5A, 0x08, 0x01, 0x0B, 0x46, 0x24, 0x00, 0x21, 0x02, 0x11, 
  0x00, 0x14, 0x58, 0x10, 0x80, 0x01, 0x12, 0x11, 0x00, 0x14, 0xDD, 0x9E, 0xC8, 0x13, 0x46, 0x14, 
  0x00, 0x26, 0x04, 0x10, 0x80, 0x0D, 0x96, 0x4C, 0xC1, 0x0E, 0x46, 0x14, 0x00, 0x21, 0x02, 0x00, 
  0x80, 0x14, 0x58, 0x00, 0x00, 0x01, 0x12, 0x00, 0x80, 0x14, 0x84, 0x01, 0xDD, 0x9E, 0x84, 0x01, 
  0xDD, 0x9E, 0x84, 0x00, 0xDD, 0x9E, 0xC8, 0x0A, 0x46, 0x14, 0x00, 0x21, 0x02, 0x00, 0x80, 0x14, 
  0x66, 0x00, 0x00, 0x20, 0x12, 0x00, 0x80, 0x14, 0xDD, 0x9E, 0x5A, 0x08, 0x01, 0x0A, 0x46, 0x14, 
  0x00, 0x21, 0x02, 0x00, 0x80, 0x14, 0x58, 0x00, 0x00, 0x20, 0x12, 0x00, 0x80, 0x14, 0xDD, 0x9E, 
  0x46, 0x24, 0x00, 0x21, 0x04, 0x11, 0x00, 0x0D, 0xFE, 0x0F, 0x14, 0x01, 0x00, 0x0D, 0xDD, 0x9E, 
  0x46, 0x24, 0x00, 0x21, 0x04, 0x11, 0x00, 0x0D, 0x40, 0x00, 0x80, 0x12, 0x14, 0x01, 0x00, 0x0D, 
  0xDD, 0x9E, 0x46, 0x24, 0x00, 0x21, 0x04, 0x11, 0x00, 0x0E, 0xFE, 0x0F, 0x14, 0x01, 0x00, 0x0E, 
  0xDD, 0x9E, 0x84, 0x00, 0xD5, 0x25, 0xFA, 0x2C, 0xFE, 0x44, 0x44, 0x20, 0x7D, 0x08, 0x38, 0x11, 
  0x04, 0x02, 0xC1, 0x1D, 0xFA, 0x2C, 0x80, 0x62, 0x42, 0x30, 0x04, 0x73, 0xA1, 0x1B, 0xA0, 0x5C, 
  0x94, 0x4E, 0xA0, 0x9D, 0x94, 0x94, 0xFE, 0x57, 0xA0, 0x9E, 0x94, 0x91, 0xFE, 0x57, 0xFE, 0x67, 
  0x58, 0x10, 0x80, 0x01, 0x64, 0x14, 0x60, 0x03, 0xA0, 0x5A, 0x64, 0x14, 0x40, 0x03, 0x64, 0x00, 
  0x00, 0x08, 0xA0, 0x59, 0x64, 0x00, 0x80, 0x2E, 0x64, 0x00, 0x00, 0x09, 0x8C, 0x01, 0xE6, 0x08, 
  0xE9, 0xDB, 0x64, 0x02, 0x00, 0x02, 0x58, 0x00, 0x00, 0xC0, 0x64, 0x02, 0x00, 0x03, 0x64, 0x00, 
  0x00, 0x09, 0xDD, 0x9E, 0x64, 0x02, 0x00, 0x02, 0x66, 0x00, 0x00, 0xC0, 0x64, 0x02, 0x00, 0x03, 
  0x64, 0x00, 0x00, 0x09, 0xDD, 0x9E, 0x3B, 0xFF, 0xFC, 0xBC, 0xEF, 0xFC, 0x49, 0xFF, 0xFF, 0xC3, 
  0x64, 0x05, 0x00, 0x02, 0x58, 0x00, 0x00, 0x01, 0x64, 0x05, 0x00, 0x03, 0x64, 0x00, 0x00, 0x09, 
  0x64, 0x05, 0x00, 0x02, 0x58, 0x00, 0x00, 0x02, 0x64, 0x05, 0x00, 0x03, 0x64, 0x00, 0x00, 0x09, 
  0x64, 0x04, 0x00, 0x02, 0x58, 0x00, 0x00, 0x06, 0x64, 0x04, 0x00, 0x03, 0x64, 0x00, 0x00, 0x09, 
  0xEC, 0x04, 0x3B, 0xFF, 0xFC, 0x84, 0xDD, 0x9E, 0x3B, 0xFF, 0xFC, 0xBC, 0xEF, 0xFC, 0x64, 0x04, 
  0x00, 0x02, 0x66, 0x00, 0x00, 0x06, 0x64, 0x04, 0x00, 0x03, 0x64, 0x00, 0x00, 0x09, 0x49, 0xFF, 
  0xFF, 0xCB, 0x64, 0x05, 0x00, 0x02, 0x66, 0x00, 0x00, 0x01, 0x64, 0x05, 0x00, 0x03, 0x64, 0x00, 
  0x00, 0x09, 0x64, 0x05, 0x00, 0x02, 0x66, 0x00, 0x00, 0x02, 0x64, 0x05, 0x00, 0x03, 0x64, 0x00, 
  0x00, 0x09, 0xEC, 0x04, 0x3B, 0xFF, 0xFC, 0x84, 0xDD, 0x9E, 0x64, 0x00, 0x00, 0xE1, 0x64, 0x00, 
  0x00, 0x08, 0xDD, 0x9E, 0x44, 0x00, 0x80, 0x00, 0x50, 0x10, 0x7F, 0xE0, 0x64, 0x00, 0x82, 0x01, 
  0x50, 0x10, 0x7F, 0xC0, 0x64, 0x00, 0x82, 0x01, 0x50, 0x10, 0x7F, 0xA0, 0x64, 0x00, 0x82, 0x01, 
  0x50, 0x00, 0x7F, 0x80, 0x64, 0x00, 0x02, 0x01, 0xC8, 0xF0, 0xDD, 0x9E, 0x46, 0x04, 0x00, 0x23, 
  0xA4, 0x44, 0x66, 0x10, 0x90, 0x00, 0xAC, 0x44, 0xA4, 0x44, 0x66, 0x10, 0xA0, 0x00, 0xAC, 0x44, 
  0xDD, 0x9E, 0x5C, 0xF0, 0x00, 0xFB, 0xE8, 0x2B, 0x3A, 0x6F, 0xA0, 0xBC, 0x80, 0xC0, 0x46, 0x74, 
  0x00, 0x23, 0xA4, 0x3C, 0x58, 0x00, 0x20, 0x00, 0xAC, 0x3C, 0x84, 0x01, 0x49, 0xFF, 0xED, 0xDA, 
  0xA4, 0x3C, 0x66, 0x00, 0x07, 0xFF, 0xFE, 0x37, 0xAC, 0x3C, 0xA4, 0x3C, 0x58, 0x00, 0x40, 0x00, 
  0xAC, 0x3C, 0xA4, 0x3C, 0x66, 0x00, 0x40, 0x00, 0xAC, 0x3C, 0x84, 0x01, 0x49, 0xFF, 0xED, 0xCA, 
  0x46, 0x04, 0x00, 0x23, 0xA0, 0x04, 0x42, 0x00, 0x04, 0x0B, 0xC0, 0xFB, 0x46, 0x04, 0x00, 0x23, 
  0xA0, 0x03, 0x97, 0x80, 0x49, 0xFF, 0xFF, 0xCC, 0x80, 0x06, 0xD5, 0x03, 0x84, 0x00, 0xDD, 0x9E, 
  0x3A, 0x6F, 0xA0, 0x84, 0xDD, 0x9E, 0x84, 0x20, 0x46, 0x04, 0x00, 0x10, 0x14, 0x10, 0x00, 0x1D, 
  0xDD, 0x9E, 0x44, 0x20, 0x40, 0x00, 0x4C, 0x01, 0x01, 0x71, 0x3A, 0x6F, 0x98, 0xBC, 0x80, 0xC1, 
  0xE0, 0x40, 0xE9, 0x4D, 0x5A, 0x08, 0x40, 0x04, 0x48, 0x00, 0x00, 0xF1, 0x5E, 0xF0, 0x00, 0x41, 
  0xE8, 0x23, 0x5A, 0x08, 0x04, 0x04, 0x48, 0x00, 0x00, 0xAE, 0xE4, 0x05, 0xE8, 0x0F, 0x5A, 0x08, 
  0x01, 0x04, 0x48, 0x00, 0x00, 0x8F, 0x5A, 0x08, 0x02, 0x04, 0x48, 0x00, 0x00, 0x97, 0x46, 0x18, 
  0x00, 0x00, 0x4C, 0x00, 0xC4, 0x14, 0x48, 0x00, 0x03, 0xDE, 0x5A, 0x08, 0x10, 0x04, 0x48, 0x00, 
  0x00, 0xB6, 0x5A, 0x08, 0x20, 0x04, 0x48, 0x00, 0x00, 0xC1, 0x5A, 0x00, 0x08, 0x04, 0x48, 0x00, 
  0x04, 0x06, 0x48, 0x00, 0x00, 0x9E, 0x44, 0x10, 0x04, 0x00, 0x4C, 0x00, 0x81, 0x03, 0x5E, 0xF0, 
  0x04, 0x01, 0xE8, 0x0F, 0x5A, 0x09, 0x00, 0x04, 0x48, 0x00, 0x00, 0xE3, 0x5A, 0x0A, 0x00, 0x04, 
  0x48, 0x00, 0x00, 0xEB, 0x5A, 0x00, 0x80, 0x04, 0x48, 0x00, 0x03, 0xF1, 0x48, 0x00, 0x00, 0xC8, 
  0x44, 0x10, 0x10, 0x00, 0x4C, 0x00, 0x81, 0x0A, 0x44, 0x10, 0x20, 0x00, 0x4C, 0x00, 0x81, 0x15, 
  0x44, 0x10, 0x08, 0x00, 0x4C, 0x00, 0xC3, 0xE3, 0x48, 0x00, 0x00, 0xF2, 0x46, 0x10, 0x04, 0x00, 
  0x4C, 0x00, 0x81, 0xFE, 0xE0, 0x20, 0xE9, 0x23, 0x44, 0x14, 0x00, 0x00, 0x4C, 0x00, 0x81, 0x73, 
  0xE0, 0x20, 0xE9, 0x0F, 0x44, 0x11, 0x00, 0x00, 0x4C, 0x00, 0x81, 0x31, 0x44, 0x12, 0x00, 0x00, 
  0x4C, 0x00, 0x81, 0x39, 0x44, 0x10, 0x80, 0x00, 0x4C, 0x00, 0xC3, 0xC9, 0x48, 0x00, 0x01, 0x16, 
  0x46, 0x10, 0x01, 0x00, 0x4C, 0x00, 0x81, 0x9E, 0x46, 0x10, 0x02, 0x00, 0x4C, 0x00, 0x81, 0xA9, 
  0x46, 0x10, 0x00, 0x80, 0x4C, 0x00, 0xC3, 0xBB, 0x48, 0x00, 0x01, 0x86, 0x46, 0x10, 0x40, 0x00, 
  0x4C, 0x00, 0x82, 0x7C, 0xE0, 0x20, 0xE9, 0x0F, 0x46, 0x10, 0x10, 0x00, 0x4C, 0x00, 0x82, 0x17, 
  0x46, 0x10, 0x20, 0x00, 0x4C, 0x00, 0x82, 0x42, 0x46, 0x10, 0x08, 0x00, 0x4C, 0x00, 0xC3, 0xA7, 
  0x48, 0x00, 0x01, 0xD7, 0x46, 0x11, 0x00, 0x00, 0x4C, 0x00, 0x82, 0xCC, 0xE0, 0x20, 0xE9, 0x07, 
  0x46, 0x10, 0x80, 0x00, 0x4C, 0x00, 0x82, 0x93, 0x48, 0x00, 0x03, 0x99, 0x46, 0x12, 0x00, 0x00, 
  0x4C, 0x00, 0x82, 0xF7, 0x46, 0x14, 0x00, 0x00, 0x4C, 0x00, 0x83, 0x28, 0x48, 0x00, 0x03, 0x8F, 
  0x46, 0x14, 0x00, 0x10, 0x97, 0x8F, 0x04, 0x00, 0x80, 0x36, 0x66, 0x00, 0x00, 0x03, 0xFF, 0x87, 
  0x14, 0x60, 0x80, 0x36, 0x48, 0x00, 0x03, 0x83, 0x46, 0x14, 0x00, 0x10, 0x97, 0x97, 0x95, 0xB4, 
  0x04, 0x00, 0x80, 0x36, 0x66, 0x00, 0x00, 0x70, 0xFE, 0x37, 0x14, 0x00, 0x80, 0x36, 0x48, 0x00, 
  0x03, 0x76, 0x46, 0x14, 0x00, 0x10, 0x97, 0x9F, 0x40, 0x63, 0x20, 0x08, 0x04, 0x00, 0x80, 0x36, 
  0x66, 0x00, 0x0F, 0x00, 0xFE, 0x37, 0x14, 0x00, 0x80, 0x36, 0x48, 0x00, 0x03, 0x68, 0x46, 0x14, 
  0x00, 0x10, 0x97, 0x8F, 0x40, 0x63, 0x30, 0x08, 0x04, 0x00, 0x80, 0x36, 0x66, 0x00, 0x30, 0x00, 
  0xFE, 0x37, 0x14, 0x00, 0x80, 0x36, 0x48, 0x00, 0x03, 0x5A, 0x46, 0x14, 0x00, 0x10, 0x97, 0x8F, 
  0x40, 0x63, 0x40, 0x08, 0x04, 0x20, 0x80, 0x36, 0x44, 0x0C, 0xFF, 0xFF, 0xFE, 0x16, 0xFE, 0x37, 
  0x14, 0x00, 0x80, 0x36, 0x48, 0x00, 0x03, 0x4B, 0x46, 0x14, 0x00, 0x10, 0x97, 0x8F, 0x40, 0x63, 
  0x50, 0x08, 0x04, 0x20, 0x80, 0x36, 0x46, 0x0F, 0xFC, 0xFF, 0x50, 0x00, 0x0F, 0xFF, 0xFE, 0x16, 
  0xFE, 0x37, 0x14, 0x00, 0x80, 0x36, 0x48, 0x00, 0x03, 0x3A, 0x46, 0x14, 0x00, 0x10, 0x97, 0x8F, 
  0x40, 0x63, 0x60, 0x08, 0x04, 0x20, 0x80, 0x36, 0x46, 0x0F, 0xCF, 0xFF, 0x50, 0x00, 0x0F, 0xFF, 
  0xFE, 0x16, 0xFE, 0x37, 0x14, 0x00, 0x80, 0x36, 0x48, 0x00, 0x03, 0x29, 0x46, 0x14, 0x00, 0x10, 
  0x97, 0x8F, 0x40, 0x63, 0x70, 0x08, 0x04, 0x20, 0x80, 0x36, 0x46, 0x0C, 0xFF, 0xFF, 0x50, 0x00, 
  0x0F, 0xFF, 0xFE, 0x16, 0xFE, 0x37, 0x14, 0x00, 0x80, 0x36, 0x48, 0x00, 0x03, 0x18, 0x46, 0x14, 
  0x00, 0x10, 0x97, 0x8F, 0x04, 0x00, 0x80, 0x37, 0x66, 0x00, 0x00, 0x03, 0xFF, 0x87, 0x14, 0x60, 
  0x80, 0x37, 0x48, 0x00, 0x03, 0x0C, 0x46, 0x14, 0x00, 0x10, 0x97, 0x97, 0x95, 0xB4, 0x04, 0x00, 
  0x80, 0x37, 0x66, 0x00, 0x00, 0x70, 0xFE, 0x37, 0x14, 0x00, 0x80, 0x37, 0x48, 0x00, 0x02, 0xFF, 
  0x46, 0x14, 0x00, 0x10, 0x97, 0x97, 0x40, 0x63, 0x20, 0x08, 0x04, 0x00, 0x80, 0x37, 0x66, 0x00, 
  0x07, 0x00, 0xFE, 0x37, 0x14, 0x00, 0x80, 0x37, 0x48, 0x00, 0x02, 0xF1, 0x46, 0x14, 0x00, 0x10, 
  0x97, 0x97, 0x40, 0x63, 0x30, 0x08, 0x04, 0x00, 0x80, 0x37, 0x66, 0x00, 0x70, 0x00, 0xFE, 0x37, 
  0x14, 0x00, 0x80, 0x37, 0x48, 0x00, 0x02, 0xE3, 0x46, 0x14, 0x00, 0x10, 0x97, 0x97, 0x40, 0x63, 
  0x40, 0x08, 0x04, 0x20, 0x80, 0x37, 0x44, 0x08, 0xFF, 0xFF, 0xFE, 0x16, 0xFE, 0x37, 0x14, 0x00, 
  0x80, 0x37, 0x48, 0x00, 0x02, 0xD4, 0x46, 0x14, 0x00, 0x10, 0x97, 0x8F, 0x40, 0x63, 0x50, 0x08, 
  0x04, 0x20, 0x80, 0x37, 0x46, 0x0F, 0xFC, 0xFF, 0x50, 0x00, 0x0F, 0xFF, 0xFE, 0x16, 0xFE, 0x37, 
  0x14, 0x00, 0x80, 0x37, 0x48, 0x00, 0x02, 0xC3, 0x46, 0x24, 0x00, 0x10, 0x96, 0x4F, 0x40, 0x10, 
  0xE0, 0x08, 0x04, 0x31, 0x00, 0x37, 0x46, 0x0F, 0xCF, 0xFF, 0x50, 0x00, 0x0F, 0xFF, 0xFE, 0x1E, 
  0xFE, 0x0F, 0x14, 0x01, 0x00, 0x37, 0xDD, 0x9E, 0x46, 0x14, 0x00, 0x10, 0x97, 0x8F, 0x40, 0x63, 
  0x70, 0x08, 0x04, 0x20, 0x80, 0x37, 0x46, 0x0C, 0xFF, 0xFF, 0x50, 0x00, 0x0F, 0xFF, 0xFE, 0x16, 
  0xFE, 0x37, 0x14, 0x00, 0x80, 0x37, 0x48, 0x00, 0x02, 0xA2, 0x46, 0x14, 0x00, 0x10, 0x97, 0x97, 
  0x04, 0x00, 0x80, 0x38, 0x66, 0x00, 0x00, 0x07, 0xFF, 0x87, 0x14, 0x60, 0x80, 0x38, 0x48, 0x00, 
  0x02, 0x96, 0x44, 0x12, 0x00, 0x00, 0x5A, 0x68, 0x03, 0x1E, 0x84, 0x06, 0x49, 0xFF, 0xEB, 0xEF, 
  0x84, 0x05, 0x44, 0x12, 0x00, 0x00, 0x49, 0xFF, 0xEB, 0xEA, 0x84, 0x0B, 0x44, 0x12, 0x00, 0x00, 
  0x49, 0xFF, 0xEB, 0xE5, 0x46, 0x14, 0x00, 0x10, 0x04, 0x00, 0x80, 0x38, 0x66, 0x00, 0x00, 0x30, 
  0x14, 0x00, 0x80, 0x38, 0x84, 0x0A, 0x44, 0x12, 0x00, 0x00, 0x49, 0xFF, 0xEB, 0xD0, 0x48, 0x00, 
  0x02, 0x76, 0x84, 0x0A, 0x49, 0xFF, 0xEB, 0xD3, 0x46, 0x14, 0x00, 0x10, 0x97, 0x8F, 0x95, 0xB4, 
  0x04, 0x00, 0x80, 0x38, 0x66, 0x00, 0x00, 0x30, 0xFE, 0x37, 0x14, 0x00, 0x80, 0x38, 0x48, 0x00, 
  0x02, 0x66, 0x44, 0x14, 0x00, 0x00, 0x5A, 0x68, 0x03, 0x1E, 0x84, 0x06, 0x49, 0xFF, 0xEB, 0xBF, 
  0x84, 0x05, 0x44, 0x14, 0x00, 0x00, 0x49, 0xFF, 0xEB, 0xBA, 0x84, 0x0B, 0x44, 0x14, 0x00, 0x00, 
  0x49, 0xFF, 0xEB, 0xB5, 0x46, 0x14, 0x00, 0x10, 0x04, 0x00, 0x80, 0x38, 0x66, 0x00, 0x03, 0x00, 
  0x14, 0x00, 0x80, 0x38, 0x84, 0x0A, 0x44, 0x14, 0x00, 0x00, 0x49, 0xFF, 0xEB, 0xA0, 0x48, 0x00, 
  0x02, 0x46, 0x84, 0x0A, 0x49, 0xFF, 0xEB, 0xA3, 0x46, 0x14, 0x00, 0x10, 0x97, 0x8F, 0x40, 0x63, 
  0x20, 0x08, 0x04, 0x00, 0x80, 0x38, 0x66, 0x00, 0x03, 0x00, 0xFE, 0x37, 0x14, 0x00, 0x80, 0x38, 
  0x48, 0x00, 0x02, 0x35, 0x46, 0x14, 0x00, 0x10, 0x97, 0x8F, 0x40, 0x63, 0x30, 0x08, 0x04, 0x00, 
  0x80, 0x38, 0x66, 0x00, 0x30, 0x00, 0xFE, 0x37, 0x14, 0x00, 0x80, 0x38, 0x48, 0x00, 0x02, 0x27, 
  0x46, 0x14, 0x00, 0x10, 0x97, 0x8F, 0x40, 0x63, 0x40, 0x08, 0x04, 0x20, 0x80, 0x38, 0x44, 0x0C, 
  0xFF, 0xFF, 0xFE, 0x16, 0xFE, 0x37, 0x14, 0x00, 0x80, 0x38, 0x48, 0x00, 0x02, 0x18, 0x46, 0x10, 
  0x02, 0x00, 0x5A, 0x68, 0x03, 0x21, 0x84, 0x06, 0x49, 0xFF, 0xEB, 0x71, 0x84, 0x05, 0x46, 0x10, 
  0x02, 0x00, 0x49, 0xFF, 0xEB, 0x6C, 0x84, 0x0B, 0x46, 0x10, 0x02, 0x00, 0x49, 0xFF, 0xEB, 0x67, 
  0x46, 0x14, 0x00, 0x10, 0x04, 0x20, 0x80, 0x38, 0x46, 0x0F, 0xFC, 0xFF, 0x50, 0x00, 0x0F, 0xFF, 
  0xFE, 0x16, 0x14, 0x00, 0x80, 0x38, 0x84, 0x0A, 0x46, 0x10, 0x02, 0x00, 0x49, 0xFF, 0xEB, 0x4F, 
  0x48, 0x00, 0x01, 0xF5, 0x84, 0x0A, 0x49, 0xFF, 0xEB, 0x52, 0x46, 0x14, 0x00, 0x10, 0x97, 0x8F, 
  0x40, 0x63, 0x50, 0x08, 0x04, 0x20, 0x80, 0x38, 0x46, 0x0F, 0xFC, 0xFF, 0x50, 0x00, 0x0F, 0xFF, 
  0xFE, 0x16, 0xFE, 0x37, 0x14, 0x00, 0x80, 0x38, 0x48, 0x00, 0x01, 0xE1, 0x46, 0x14, 0x00, 0x10, 
  0x97, 0x8F, 0x40, 0x63, 0x60, 0x08, 0x04, 0x20, 0x80, 0x38, 0x46, 0x0F, 0xCF, 0xFF, 0x50, 0x00, 
  0x0F, 0xFF, 0xFE, 0x16, 0xFE, 0x37, 0x14, 0x00, 0x80, 0x38, 0x48, 0x00, 0x01, 0xD0, 0x46, 0x10, 
  0x08, 0x00, 0x5A, 0x68, 0x07, 0x20, 0x84, 0x06, 0x49, 0xFF, 0xEB, 0x29, 0x84, 0x05, 0xFA, 0x27, 
  0x49, 0xFF, 0xEB, 0x25, 0x84, 0x0B, 0x46, 0x10, 0x08, 0x00, 0x49, 0xFF, 0xEB, 0x20, 0x46, 0x14, 
  0x00, 0x10, 0x04, 0x20, 0x80, 0x38, 0x46, 0x08, 0xFF, 0xFF, 0x50, 0x00, 0x0F, 0xFF, 0xFE, 0x16, 
  0x14, 0x00, 0x80, 0x38, 0x84, 0x0A, 0x46, 0x10, 0x08, 0x00, 0x49, 0xFF, 0xEB, 0x08, 0x48, 0x00, 
  0x01, 0xAE, 0x84, 0x0A, 0x49, 0xFF, 0xEB, 0x0B, 0x46, 0x14, 0x00, 0x10, 0x97, 0x97, 0x40, 0x63, 
  0x70, 0x08, 0x04, 0x20, 0x80, 0x38, 0x46, 0x08, 0xFF, 0xFF, 0x50, 0x00, 0x0F, 0xFF, 0xFE, 0x16, 
  0xFE, 0x37, 0x14, 0x00, 0x80, 0x38, 0x48, 0x00, 0x01, 0x9A, 0x46, 0x10, 0x10, 0x00, 0x5A, 0x68, 
  0x09, 0x1E, 0x84, 0x06, 0x49, 0xFF, 0xEA, 0xF3, 0x84, 0x05, 0x46, 0x10, 0x10, 0x00, 0x49, 0xFF, 
  0xEA, 0xEE, 0x84, 0x0B, 0x46, 0x10, 0x10, 0x00, 0x49, 0xFF, 0xEA, 0xE9, 0x46, 0x14, 0x00, 0x10, 
  0x04, 0x00, 0x80, 0x39, 0x66, 0x00, 0x00, 0x0F, 0x14, 0x00, 0x80, 0x39, 0x84, 0x0A, 0x46, 0x10, 
  0x10, 0x00, 0x49, 0xFF, 0xEA, 0xD4, 0x48, 0x00, 0x01, 0x7A, 0x84, 0x0A, 0x49, 0xFF, 0xEA, 0xD7, 
  0x46, 0x14, 0x00, 0x10, 0x97, 0x9F, 0x04, 0x00, 0x80, 0x39, 0x66, 0x00, 0x00, 0x0F, 0xFF, 0x87, 
  0x14, 0x60, 0x80, 0x39, 0x48, 0x00, 0x01, 0x6B, 0x46, 0x10, 0x20, 0x00, 0x5A, 0x68, 0x0C, 0x1E, 
  0x84, 0x06, 0x49, 0xFF, 0xEA, 0xC4, 0x84, 0x05, 0x46, 0x10, 0x20, 0x00, 0x49, 0xFF, 0xEA, 0xBF, 
  0x84, 0x0B, 0x46, 0x10, 0x20, 0x00, 0x49, 0xFF, 0xEA, 0xBA, 0x46, 0x14, 0x00, 0x10, 0x04, 0x00, 
  0x80, 0x39, 0x66, 0x00, 0x00, 0xF0, 0x14, 0x00, 0x80, 0x39, 0x84, 0x0A, 0x46, 0x10, 0x20, 0x00, 
  0x49, 0xFF, 0xEA, 0xA5, 0x48, 0x00, 0x01, 0x4B, 0x84, 0x0A, 0x49, 0xFF, 0xEA, 0xA8, 0x46, 0x14, 
  0x00, 0x10, 0x97, 0x9F, 0x95, 0xB4, 0x04, 0x00, 0x80, 0x39, 0x66, 0x00, 0x00, 0xF0, 0xFE, 0x37, 
  0x14, 0x00, 0x80, 0x39, 0x48, 0x00, 0x01, 0x3B, 0x46, 0x10, 0x40, 0x00, 0x5A, 0x68, 0x0C, 0x1E, 
  0x84, 0x06, 0x49, 0xFF, 0xEA, 0x94, 0x84, 0x05, 0x46, 0x10, 0x40, 0x00, 0x49, 0xFF, 0xEA, 0x8F, 
  0x84, 0x0B, 0x46, 0x10, 0x40, 0x00, 0x49, 0xFF, 0xEA, 0x8A, 0x46, 0x14, 0x00, 0x10, 0x04, 0x00, 
  0x80, 0x39, 0x66, 0x00, 0x0F, 0x00, 0x14, 0x00, 0x80, 0x39, 0x84, 0x0A, 0x46, 0x10, 0x40, 0x00, 
  0x49, 0xFF, 0xEA, 0x75, 0x48, 0x00, 0x01, 0x1B, 0x84, 0x0A, 0x49, 0xFF, 0xEA, 0x78, 0x46, 0x14, 
  0x00, 0x10, 0x97, 0x9F, 0x40, 0x63, 0x20, 0x08, 0x04, 0x00, 0x80, 0x39, 0x66, 0x00, 0x0F, 0x00, 
  0xFE, 0x37, 0x14, 0x00, 0x80, 0x39, 0x48, 0x00, 0x01, 0x0A, 0x46, 0x10, 0x80, 0x00, 0x5A, 0x68, 
  0x0C, 0x1F, 0x84, 0x06, 0x49, 0xFF, 0xEA, 0x63, 0x84, 0x05, 0x46, 0x10, 0x80, 0x00, 0x49, 0xFF, 
  0xEA, 0x5E, 0x84, 0x0B, 0x46, 0x10, 0x80, 0x00, 0x49, 0xFF, 0xEA, 0x59, 0x46, 0x14, 0x00, 0x10, 
  0x04, 0x20, 0x80, 0x39, 0x44, 0x0F, 0x0F, 0xFF, 0xFE, 0x16, 0x14, 0x00, 0x80, 0x39, 0x84, 0x0A, 
  0x46, 0x10, 0x80, 0x00, 0x49, 0xFF, 0xEA, 0x43, 0x48, 0x00, 0x00, 0xE9, 0x84, 0x0A, 0x49, 0xFF, 
  0xEA, 0x46, 0x46, 0x14, 0x00, 0x10, 0x97, 0x9F, 0x40, 0x63, 0x30, 0x08, 0x04, 0x20, 0x80, 0x39, 
  0x44, 0x0F, 0x0F, 0xFF, 0xFE, 0x16, 0xFE, 0x37, 0x14, 0x00, 0x80, 0x39, 0x48, 0x00, 0x00, 0xD7, 
  0x46, 0x11, 0x00, 0x00, 0x5A, 0x68, 0x0B, 0x21, 0x84, 0x06, 0x49, 0xFF, 0xEA, 0x30, 0x84, 0x05, 
  0x46, 0x11, 0x00, 0x00, 0x49, 0xFF, 0xEA, 0x2B, 0x84, 0x0B, 0x46, 0x11, 0x00, 0x00, 0x49, 0xFF, 
  0xEA, 0x26, 0x46, 0x14, 0x00, 0x10, 0x04, 0x20, 0x80, 0x39, 0x46, 0x0F, 0xFF, 0x0F, 0x50, 0x00, 
  0x0F, 0xFF, 0xFE, 0x16, 0x14, 0x00, 0x80, 0x39, 0x84, 0x0A, 0x46, 0x11, 0x00, 0x00, 0x49, 0xFF, 
  0xEA, 0x0E, 0x48, 0x00, 0x00, 0xB4, 0x84, 0x0A, 0x49, 0xFF, 0xEA, 0x11, 0x46, 0x14, 0x00, 0x10, 
  0x97, 0x9F, 0x40, 0x63, 0x40, 0x08, 0x04, 0x20, 0x80, 0x39, 0x46, 0x0F, 0xFF, 0x0F, 0x50, 0x00, 
  0x0F, 0xFF, 0xFE, 0x16, 0xFE, 0x37, 0x14, 0x00, 0x80, 0x39, 0x48, 0x00, 0x00, 0xA0, 0x46, 0x12, 
  0x00, 0x00, 0x5A, 0x68, 0x06, 0x20, 0x84, 0x06, 0x49, 0xFF, 0xE9, 0xF9, 0x84, 0x05, 0x46, 0x12, 
  0x00, 0x00, 0x49, 0xFF, 0xE9, 0xF4, 0x84, 0x0B, 0x46, 0x12, 0x00, 0x00, 0x49, 0xFF, 0xE9, 0xEF, 
  0x46, 0x14, 0x00, 0x10, 0x04, 0x20, 0x80, 0x39, 0x46, 0x0F, 0xF8, 0xFF, 0x50, 0x00, 0x0F, 0xFF, 
  0xFE, 0x16, 0x14, 0x00, 0x80, 0x39, 0x84, 0x0A, 0x46, 0x12, 0x00, 0x00, 0x49, 0xFF, 0xE9, 0xD7, 
  0xD5, 0x7D, 0x84, 0x0A, 0x49, 0xFF, 0xE9, 0xDB, 0x46, 0x14, 0x00, 0x10, 0x97, 0x97, 0x40, 0x63, 
  0x50, 0x08, 0x04, 0x20, 0x80, 0x39, 0x46, 0x0F, 0xF8, 0xFF, 0x50, 0x00, 0x0F, 0xFF, 0xFE, 0x16, 
  0xFE, 0x37, 0x14, 0x00, 0x80, 0x39, 0xD5, 0x6A, 0x46, 0x14, 0x00, 0x00, 0x5A, 0x68, 0x07, 0x20, 
  0x84, 0x06, 0x49, 0xFF, 0xE9, 0xC4, 0x84, 0x05, 0x46, 0x14, 0x00, 0x00, 0x49, 0xFF, 0xE9, 0xBF, 
  0x84, 0x0B, 0x46, 0x14, 0x00, 0x00, 0x49, 0xFF, 0xE9, 0xBA, 0x46, 0x14, 0x00, 0x10, 0x04, 0x20, 
  0x80, 0x39, 0x46, 0x0F, 0x8F, 0xFF, 0x50, 0x00, 0x0F, 0xFF, 0xFE, 0x16, 0x14, 0x00, 0x80, 0x39, 
  0x84, 0x0A, 0x46, 0x14, 0x00, 0x00, 0x49, 0xFF, 0xE9, 0xA2, 0xD5, 0x48, 0x84, 0x0A, 0x49, 0xFF, 
  0xE9, 0xA6, 0x46, 0x14, 0x00, 0x10, 0x97, 0x97, 0x40, 0x63, 0x60, 0x08, 0x04, 0x20, 0x80, 0x39, 
  0x46, 0x0F, 0x8F, 0xFF, 0x50, 0x00, 0x0F, 0xFF, 0xFE, 0x16, 0xFE, 0x37, 0x14, 0x00, 0x80, 0x39, 
  0xD5, 0x35, 0x46, 0x18, 0x00, 0x00, 0x5A, 0x68, 0x07, 0x20, 0x84, 0x06, 0x49, 0xFF, 0xE9, 0x8F, 
  0x84, 0x05, 0x46, 0x18, 0x00, 0x00, 0x49, 0xFF, 0xE9, 0x8A, 0x84, 0x0B, 0x46, 0x18, 0x00, 0x00, 
  0x49, 0xFF, 0xE9, 0x85, 0x46, 0x14, 0x00, 0x10, 0x04, 0x20, 0x80, 0x39, 0x46, 0x08, 0xFF, 0xFF, 
  0x50, 0x00, 0x0F, 0xFF, 0xFE, 0x16, 0x14, 0x00, 0x80, 0x39, 0x84, 0x0A, 0x46, 0x18, 0x00, 0x00, 
  0x49, 0xFF, 0xE9, 0x6D, 0xD5, 0x13, 0x84, 0x0A, 0x49, 0xFF, 0xE9, 0x71, 0x46, 0x14, 0x00, 0x10, 
  0x97, 0x97, 0x40, 0x63, 0x70, 0x08, 0x04, 0x20, 0x80, 0x39, 0x46, 0x08, 0xFF, 0xFF, 0x50, 0x00, 
  0x0F, 0xFF, 0xFE, 0x16, 0xFE, 0x37, 0x14, 0x00, 0x80, 0x39, 0x3A, 0x6F, 0x98, 0x84, 0xDD, 0x9E, 
  0x3A, 0x6F, 0x98, 0xBC, 0x80, 0xC1, 0x5A, 0x00, 0x08, 0x60, 0xE6, 0x09, 0xE8, 0x0A, 0x5A, 0x00, 
  0x02, 0x22, 0x5A, 0x00, 0x04, 0x2D, 0x5A, 0x00, 0x01, 0x04, 0x48, 0x00, 0x01, 0x17, 0xD5, 0x0E, 
  0x5A, 0x08, 0x80, 0x04, 0x48, 0x00, 0x00, 0xAF, 0x5A, 0x09, 0x00, 0x04, 0x48, 0x00, 0x00, 0xE0, 
  0x5A, 0x00, 0x40, 0x04, 0x48, 0x00, 0x01, 0x0A, 0xD5, 0x74, 0x46, 0x14, 0x00, 0x10, 0x97, 0x97, 
  0x04, 0x00, 0x80, 0x3A, 0x66, 0x00, 0x00, 0x07, 0xFF, 0x87, 0x14, 0x60, 0x80, 0x3A, 0x48, 0x00, 
  0x00, 0xFD, 0x46, 0x14, 0x00, 0x10, 0x97, 0x97, 0x94, 0x34, 0x04, 0x60, 0x80, 0x3A, 0x66, 0x63, 
  0x00, 0x70, 0xFF, 0x87, 0x14, 0x60, 0x80, 0x3A, 0x48, 0x00, 0x00, 0xF0, 0x84, 0x24, 0x5A, 0x68, 
  0x05, 0x1B, 0xFA, 0x04, 0x49, 0xFF, 0xE9, 0x23, 0xFA, 0x03, 0x84, 0x24, 0x49, 0xFF, 0xE9, 0x1F, 
  0xFA, 0x09, 0x84, 0x24, 0x49, 0xFF, 0xE9, 0x1B, 0x46, 0x14, 0x00, 0x10, 0x04, 0x00, 0x80, 0x3A, 
  0x66, 0x00, 0x07, 0x00, 0x14, 0x00, 0x80, 0x3A, 0xFA, 0x08, 0x84, 0x24, 0x49, 0xFF, 0xE9, 0x07, 
  0x48, 0x00, 0x00, 0xD4, 0xFA, 0x08, 0x49, 0xFF, 0xE9, 0x0A, 0x46, 0x14, 0x00, 0x10, 0x97, 0x97, 
  0x40, 0x03, 0x20, 0x08, 0x04, 0x60, 0x80, 0x3A, 0x66, 0x63, 0x07, 0x00, 0xFF, 0x87, 0x14, 0x60, 
  0x80, 0x3A, 0x48, 0x00, 0x00, 0xC3, 0x84, 0x28, 0x5A, 0x68, 0x05, 0x1B, 0xFA, 0x04, 0x49, 0xFF, 
  0xE8, 0xF6, 0xFA, 0x03, 0x84, 0x28, 0x49, 0xFF, 0xE8, 0xF2, 0xFA, 0x09, 0x84, 0x28, 0x49, 0xFF, 
  0xE8, 0xEE, 0x46, 0x14, 0x00, 0x10, 0x04, 0x00, 0x80, 0x3A, 0x66, 0x00, 0x70, 0x00, 0x14, 0x00, 
  0x80, 0x3A, 0xFA, 0x08, 0x84, 0x28, 0x49, 0xFF, 0xE8, 0xDA, 0x48, 0x00, 0x00, 0xA7, 0xFA, 0x08, 
  0x49, 0xFF, 0xE8, 0xDD, 0x46, 0x14, 0x00, 0x10, 0x97, 0x97, 0x40, 0x03, 0x30, 0x08, 0x04, 0x60, 
  0x80, 0x3A, 0x66, 0x63, 0x70, 0x00, 0xFF, 0x87, 0x14, 0x60, 0x80, 0x3A, 0x48, 0x00, 0x00, 0x96, 
  0x44, 0x10, 0x00, 0x40, 0x5A, 0x68, 0x04, 0x1E, 0xFA, 0x04, 0x49, 0xFF, 0xE8, 0xC8, 0xFA, 0x03, 
  0x44, 0x10, 0x00, 0x40, 0x49, 0xFF, 0xE8, 0xC3, 0xFA, 0x09, 0x44, 0x10, 0x00, 0x40, 0x49, 0xFF, 
  0xE8, 0xBE, 0x46, 0x14, 0x00, 0x10, 0x04, 0x20, 0x80, 0x3A, 0x44, 0x0C, 0xFF, 0xFF, 0xFE, 0x16, 
  0x14, 0x00, 0x80, 0x3A, 0xFA, 0x08, 0x44, 0x10, 0x00, 0x40, 0x49, 0xFF, 0xE8, 0xA8, 0xD5, 0x75, 
  0xFA, 0x08, 0x49, 0xFF, 0xE8, 0xAC, 0x46, 0x24, 0x00, 0x10, 0x97, 0x8F, 0x40, 0x03, 0x40, 0x08, 
  0x04, 0x61, 0x00, 0x3A, 0x44, 0x1C, 0xFF, 0xFF, 0xFF, 0x8E, 0xFF, 0x87, 0x14, 0x61, 0x00, 0x3A, 
  0xD5, 0x64, 0x44, 0x10, 0x00, 0x80, 0x5A, 0x68, 0x04, 0x20, 0xFA, 0x04, 0x49, 0xFF, 0xE8, 0x97, 
  0xFA, 0x03, 0x44, 0x10, 0x00, 0x80, 0x49, 0xFF, 0xE8, 0x92, 0xFA, 0x09, 0x44, 0x10, 0x00, 0x80, 
  0x49, 0xFF, 0xE8, 0x8D, 0x46, 0x14, 0x00, 0x10, 0x04, 0x20, 0x80, 0x3A, 0x46, 0x0F, 0xFC, 0xFF, 
  0x50, 0x00, 0x0F, 0xFF, 0xFE, 0x16, 0x14, 0x00, 0x80, 0x3A, 0xFA, 0x08, 0x44, 0x10, 0x00, 0x80, 
  0x49, 0xFF, 0xE8, 0x75, 0xD5, 0x42, 0xFA, 0x08, 0x49, 0xFF, 0xE8, 0x79, 0x46, 0x24, 0x00, 0x10, 
  0x97, 0x8F, 0x40, 0x03, 0x50, 0x08, 0x04, 0x61, 0x00, 0x3A, 0x46, 0x1F, 0xFC, 0xFF, 0x50, 0x10, 
  0x8F, 0xFF, 0xFF, 0x8E, 0xFF, 0x87, 0x14, 0x61, 0x00, 0x3A, 0xD5, 0x2F, 0x44, 0x10, 0x01, 0x00, 
  0x5A, 0x68, 0x02, 0x1D, 0xFA, 0x04, 0x49, 0xFF, 0xE8, 0x62, 0xFA, 0x03, 0x44, 0x10, 0x01, 0x00, 
  0x49, 0xFF, 0xE8, 0x5D, 0xFA, 0x09, 0x44, 0x10, 0x01, 0x00, 0x49, 0xFF, 0xE8, 0x58, 0x46, 0x14, 
  0x00, 0x10, 0x04, 0x00, 0x80, 0x3A, 0x42, 0x00, 0x60, 0x09, 0x14, 0x00, 0x80, 0x3A, 0xFA, 0x08, 
  0x44, 0x10, 0x01, 0x00, 0x49, 0xFF, 0xE8, 0x43, 0xD5, 0x10, 0xFA, 0x08, 0x49, 0xFF, 0xE8, 0x47, 
  0x46, 0x14, 0x00, 0x10, 0x97, 0xB4, 0x40, 0x03, 0x60, 0x08, 0x04, 0x60, 0x80, 0x3A, 0x42, 0x63, 
  0x60, 0x09, 0xFF, 0x87, 0x14, 0x60, 0x80, 0x3A, 0x3A, 0x6F, 0x98, 0x84, 0xDD, 0x9E, 0x46, 0x04, 
  0x00, 0x00, 0x04, 0x00, 0x01, 0x8B, 0x42, 0x00, 0x08, 0x0B, 0xDD, 0x9E, 0x46, 0x04, 0x00, 0x00, 
  0x04, 0x00, 0x01, 0x8B, 0x42, 0x00, 0x04, 0x0B, 0xDD, 0x9E, 0x3A, 0x6F, 0x98, 0xBC, 0x49, 0xFF, 
  0xF1, 0x95, 0x80, 0xC0, 0x49, 0xFF, 0xF1, 0x96, 0x46, 0x24, 0x00, 0x30, 0xA0, 0x54, 0x58, 0x10, 
  0x80, 0x03, 0xA8, 0x54, 0xC6, 0x03, 0x49, 0xFF, 0xF1, 0x94, 0x3A, 0x6F, 0x98, 0x84, 0xDD, 0x9E, 
  0x3A, 0x6F, 0x98, 0xBC, 0x49, 0xFF, 0xF1, 0x82, 0x80, 0xC0, 0x49, 0xFF, 0xF1, 0x83, 0x46, 0x24, 
  0x00, 0x30, 0xA0, 0x54, 0x66, 0x10, 0x80, 0x03, 0xA8, 0x54, 0xC6, 0x03, 0x49, 0xFF, 0xF1, 0x81, 
  0x3A, 0x6F, 0x98, 0x84, 0xDD, 0x9E, 0x3A, 0x6F, 0x98, 0xBC, 0x49, 0xFF, 0xF1, 0x6F, 0x80, 0xC0, 
  0x49, 0xFF, 0xF1, 0x70, 0x46, 0x24, 0x00, 0x30, 0xA0, 0x54, 0x66, 0x10, 0x80, 0x60, 0xA8, 0x54, 
  0xC6, 0x03, 0x49, 0xFF, 0xF1, 0x6E, 0x3A, 0x6F, 0x98, 0x84, 0xDD, 0x9E, 0x3A, 0x6F, 0x98, 0xBC, 
  0x49, 0xFF, 0xF1, 0x5C, 0x80, 0xC0, 0x49, 0xFF, 0xF1, 0x5D, 0x46, 0x24, 0x00, 0x30, 0xA0, 0x54, 
  0x58, 0x10, 0x83, 0x00, 0xA8, 0x54, 0xC6, 0x03, 0x49, 0xFF, 0xF1, 0x5B, 0x3A, 0x6F, 0x98, 0x84, 
  0xDD, 0x9E, 0x3A, 0x6F, 0x98, 0xBC, 0x49, 0xFF, 0xF1, 0x49, 0x80, 0xC0, 0x49, 0xFF, 0xF1, 0x4A, 
  0x46, 0x24, 0x00, 0x30, 0xA0, 0x54, 0x66, 0x10, 0x83, 0x00, 0xA8, 0x54, 0xC6, 0x03, 0x49, 0xFF, 
  0xF1, 0x48, 0x3A, 0x6F, 0x98, 0x84, 0xDD, 0x9E, 0x3A, 0x6F, 0x98, 0xBC, 0x49, 0xFF, 0xF1, 0x36, 
  0x80, 0xC0, 0x49, 0xFF, 0xF1, 0x37, 0x46, 0x24, 0x00, 0x30, 0xA0, 0x54, 0x58, 0x10, 0x80, 0x80, 
  0xA8, 0x54, 0xC6, 0x03, 0x49, 0xFF, 0xF1, 0x35, 0x3A, 0x6F, 0x98, 0x84, 0xDD, 0x9E, 0x3A, 0x6F, 
  0x98, 0xBC, 0xEF, 0xF0, 0x80, 0xC0, 0xB0, 0x01, 0x49, 0xFF, 0xEB, 0x1B, 0x5C, 0xF3, 0x00, 0x84, 
  0xE8, 0x09, 0x5C, 0xF3, 0x00, 0x82, 0xE8, 0x09, 0x9E, 0x72, 0x84, 0x01, 0xE2, 0x01, 0xE8, 0x0C, 
  0xD5, 0x1F, 0x5A, 0x60, 0xFE, 0x11, 0xD5, 0x1C, 0x46, 0x04, 0x00, 0x00, 0x00, 0x00, 0x03, 0x12, 
  0x96, 0x0F, 0xC8, 0x10, 0xD5, 0x17, 0x46, 0x04, 0x00, 0x00, 0x00, 0x00, 0x03, 0x16, 0x96, 0x04, 
  0xC0, 0x09, 0xD5, 0x12, 0x46, 0x04, 0x00, 0x00, 0x00, 0x00, 0x03, 0x12, 0x96, 0x0E, 0x96, 0x00, 
  0xC0, 0x0D, 0xB0, 0x01, 0x49, 0xFF, 0xEB, 0x05, 0xC0, 0xDA, 0x84, 0x00, 0xD5, 0x08, 0x84, 0x00, 
  0xD5, 0x06, 0x84, 0x01, 0xD5, 0x04, 0x84, 0x01, 0xD5, 0x02, 0x84, 0x01, 0xEC, 0x10, 0x3A, 0x6F, 
  0x98, 0x84, 0xDD, 0x9E, 0x54, 0x20, 0x00, 0x0F, 0x46, 0x14, 0x00, 0x00, 0x10, 0x20, 0x83, 0x0E, 
  0xC8, 0x0F, 0x80, 0x01, 0x02, 0x10, 0x81, 0x89, 0x58, 0x10, 0x81, 0x00, 0x12, 0x10, 0x01, 0x89, 
  0x02, 0x10, 0x01, 0x89, 0x58, 0x10, 0x80, 0x20, 0x12, 0x10, 0x01, 0x89, 0xDD, 0x9E, 0x96, 0x02, 
  0x4E, 0x04, 0x00, 0x23, 0x3A, 0x6F, 0x98, 0xBC, 0x46, 0x64, 0x00, 0x00, 0x00, 0x03, 0x03, 0x12, 
  0x58, 0x00, 0x00, 0x08, 0x10, 0x03, 0x03, 0x12, 0x02, 0x03, 0x01, 0x89, 0x58, 0x00, 0x00, 0x10, 
  0x12, 0x03, 0x01, 0x89, 0x84, 0x05, 0x49, 0xFF, 0xE7, 0x8C, 0x00, 0x03, 0x03, 0x12, 0x54, 0x00, 
  0x00, 0xEF, 0x10, 0x03, 0x03, 0x12, 0x00, 0x03, 0x03, 0x12, 0x58, 0x00, 0x00, 0x40, 0x10, 0x03, 
  0x03, 0x12, 0x3A, 0x6F, 0x98, 0x84, 0xDD, 0x9E, 0x96, 0x37, 0x46, 0x24, 0x00, 0x00, 0x10, 0x01, 
  0x03, 0x0E, 0x5A, 0x18, 0x83, 0x0B, 0x44, 0x10, 0x20, 0x48, 0x12, 0x11, 0x01, 0x89, 0x44, 0x10, 
  0x00, 0x40, 0x12, 0x11, 0x01, 0x88, 0xDD, 0x9E, 0x5A, 0x18, 0x82, 0x11, 0x46, 0x04, 0x00, 0x00, 
  0x44, 0x10, 0x20, 0x48, 0x12, 0x10, 0x01, 0x89, 0x44, 0x10, 0x00, 0x40, 0x12, 0x10, 0x01, 0x88, 
  0x44, 0x1F, 0xA0, 0x48, 0x12, 0x10, 0x01, 0x89, 0xDD, 0x9E, 0x5A, 0x18, 0x81, 0x0D, 0x46, 0x04, 
  0x00, 0x00, 0x44, 0x10, 0x60, 0x48, 0x12, 0x10, 0x01, 0x89, 0x44, 0x10, 0x01, 0x00, 0x12, 0x10, 
  0x01, 0x88, 0xDD, 0x9E, 0x5A, 0x18, 0x02, 0x10, 0x46, 0x04, 0x00, 0x00, 0x84, 0x20, 0x12, 0x10, 
  0x01, 0x89, 0x44, 0x10, 0x00, 0x90, 0x12, 0x10, 0x01, 0x8B, 0x44, 0x10, 0x00, 0x40, 0x12, 0x10, 
  0x01, 0x8A, 0xDD, 0x9E, 0x5A, 0x18, 0x01, 0x10, 0x46, 0x04, 0x00, 0x00, 0x84, 0x20, 0x12, 0x10, 
  0x01, 0x89, 0x44, 0x10, 0x40, 0x90, 0x12, 0x10, 0x01, 0x8B, 0x44, 0x10, 0x04, 0x00, 0x12, 0x10, 
  0x01, 0x8A, 0xDD, 0x9E, 0x5A, 0x18, 0x03, 0x0F, 0x46, 0x04, 0x00, 0x00, 0x84, 0x20, 0x12, 0x10, 
  0x01, 0x89, 0x44, 0x10, 0x00, 0x90, 0x12, 0x10, 0x01, 0x8B, 0x44, 0x10, 0x00, 0x40, 0x12, 0x10, 
  0x01, 0x8A, 0xDD, 0x9E, 0x3A, 0x6F, 0x98, 0xBC, 0xEF, 0xF0, 0x80, 0xC0, 0xB0, 0x01, 0x84, 0x25, 
  0x49, 0xFF, 0xEA, 0x47, 0xD5, 0x08, 0x46, 0x14, 0x00, 0x00, 0x00, 0x10, 0x83, 0x12, 0x96, 0x66, 
  0x96, 0x48, 0xC9, 0x05, 0xB0, 0x01, 0x49, 0xFF, 0xEA, 0x4C, 0xC0, 0xF6, 0x97, 0xB7, 0x46, 0x04, 
  0x00, 0x00, 0x10, 0x60, 0x03, 0x00, 0xEC, 0x10, 0x3A, 0x6F, 0x98, 0x84, 0xDD, 0x9E, 0x3A, 0x6F, 
  0x98, 0xBC, 0x46, 0x64, 0x00, 0x22, 0xB4, 0x06, 0x66, 0x00, 0x20, 0x00, 0xB6, 0x06, 0x84, 0x01, 
  0x49, 0xFF, 0xE6, 0xD8, 0xB4, 0x06, 0x58, 0x00, 0x20, 0x00, 0xB6, 0x06, 0x84, 0x01, 0x49, 0xFF, 
  0xE6, 0xD1, 0xA0, 0x31, 0x66, 0x00, 0x00, 0x80, 0xA8, 0x31, 0x84, 0x01, 0x49, 0xFF, 0xE6, 0xCA, 
  0xA0, 0x31, 0x58, 0x00, 0x00, 0x80, 0xA8, 0x31, 0x49, 0xFF, 0xFE, 0xA7, 0x49, 0xFF, 0xFE, 0x92, 
  0x49, 0xFF, 0xFE, 0xDC, 0x46, 0x04, 0x00, 0x00, 0x84, 0x29, 0x14, 0x10, 0x01, 0x8A, 0x46, 0x24, 
  0x00, 0x30, 0x02, 0x11, 0x00, 0x08, 0x66, 0x10, 0xA0, 0x00, 0x12, 0x11, 0x00, 0x08, 0x84, 0x20, 
  0x10, 0x10, 0x03, 0x00, 0x00, 0x10, 0x03, 0x01, 0x58, 0x10, 0x80, 0x40, 0x10, 0x10, 0x03, 0x01, 
  0x00, 0x10, 0x03, 0x01, 0x54, 0x10, 0x80, 0xDF, 0x10, 0x10, 0x03, 0x01, 0x84, 0x00, 0x49, 0xFF, 
  0xFF, 0xA3, 0x49, 0xFF, 0xFE, 0x5C, 0x3A, 0x6F, 0x98, 0x84, 0xDD, 0x9E, 0x46, 0x04, 0x00, 0x00, 
  0x00, 0x00, 0x03, 0x0A, 0xDD, 0x9E, 0x3A, 0x6F, 0xA8, 0xBC, 0x81, 0x00, 0x80, 0xC1, 0x81, 0x22, 
  0x84, 0x20, 0x46, 0x04, 0x00, 0x00, 0x10, 0x10, 0x03, 0x0E, 0x5C, 0xF3, 0x00, 0x41, 0xE8, 0x03, 
  0x97, 0xF0, 0xD5, 0x03, 0x44, 0x70, 0x00, 0x40, 0x8A, 0xC7, 0x84, 0x00, 0x80, 0x28, 0x80, 0x47, 
  0x49, 0x00, 0x00, 0xB7, 0x46, 0x44, 0x00, 0x00, 0x00, 0x32, 0x03, 0x12, 0x58, 0x31, 0x80, 0x02, 
  0x10, 0x32, 0x03, 0x12, 0x44, 0x00, 0x00, 0xFE, 0x80, 0x29, 0x49, 0xFF, 0xFE, 0xA2, 0xC0, 0x05, 
  0x89, 0x07, 0xCE, 0xE4, 0x84, 0x00, 0xD5, 0x02, 0x84, 0x02, 0x3A, 0x6F, 0xA8, 0x84, 0xDD, 0x9E, 
  0x3A, 0x6F, 0xA4, 0xBC, 0xEF, 0xEC, 0xFD, 0x40, 0x80, 0xE2, 0xB0, 0x01, 0x80, 0x23, 0x49, 0xFF, 
  0xE9, 0xB0, 0x84, 0x20, 0x46, 0x04, 0x00, 0x00, 0x10, 0x10, 0x03, 0x0E, 0x84, 0x00, 0xB6, 0x07, 
  0xD5, 0x22, 0x46, 0x34, 0x00, 0x00, 0x00, 0x31, 0x83, 0x12, 0x96, 0xDC, 0xC3, 0x1C, 0x46, 0x04, 
  0x00, 0x00, 0x00, 0x60, 0x03, 0x18, 0x97, 0xB0, 0xE3, 0x26, 0xE8, 0x02, 0x80, 0xC9, 0x84, 0x00, 
  0x80, 0x28, 0x80, 0x46, 0x49, 0x00, 0x00, 0xB0, 0x46, 0x14, 0x00, 0x00, 0x00, 0x00, 0x83, 0x12, 
  0x58, 0x00, 0x00, 0x40, 0x10, 0x00, 0x83, 0x12, 0x89, 0x06, 0xB4, 0x67, 0x88, 0xC3, 0xB6, 0xC7, 
  0x4C, 0x93, 0x00, 0x08, 0xB0, 0x01, 0x49, 0xFF, 0xE9, 0x94, 0xC0, 0xDC, 0x84, 0x03, 0xD5, 0x02, 
  0x84, 0x00, 0xEC, 0x14, 0x3A, 0x6F, 0xA4, 0x84, 0xDD, 0x9E, 0x46, 0x34, 0x00, 0x00, 0x84, 0x80, 
  0x10, 0x41, 0x83, 0x0E, 0x00, 0x31, 0x83, 0x12, 0x96, 0xDC, 0xC3, 0x1E, 0x3A, 0x6F, 0xA0, 0xBC, 
  0x80, 0xA0, 0x80, 0xC1, 0x80, 0xE2, 0x46, 0x04, 0x00, 0x00, 0x00, 0x30, 0x03, 0x18, 0x96, 0xD8, 
  0xE2, 0x23, 0xE9, 0x02, 0x80, 0xC3, 0x84, 0x00, 0x80, 0x25, 0x80, 0x46, 0x49, 0x00, 0x00, 0x7C, 
  0x46, 0x14, 0x00, 0x00, 0x00, 0x00, 0x83, 0x12, 0x58, 0x00, 0x00, 0xC0, 0x10, 0x00, 0x83, 0x12, 
  0xB6, 0xC7, 0x84, 0x00, 0xD5, 0x03, 0x84, 0x04, 0xDD, 0x9E, 0x3A, 0x6F, 0xA0, 0x84, 0xDD, 0x9E, 
  0x3A, 0x6F, 0xA0, 0xBC, 0xEF, 0xF8, 0x46, 0x04, 0x00, 0x00, 0x00, 0x10, 0x03, 0x02, 0x00, 0x70, 
  0x03, 0x04, 0x2E, 0x20, 0x90, 0x39, 0xFF, 0xCF, 0xFF, 0xD6, 0x00, 0x10, 0x03, 0x0A, 0x96, 0x48, 
  0x10, 0x1F, 0x80, 0x07, 0x00, 0x10, 0x03, 0x0E, 0x54, 0x80, 0x80, 0xFF, 0x10, 0x20, 0x03, 0x06, 
  0x2E, 0x10, 0x90, 0x39, 0x10, 0x10, 0x03, 0x08, 0x84, 0x20, 0x10, 0x10, 0x03, 0x0B, 0x84, 0xC0, 
  0xD5, 0x0D, 0x40, 0x03, 0x98, 0x0E, 0x96, 0x04, 0xC0, 0x07, 0x3E, 0x08, 0x90, 0x50, 0x38, 0x00, 
  0x1A, 0x02, 0xC0, 0x02, 0xDD, 0x20, 0x8C, 0xC1, 0x97, 0xB0, 0xE6, 0xC6, 0xE9, 0xF3, 0x46, 0x04, 
  0x00, 0x00, 0x10, 0x80, 0x03, 0x0E, 0xEC, 0x08, 0x3A, 0x6F, 0xA0, 0x84, 0xDD, 0x9E, 0x3A, 0x6F, 
  0xA8, 0xBC, 0x51, 0xFF, 0xFC, 0x00, 0x80, 0xE1, 0x40, 0x91, 0x08, 0x09, 0x54, 0x61, 0x00, 0x03, 
  0x54, 0x80, 0x00, 0x0F, 0x4E, 0x92, 0x00, 0x21, 0x40, 0xA4, 0x88, 0x08, 0x80, 0x1F, 0x80, 0x4A, 
  0x49, 0x00, 0x05, 0x62, 0x80, 0x3F, 0xD5, 0x09, 0xA3, 0x09, 0x46, 0x04, 0x00, 0x00, 0x50, 0x00, 
  0x03, 0x20, 0x38, 0x40, 0x22, 0x0A, 0x81, 0x23, 0x50, 0x34, 0xFF, 0xFF, 0x4E, 0x93, 0xFF, 0xF6, 
  0x88, 0xEA, 0xD5, 0x0A, 0xA6, 0xF8, 0x46, 0x24, 0x00, 0x00, 0x50, 0x21, 0x03, 0x20, 0x38, 0x31, 
  0x22, 0x08, 0x80, 0xC1, 0x8C, 0xE1, 0x9E, 0x71, 0xCE, 0xF6, 0x51, 0xFF, 0x84, 0x00, 0x3A, 0x6F, 
  0xA8, 0x84, 0xDD, 0x9E, 0x3A, 0x6F, 0xA4, 0xBC, 0x51, 0xFF, 0xFB, 0xFC, 0x80, 0xE1, 0x40, 0x31, 
  0x08, 0x09, 0x54, 0x61, 0x00, 0x03, 0x54, 0x80, 0x00, 0x0F, 0xCB, 0x0B, 0xD5, 0x20, 0x46, 0x14, 
  0x00, 0x00, 0x50, 0x10, 0x83, 0x20, 0x38, 0x10, 0xA2, 0x02, 0xAA, 0x41, 0x80, 0x22, 0xD5, 0x03, 
  0x80, 0x23, 0x80, 0x1F, 0x9E, 0x89, 0xC9, 0xF4, 0x40, 0x91, 0x88, 0x08, 0x80, 0x07, 0x80, 0x3F, 
  0x80, 0x49, 0x49, 0x00, 0x05, 0x21, 0x88, 0xE9, 0xD5, 0x0A, 0x46, 0x24, 0x00, 0x00, 0x50, 0x21, 
  0x03, 0x20, 0x38, 0x21, 0x22, 0x00, 0xAE, 0xB8, 0x80, 0xC1, 0x8C, 0xE1, 0x9E, 0x71, 0xCE, 0xF6, 
  0x51, 0xFF, 0x84, 0x04, 0x3A, 0x6F, 0xA4, 0x84, 0xDD, 0x9E, 0x3B, 0xFF, 0xFC, 0xBC, 0xEF, 0xFC, 
  0x5A, 0x08, 0x01, 0x17, 0x46, 0x04, 0x00, 0x25, 0x02, 0x10, 0x00, 0x1E, 0x58, 0x10, 0x80, 0x01, 
  0x12, 0x10, 0x00, 0x1E, 0x02, 0x10, 0x00, 0x1E, 0x58, 0x10, 0x80, 0x08, 0x12, 0x10, 0x00, 0x1E, 
  0x02, 0x10, 0x00, 0x1E, 0x58, 0x10, 0x80, 0x40, 0x12, 0x10, 0x00, 0x1E, 0xD5, 0x16, 0xC8, 0x15, 
  0x46, 0x04, 0x00, 0x25, 0x02, 0x10, 0x00, 0x1E, 0x66, 0x10, 0x80, 0x01, 0x12, 0x10, 0x00, 0x1E, 
  0x02, 0x10, 0x00, 0x1E, 0x66, 0x10, 0x80, 0x08, 0x12, 0x10, 0x00, 0x1E, 0x02, 0x10, 0x00, 0x1E, 
  0x66, 0x10, 0x80, 0x40, 0x12, 0x10, 0x00, 0x1E, 0x46, 0x04, 0x00, 0x25, 0x02, 0x10, 0x00, 0x1E, 
  0x58, 0x10, 0x84, 0x00, 0x12, 0x10, 0x00, 0x1E, 0x02, 0x10, 0x00, 0x1E, 0x58, 0x10, 0x88, 0x00, 
  0x12, 0x10, 0x00, 0x1E, 0x02, 0x10, 0x00, 0x1E, 0x58, 0x10, 0x82, 0x00, 0x12, 0x10, 0x00, 0x1E, 
  0x49, 0xFF, 0xF3, 0xE8, 0x44, 0x10, 0xFF, 0xFF, 0x4C, 0x00, 0x80, 0x0A, 0x46, 0x14, 0x00, 0x25, 
  0x02, 0x00, 0x80, 0x1E, 0x66, 0x00, 0x02, 0x00, 0x12, 0x00, 0x80, 0x1E, 0xEC, 0x04, 0x3B, 0xFF, 
  0xFC, 0x84, 0xDD, 0x9E, 0x3A, 0x6F, 0xA0, 0xBC, 0xFD, 0x30, 0x3C, 0x0F, 0xDC, 0x01, 0x49, 0xFF, 
  0xF3, 0xD1, 0x44, 0x20, 0xFF, 0xFF, 0x4C, 0x01, 0x40, 0x7E, 0x46, 0x04, 0x00, 0x25, 0xC7, 0x14, 
  0x02, 0x10, 0x00, 0x1E, 0x58, 0x10, 0x82, 0x00, 0x12, 0x10, 0x00, 0x1E, 0x02, 0x10, 0x00, 0x1E, 
  0x66, 0x10, 0x80, 0x80, 0x12, 0x10, 0x00, 0x1E, 0x02, 0x10, 0x00, 0x1E, 0x58, 0x10, 0x81, 0x00, 
  0x12, 0x10, 0x00, 0x1E, 0xD5, 0x13, 0x02, 0x10, 0x00, 0x1E, 0x58, 0x10, 0x82, 0x00, 0x12, 0x10, 
  0x00, 0x1E, 0x02, 0x10, 0x00, 0x1E, 0x58, 0x10, 0x81, 0x00, 0x12, 0x10, 0x00, 0x1E, 0x02, 0x10, 
  0x00, 0x1E, 0x66, 0x10, 0x80, 0x80, 0x12, 0x10, 0x00, 0x1E, 0x5A, 0x68, 0x01, 0x2A, 0xC7, 0x28, 
  0x46, 0x04, 0x00, 0x25, 0x02, 0x10, 0x00, 0x1E, 0x58, 0x10, 0x84, 0x00, 0x12, 0x10, 0x00, 0x1E, 
  0x02, 0x10, 0x00, 0x1E, 0x58, 0x10, 0x88, 0x00, 0x12, 0x10, 0x00, 0x1E, 0x02, 0x10, 0x00, 0x1E, 
  0x66, 0x10, 0x80, 0x02, 0x12, 0x10, 0x00, 0x1E, 0x02, 0x10, 0x00, 0x1E, 0x66, 0x10, 0x80, 0x10, 
  0x12, 0x10, 0x00, 0x1E, 0x02, 0x10, 0x00, 0x1E, 0x58, 0x10, 0x80, 0x04, 0x12, 0x10, 0x00, 0x1E, 
  0x02, 0x10, 0x00, 0x1E, 0x58, 0x10, 0x80, 0x20, 0x12, 0x10, 0x00, 0x1E, 0xD5, 0x51, 0x5A, 0x68, 
  0x01, 0x50, 0xCF, 0x4E, 0x46, 0x04, 0x00, 0x25, 0x02, 0x10, 0x00, 0x1E, 0x58, 0x10, 0x84, 0x00, 
  0x12, 0x10, 0x00, 0x1E, 0x02, 0x10, 0x00, 0x1E, 0x58, 0x10, 0x88, 0x00, 0x12, 0x10, 0x00, 0x1E, 
  0x02, 0x10, 0x00, 0x1E, 0x66, 0x10, 0x80, 0x02, 0x12, 0x10, 0x00, 0x1E, 0x02, 0x10, 0x00, 0x1E, 
  0x66, 0x10, 0x80, 0x10, 0x12, 0x10, 0x00, 0x1E, 0x02, 0x10, 0x00, 0x1E, 0x58, 0x10, 0x80, 0x04, 
  0x12, 0x10, 0x00, 0x1E, 0x02, 0x10, 0x00, 0x1E, 0x58, 0x10, 0x80, 0x20, 0x12, 0x10, 0x00, 0x1E, 
  0xD5, 0x27, 0x46, 0x04, 0x00, 0x25, 0x02, 0x10, 0x00, 0x1E, 0x58, 0x10, 0x84, 0x00, 0x12, 0x10, 
  0x00, 0x1E, 0x02, 0x10, 0x00, 0x1E, 0x58, 0x10, 0x88, 0x00, 0x12, 0x10, 0x00, 0x1E, 0x02, 0x10, 
  0x00, 0x1E, 0x66, 0x10, 0x80, 0x02, 0x12, 0x10, 0x00, 0x1E, 0x02, 0x10, 0x00, 0x1E, 0x66, 0x10, 
  0x80, 0x10, 0x12, 0x10, 0x00, 0x1E, 0x02, 0x10, 0x00, 0x1E, 0x66, 0x10, 0x80, 0x04, 0x12, 0x10, 
  0x00, 0x1E, 0x02, 0x10, 0x00, 0x1E, 0x66, 0x10, 0x80, 0x20, 0x12, 0x10, 0x00, 0x1E, 0x3A, 0x6F, 
  0xA0, 0x84, 0xDD, 0x9E, 0x8C, 0x63, 0x66, 0x31, 0x80, 0x03, 0x54, 0x40, 0x8F, 0xFF, 0xCC, 0x39, 
  0x54, 0x41, 0x0F, 0xFF, 0xCC, 0x38, 0xC8, 0x11, 0x92, 0x2C, 0x46, 0x04, 0x00, 0x30, 0x14, 0x10, 
  0x00, 0x18, 0x92, 0x4C, 0x14, 0x20, 0x00, 0x19, 0x92, 0x62, 0x14, 0x30, 0x00, 0x1A, 0x84, 0x21, 
  0x14, 0x10, 0x00, 0x15, 0x84, 0x00, 0xDD, 0x9E, 0x5A, 0x08, 0x01, 0x12, 0x92, 0x2C, 0x46, 0x04, 
  0x00, 0x30, 0x14, 0x10, 0x00, 0x1B, 0x92, 0x4C, 0x14, 0x20, 0x00, 0x1C, 0x92, 0x62, 0x14, 0x30, 
  0x00, 0x1D, 0x84, 0x21, 0x14, 0x10, 0x00, 0x16, 0x84, 0x00, 0xDD, 0x9E, 0x5A, 0x08, 0x02, 0x16, 
  0x92, 0x2C, 0x46, 0x04, 0x00, 0x30, 0x14, 0x10, 0x00, 0x1E, 0x92, 0x4C, 0x14, 0x20, 0x00, 0x1F, 
  0x92, 0x62, 0x14, 0x30, 0x00, 0x20, 0x84, 0x21, 0x14, 0x10, 0x00, 0x17, 0x84, 0x00, 0xDD, 0x9E, 
  0x84, 0x1F, 0xDD, 0x9E, 0x84, 0x1F, 0xDD, 0x9E, 0x84, 0x00, 0xDD, 0x9E, 0x3A, 0x6F, 0xA0, 0xBC, 
  0x80, 0xE0, 0x8C, 0x23, 0x40, 0x20, 0x88, 0x09, 0x40, 0x81, 0x08, 0x08, 0x46, 0x62, 0x00, 0x00, 
  0xFD, 0x03, 0x40, 0x21, 0x30, 0x08, 0x49, 0x00, 0x03, 0xB7, 0x84, 0x00, 0x80, 0x27, 0x80, 0x46, 
  0x80, 0x68, 0x49, 0xFF, 0xFF, 0xA9, 0x3A, 0x6F, 0xA0, 0x84, 0xDD, 0x9E, 0x84, 0x21, 0x46, 0x04, 
  0x00, 0x22, 0xA8, 0x42, 0xDD, 0x9E, 0x3B, 0xFF, 0xFC, 0xBC, 0xEF, 0xFC, 0x84, 0x00, 0x44, 0x10, 
  0x03, 0xE8, 0x84, 0x40, 0x49, 0x00, 0x00, 0x4C, 0x84, 0x00, 0x49, 0x00, 0x01, 0x17, 0x49, 0xFF, 
  0xED, 0x50, 0x84, 0x00, 0x49, 0xFF, 0xED, 0x36, 0xEC, 0x04, 0x3B, 0xFF, 0xFC, 0x84, 0xDD, 0x9E, 
  0x3B, 0xFF, 0xFC, 0xBC, 0xEF, 0xFC, 0x84, 0x00, 0x49, 0xFF, 0xED, 0x1F, 0xEC, 0x04, 0x3B, 0xFF, 
  0xFC, 0x84, 0xDD, 0x9E, 0x46, 0x14, 0x00, 0x2B, 0xB4, 0x01, 0x58, 0x00, 0x20, 0x00, 0xB6, 0x01, 
  0x3C, 0x0C, 0x24, 0x10, 0x8C, 0x01, 0x3C, 0x0E, 0x24, 0x10, 0xDD, 0x9E, 0x46, 0x14, 0x00, 0x2B, 
  0xB4, 0x01, 0x58, 0x00, 0x20, 0x00, 0xB6, 0x01, 0xDD, 0x9E, 0x3B, 0xFF, 0xFC, 0xBC, 0xEF, 0xFC, 
  0x5A, 0x08, 0x02, 0x0C, 0x46, 0x14, 0x00, 0x21, 0x04, 0x10, 0x80, 0x0A, 0x42, 0x10, 0x98, 0x0B, 
  0xC1, 0x04, 0x49, 0xFF, 0xE3, 0x28, 0xD5, 0x0F, 0x5A, 0x08, 0x03, 0x0C, 0x46, 0x04, 0x00, 0x21, 
  0x04, 0x00, 0x00, 0x0A, 0x42, 0x00, 0x1C, 0x0B, 0xC0, 0x04, 0x49, 0xFF, 0xE3, 0x1C, 0xD5, 0x03, 
  0x49, 0xFF, 0xE3, 0x19, 0xEC, 0x04, 0x3B, 0xFF, 0xFC, 0x84, 0xDD, 0x9E, 0x3A, 0x6F, 0xA8, 0xBC, 
  0x81, 0x40, 0x81, 0x01, 0x81, 0x22, 0xE6, 0x06, 0xE8, 0x25, 0x44, 0xF0, 0x60, 0x64, 0x38, 0x07, 
  0xAA, 0x02, 0xDD, 0x00, 0x7C, 0x60, 0x00, 0x00, 0xA6, 0x60, 0x00, 0x00, 0x82, 0x60, 0x00, 0x00, 
  0x88, 0x60, 0x00, 0x00, 0x92, 0x60, 0x00, 0x00, 0x98, 0x60, 0x00, 0x00, 0x46, 0x64, 0x00, 0x2B, 
  0xD5, 0x17, 0x46, 0x64, 0x00, 0x2F, 0xD5, 0x14, 0x46, 0x64, 0x00, 0x2F, 0x50, 0x63, 0x08, 0x00, 
  0xD5, 0x0F, 0x46, 0x64, 0x00, 0x2C, 0xD5, 0x0C, 0x46, 0x64, 0x00, 0x2C, 0x50, 0x63, 0x08, 0x00, 
  0xD5, 0x07, 0x84, 0xC0, 0xD5, 0x05, 0x46, 0x64, 0x00, 0x2B, 0x50, 0x63, 0x08, 0x00, 0x4E, 0x62, 
  0x00, 0x97, 0x80, 0x0A, 0x49, 0xFF, 0xFF, 0xAB, 0x46, 0x14, 0x31, 0xBD, 0x50, 0x10, 0x8E, 0x83, 
  0x42, 0x20, 0x04, 0xB8, 0x90, 0x1F, 0xFE, 0x46, 0x88, 0x41, 0x40, 0x01, 0x48, 0x09, 0x84, 0x3F, 
  0x40, 0x00, 0x80, 0x17, 0x40, 0x00, 0x20, 0x06, 0xC0, 0x11, 0x80, 0x0A, 0x49, 0xFF, 0xFF, 0x97, 
  0x46, 0x14, 0x31, 0xBD, 0x50, 0x10, 0x8E, 0x83, 0x42, 0x80, 0x04, 0xB8, 0x90, 0x1F, 0xFE, 0x46, 
  0x89, 0x01, 0x93, 0x12, 0x84, 0x1F, 0x40, 0x80, 0x21, 0x17, 0x80, 0x0A, 0x49, 0xFF, 0xFF, 0x87, 
  0x46, 0x14, 0x31, 0xBD, 0x50, 0x10, 0x8E, 0x83, 0x42, 0x30, 0x04, 0xB8, 0x90, 0x1F, 0xFE, 0x46, 
  0x88, 0x61, 0x40, 0x71, 0xC8, 0x09, 0x42, 0x73, 0xA0, 0x24, 0x42, 0x73, 0x80, 0x07, 0x52, 0x73, 
  0x80, 0x20, 0x5C, 0x03, 0x80, 0x11, 0xC8, 0x03, 0x8E, 0xF0, 0xD5, 0x02, 0x84, 0xE0, 0xB4, 0x06, 
  0x66, 0x00, 0x00, 0x01, 0xB6, 0x06, 0x54, 0x94, 0x80, 0x01, 0x40, 0x04, 0x84, 0x08, 0xB5, 0x26, 
  0x66, 0x94, 0x80, 0x02, 0x40, 0x94, 0x80, 0x04, 0xB7, 0x26, 0xB4, 0x06, 0x58, 0x00, 0x00, 0x08, 
  0xB6, 0x06, 0xB4, 0x06, 0x66, 0x00, 0x00, 0x10, 0xB6, 0x06, 0xB4, 0x06, 0x66, 0x00, 0x00, 0x60, 
  0xB6, 0x06, 0xB4, 0x06, 0x58, 0x00, 0x10, 0x00, 0xB6, 0x06, 0xB4, 0x06, 0x58, 0x00, 0x20, 0x00, 
  0xB6, 0x06, 0xB4, 0x06, 0x66, 0x00, 0x01, 0x00, 0xB6, 0x06, 0x80, 0x0A, 0x49, 0xFF, 0xFF, 0x47, 
  0x42, 0x04, 0x00, 0x69, 0x46, 0x20, 0x00, 0xF4, 0x50, 0x21, 0x02, 0x40, 0x84, 0x60, 0x49, 0x00, 
  0x01, 0xD9, 0x42, 0x20, 0x1C, 0x86, 0x54, 0x03, 0x80, 0x1F, 0x40, 0x10, 0x80, 0x0D, 0x5C, 0x03, 
  0x80, 0x20, 0x40, 0x11, 0x00, 0x1B, 0x8E, 0x21, 0xA8, 0x73, 0x84, 0x01, 0x40, 0x70, 0x1C, 0x0C, 
  0x8E, 0xE1, 0xA9, 0xF4, 0x02, 0x03, 0x00, 0x0E, 0x66, 0x00, 0x1E, 0x00, 0x12, 0x03, 0x00, 0x0E, 
  0xB4, 0x06, 0x58, 0x00, 0x00, 0x04, 0xB6, 0x06, 0xB4, 0x06, 0x66, 0x00, 0x00, 0x01, 0xB6, 0x06, 
  0xB4, 0x06, 0x42, 0x00, 0x60, 0x08, 0xB6, 0x06, 0x84, 0x00, 0xD5, 0x03, 0x44, 0x0F, 0xFF, 0x80, 
  0x3A, 0x6F, 0xA8, 0x84, 0xDD, 0x9E, 0x92, 0x00, 0xE6, 0x06, 0xE8, 0x26, 0x44, 0xF0, 0x61, 0xF8, 
  0x38, 0x07, 0x82, 0x02, 0x4A, 0x00, 0x00, 0x00, 0x10, 0x62, 0x00, 0x00, 0x3A, 0x62, 0x00, 0x00, 
  0x16, 0x62, 0x00, 0x00, 0x1C, 0x62, 0x00, 0x00, 0x26, 0x62, 0x00, 0x00, 0x2C, 0x62, 0x00, 0x00, 
  0x46, 0x04, 0x00, 0x2B, 0xD5, 0x17, 0x46, 0x04, 0x00, 0x2F, 0xD5, 0x14, 0x46, 0x04, 0x00, 0x2F, 
  0x50, 0x00, 0x08, 0x00, 0xD5, 0x0F, 0x46, 0x04, 0x00, 0x2C, 0xD5, 0x0C, 0x46, 0x04, 0x00, 0x2C, 
  0x50, 0x00, 0x08, 0x00, 0xD5, 0x07, 0x84, 0x00, 0xD5, 0x05, 0x46, 0x04, 0x00, 0x2B, 0x50, 0x00, 
  0x08, 0x00, 0xC0, 0x0B, 0xB4, 0x20, 0x58, 0x10, 0x80, 0x01, 0xB6, 0x20, 0xB4, 0x20, 0x42, 0x10, 
  0xE0, 0x08, 0xB6, 0x20, 0x84, 0x00, 0xDD, 0x9E, 0x44, 0x0F, 0xFF, 0x80, 0xDD, 0x9E, 0x92, 0x00, 
  0x3B, 0xFF, 0xFC, 0xBC, 0xEF, 0xFC, 0x46, 0x04, 0x00, 0x21, 0x04, 0x00, 0x00, 0x0A, 0x42, 0x00, 
  0x14, 0x0B, 0x5A, 0x08, 0x01, 0x0B, 0x49, 0xFF, 0xE1, 0xFB, 0x46, 0x14, 0x00, 0x21, 0xA0, 0x49, 
  0x8C, 0x21, 0x40, 0x00, 0x04, 0x17, 0xD5, 0x04, 0x84, 0x00, 0x49, 0xFF, 0xF2, 0xAE, 0xEC, 0x04, 
  0x3B, 0xFF, 0xFC, 0x84, 0xDD, 0x9E, 0x50, 0x50, 0x7D, 0xA8, 0x46, 0x40, 0x03, 0x93, 0x50, 0x42, 
  0x06, 0x18, 0xE2, 0x85, 0x4E, 0xF3, 0x00, 0xCC, 0xE6, 0x25, 0x4E, 0xF3, 0x00, 0xCB, 0xE6, 0x29, 
  0x4E, 0xF2, 0x00, 0xCA, 0xE6, 0x43, 0x4E, 0xF2, 0x00, 0xC9, 0xE6, 0x63, 0x4E, 0xF2, 0x00, 0xC8, 
  0x3A, 0x6F, 0xA0, 0xBC, 0x46, 0x44, 0x00, 0x05, 0x00, 0x52, 0x00, 0x0C, 0x66, 0x52, 0x80, 0x01, 
  0x10, 0x52, 0x00, 0x0C, 0x00, 0x52, 0x00, 0x1C, 0x66, 0x52, 0x80, 0x01, 0x10, 0x52, 0x00, 0x1C, 
  0x47, 0x04, 0x00, 0x21, 0x04, 0x58, 0x00, 0x0D, 0x66, 0x52, 0xC0, 0x00, 0x14, 0x58, 0x00, 0x0D, 
  0x8E, 0x25, 0x96, 0x4F, 0xA7, 0x60, 0x66, 0x52, 0x80, 0x03, 0xFE, 0x6F, 0xAE, 0x60, 0xC2, 0x0E, 
  0xA6, 0x60, 0x58, 0x10, 0x80, 0x04, 0xAE, 0x60, 0x8E, 0x41, 0x96, 0x54, 0x94, 0x8B, 0xA6, 0x60, 
  0x66, 0x10, 0x80, 0x08, 0xFE, 0x57, 0xAE, 0x60, 0xD5, 0x07, 0x46, 0x24, 0x00, 0x05, 0xA6, 0x50, 
  0x66, 0x10, 0x80, 0x04, 0xAE, 0x50, 0x80, 0xE0, 0x9E, 0x59, 0x46, 0x64, 0x00, 0x05, 0x96, 0x4C, 
  0x94, 0x8C, 0xA6, 0x70, 0x66, 0x10, 0x80, 0x10, 0xFE, 0x57, 0xAE, 0x70, 0xA6, 0x30, 0x58, 0x00, 
  0x00, 0x20, 0xAE, 0x30, 0x49, 0xFF, 0xFF, 0x8E, 0x95, 0xFB, 0x40, 0x00, 0x1C, 0x17, 0x8E, 0x01, 
  0x40, 0x80, 0x00, 0x13, 0x49, 0xFF, 0xFF, 0x86, 0x40, 0x00, 0x1C, 0x37, 0x94, 0x4B, 0x40, 0x10, 
  0x9C, 0x37, 0x96, 0x57, 0x40, 0x10, 0xC0, 0x08, 0x40, 0x04, 0x04, 0x04, 0xA8, 0x31, 0x46, 0x14, 
  0x00, 0x21, 0x04, 0x00, 0x80, 0x0D, 0x58, 0x00, 0x40, 0x00, 0x14, 0x00, 0x80, 0x0D, 0x00, 0x03, 
  0x00, 0x0C, 0x58, 0x00, 0x00, 0x01, 0x10, 0x03, 0x00, 0x0C, 0x00, 0x03, 0x00, 0x0C, 0x66, 0x00, 
  0x00, 0x02, 0x10, 0x03, 0x00, 0x0C, 0x00, 0x03, 0x00, 0x0C, 0x66, 0x00, 0x00, 0x08, 0x10, 0x03, 
  0x00, 0x0C, 0x00, 0x03, 0x00, 0x0C, 0x66, 0x00, 0x00, 0x20, 0x10, 0x03, 0x00, 0x0C, 0x00, 0x03, 
  0x00, 0x0C, 0x96, 0x37, 0x10, 0x03, 0x00, 0x0C, 0x00, 0x03, 0x00, 0x1C, 0x58, 0x00, 0x00, 0x01, 
  0x10, 0x03, 0x00, 0x1C, 0x00, 0x03, 0x00, 0x1C, 0x66, 0x00, 0x00, 0x02, 0x10, 0x03, 0x00, 0x1C, 
  0x00, 0x03, 0x00, 0x1C, 0x66, 0x00, 0x00, 0x08, 0x10, 0x03, 0x00, 0x1C, 0x00, 0x03, 0x00, 0x20, 
  0x66, 0x00, 0x00, 0x0C, 0x10, 0x03, 0x00, 0x20, 0x00, 0x03, 0x00, 0x28, 0x66, 0x00, 0x00, 0x01, 
  0x10, 0x03, 0x00, 0x28, 0x00, 0x03, 0x00, 0x28, 0x66, 0x00, 0x00, 0x02, 0x10, 0x03, 0x00, 0x28, 
  0x00, 0x03, 0x00, 0x28, 0x66, 0x00, 0x00, 0x04, 0x10, 0x03, 0x00, 0x28, 0x00, 0x03, 0x00, 0x28, 
  0x66, 0x00, 0x00, 0x08, 0x10, 0x03, 0x00, 0x28, 0x00, 0x03, 0x00, 0x28, 0x66, 0x00, 0x00, 0x10, 
  0x10, 0x03, 0x00, 0x28, 0x46, 0x04, 0x00, 0x22, 0xA0, 0x41, 0x66, 0x10, 0x81, 0x00, 0xA8, 0x41, 
  0xA0, 0x41, 0x58, 0x10, 0x81, 0x00, 0xA8, 0x41, 0x84, 0x01, 0xD5, 0x0B, 0x84, 0x00, 0xDD, 0x9E, 
  0x84, 0x00, 0xDD, 0x9E, 0x84, 0x00, 0xDD, 0x9E, 0x84, 0x00, 0xDD, 0x9E, 0x84, 0x00, 0xDD, 0x9E, 
  0x3A, 0x6F, 0xA0, 0x84, 0xDD, 0x9E, 0x46, 0x24, 0x00, 0x05, 0x00, 0x11, 0x00, 0x1C, 0x66, 0x10, 
  0x80, 0x08, 0x10, 0x11, 0x00, 0x1C, 0x46, 0x14, 0x00, 0x05, 0xA0, 0x4D, 0x42, 0x10, 0xA4, 0x0B, 
  0xC1, 0xFB, 0x46, 0x14, 0x00, 0x05, 0xA8, 0x0E, 0x46, 0x04, 0x00, 0x05, 0xA0, 0x05, 0x42, 0x00, 
  0x20, 0x0B, 0xC0, 0xFB, 0x46, 0x14, 0x00, 0x05, 0x00, 0x00, 0x80, 0x1C, 0x58, 0x00, 0x00, 0x04, 
  0x10, 0x00, 0x80, 0x1C, 0xDD, 0x9E, 0x44, 0x00, 0x88, 0x04, 0xDD, 0x9E, 0x3A, 0x6F, 0xA0, 0xBC, 
  0x80, 0xC0, 0x49, 0xFF, 0xEA, 0xD3, 0x80, 0xE0, 0x49, 0xFF, 0xEA, 0xD4, 0x46, 0x14, 0x00, 0x20, 
  0xA0, 0x8C, 0x66, 0x21, 0x00, 0x03, 0xA8, 0x8C, 0xA0, 0x0C, 0xFF, 0x87, 0xA9, 0x8C, 0x84, 0x41, 
  0xA8, 0x8D, 0xA8, 0x8E, 0xA8, 0x89, 0xA8, 0x8A, 0xC7, 0x03, 0x49, 0xFF, 0xEA, 0xCA, 0x3A, 0x6F, 
  0xA0, 0x84, 0xDD, 0x9E, 0x3A, 0x6F, 0x98, 0xBC, 0x49, 0xFF, 0xEA, 0xB8, 0x80, 0xC0, 0x49, 0xFF, 
  0xEA, 0xB9, 0x46, 0x14, 0x00, 0x20, 0x84, 0x41, 0xA8, 0x89, 0xA8, 0x8B, 0xC6, 0x03, 0x49, 0xFF, 
  0xEA, 0xB8, 0x3A, 0x6F, 0x98, 0x84, 0xDD, 0x9E, 0x3A, 0x6F, 0x98, 0xBC, 0x49, 0xFF, 0xEA, 0xA6, 
  0x80, 0xC0, 0x49, 0xFF, 0xEA, 0xA7, 0x46, 0x14, 0x00, 0x20, 0x84, 0x41, 0xA8, 0x8D, 0xA8, 0x8E, 
  0xC6, 0x03, 0x49, 0xFF, 0xEA, 0xA6, 0x3A, 0x6F, 0x98, 0x84, 0xDD, 0x9E, 0x46, 0x04, 0x00, 0x24, 
  0x44, 0x10, 0x00, 0xCA, 0x14, 0x10, 0x02, 0x00, 0x44, 0x10, 0x00, 0x5C, 0x14, 0x10, 0x02, 0x00, 
  0xDD, 0x9E, 0x84, 0x20, 0x46, 0x04, 0x00, 0x24, 0x14, 0x10, 0x02, 0x00, 0xDD, 0x9E, 0x00, 0x00, 
  0x84, 0x80, 0xD5, 0x2D, 0x41, 0x41, 0x40, 0x09, 0x97, 0x41, 0x92, 0x10, 0x40, 0x40, 0xD0, 0x37, 
  0x96, 0xD1, 0x40, 0x10, 0xC0, 0x08, 0xFE, 0x47, 0x42, 0x02, 0x0C, 0x24, 0xE2, 0x20, 0xE8, 0x09, 
  0x9F, 0x21, 0x98, 0x4A, 0xE2, 0x22, 0xE9, 0x05, 0xE2, 0x20, 0xE8, 0x03, 0x9F, 0x21, 0x98, 0x4A, 
  0x9A, 0x48, 0x40, 0x10, 0xD0, 0x17, 0x40, 0x00, 0x40, 0x08, 0xFE, 0x2F, 0xFE, 0xCC, 0xE2, 0x03, 
  0xE8, 0x09, 0x98, 0x02, 0x9E, 0x49, 0xE2, 0x02, 0xE9, 0x05, 0xE2, 0x03, 0xE8, 0x03, 0x98, 0x02, 
  0x9E, 0x49, 0x9A, 0x03, 0x40, 0x42, 0x40, 0x08, 0xFE, 0x67, 0xDD, 0x9E, 0x3B, 0xFF, 0xFE, 0xBC, 
  0xFD, 0x80, 0xFD, 0x91, 0x83, 0x84, 0xCB, 0x4D, 0xE3, 0xB2, 0xE8, 0x19, 0x42, 0x09, 0x00, 0x07, 
  0x82, 0xA0, 0xC0, 0x0D, 0x41, 0x29, 0x00, 0x0C, 0x52, 0x50, 0x00, 0x20, 0x40, 0x58, 0x14, 0x0D, 
  0x41, 0x18, 0x80, 0x0C, 0x41, 0x18, 0x94, 0x04, 0x41, 0x08, 0x00, 0x0C, 0xFD, 0x08, 0x80, 0x52, 
  0x49, 0xFF, 0xFF, 0xBA, 0x82, 0xC1, 0x82, 0x00, 0x86, 0xE0, 0xD5, 0x23, 0xC2, 0x28, 0x42, 0x09, 
  0x00, 0x07, 0x82, 0xA0, 0xC8, 0x04, 0x8B, 0xB2, 0x86, 0xE1, 0xD5, 0x14, 0x52, 0xF0, 0x00, 0x20, 
  0x41, 0x29, 0x00, 0x0C, 0x80, 0x52, 0x40, 0x48, 0x3C, 0x0D, 0x40, 0x58, 0x80, 0x0C, 0x41, 0x08, 
  0x00, 0x0C, 0x40, 0x02, 0x90, 0x04, 0x40, 0x18, 0xBC, 0x0D, 0x49, 0xFF, 0xFF, 0x9D, 0x82, 0xE1, 
  0x82, 0x20, 0xFD, 0x08, 0x80, 0x52, 0x49, 0xFF, 0xFF, 0x97, 0x82, 0xC1, 0x51, 0x00, 0x00, 0x00, 
  0x4F, 0xC2, 0x00, 0x53, 0x86, 0x20, 0x41, 0x08, 0x54, 0x0D, 0xD5, 0x4B, 0x41, 0x19, 0x4A, 0x17, 
  0x84, 0x20, 0x84, 0x00, 0x4F, 0xC2, 0x00, 0x4C, 0xB7, 0x9C, 0x15, 0x1E, 0x00, 0x01, 0xD5, 0x47, 
  0xE3, 0xB3, 0xE9, 0xF7, 0x42, 0x09, 0x80, 0x07, 0x82, 0xA0, 0xC0, 0x44, 0x52, 0x40, 0x00, 0x20, 
  0x40, 0x59, 0x10, 0x0D, 0x40, 0x29, 0x80, 0x0C, 0xFE, 0xAF, 0x82, 0x62, 0x41, 0x29, 0x00, 0x0C, 
  0x40, 0x38, 0x10, 0x0D, 0x41, 0x08, 0x00, 0x0C, 0x40, 0x08, 0x80, 0x0C, 0x40, 0x18, 0x90, 0x0D, 
  0xFE, 0x1F, 0x49, 0xFF, 0xFF, 0x69, 0x82, 0xC1, 0x82, 0x20, 0x42, 0x00, 0xC8, 0x69, 0xE3, 0xA1, 
  0xE9, 0x05, 0x4C, 0x18, 0xC0, 0x0C, 0xE3, 0x80, 0xE8, 0x09, 0x51, 0x6B, 0x7F, 0xFF, 0x8A, 0x33, 
  0x40, 0x30, 0x48, 0x01, 0xE2, 0x03, 0x8A, 0x2F, 0x80, 0x03, 0x86, 0xE0, 0x4F, 0xC2, 0x00, 0x15, 
  0x40, 0x08, 0x00, 0x01, 0x40, 0x18, 0x84, 0x01, 0xE3, 0x80, 0x8A, 0x2F, 0x52, 0x4A, 0x80, 0x20, 
  0x41, 0x10, 0x90, 0x0C, 0x41, 0x00, 0x54, 0x0D, 0x41, 0x08, 0x44, 0x04, 0x41, 0x10, 0xD4, 0x0D, 
  0xB7, 0x9C, 0x15, 0x1E, 0x00, 0x01, 0x80, 0x16, 0x50, 0x1B, 0x80, 0x00, 0x3B, 0xFF, 0xFE, 0x84, 
  0xDD, 0x9E, 0xE3, 0xF1, 0xE9, 0x03, 0xE3, 0x92, 0xE9, 0x09, 0x86, 0xC1, 0x40, 0x48, 0x48, 0x01, 
  0x8B, 0xB3, 0xE3, 0x84, 0x8B, 0xAF, 0x82, 0x04, 0xD5, 0x02, 0x86, 0xC0, 0x86, 0xE0, 0x4F, 0xC3, 
  0xFF, 0xE9, 0xD5, 0xEA, 0x80, 0x60, 0xE6, 0x44, 0xE9, 0x28, 0x54, 0x41, 0x80, 0x03, 0x54, 0x50, 
  0x80, 0x03, 0xC5, 0x0B, 0x52, 0x52, 0x80, 0x04, 0x9A, 0x95, 0x99, 0x69, 0x08, 0x40, 0x80, 0x01, 
  0x18, 0x41, 0x80, 0x01, 0x4C, 0x12, 0xFF, 0xFC, 0x40, 0x51, 0x14, 0x09, 0xC5, 0x0A, 0x95, 0x6D, 
  0x99, 0x69, 0x96, 0xA7, 0x3B, 0x00, 0xDC, 0x04, 0x3B, 0x01, 0xDC, 0x24, 0x4C, 0x12, 0xFF, 0xFC, 
  0x40, 0x51, 0x08, 0x09, 0xC5, 0x0A, 0x95, 0x6A, 0x99, 0x69, 0x96, 0x8F, 0x3A, 0x40, 0x90, 0x04, 
  0x3A, 0x41, 0x90, 0x24, 0x4C, 0x12, 0xFF, 0xFC, 0xC2, 0x08, 0x99, 0x4A, 0x08, 0x40, 0x80, 0x01, 
  0x18, 0x41, 0x80, 0x01, 0x4C, 0x12, 0xFF, 0xFC, 0xDD, 0x9E, 0x92, 0x00, 0x80, 0x60, 0xE6, 0x44, 
  0xE9, 0x30, 0x54, 0x51, 0x80, 0x03, 0xC5, 0x09, 0x52, 0x52, 0x80, 0x04, 0x9A, 0x95, 0x99, 0x68, 
  0x18, 0x11, 0x80, 0x01, 0x4C, 0x32, 0xFF, 0xFE, 0x96, 0x48, 0x40, 0x40, 0xA0, 0x08, 0xFE, 0x67, 
  0x40, 0x40, 0xC0, 0x08, 0xFE, 0x67, 0x40, 0x51, 0x14, 0x09, 0x4E, 0x52, 0x00, 0x11, 0x95, 0x6D, 
  0x99, 0x6B, 0x96, 0xA7, 0x82, 0x01, 0x82, 0x21, 0x82, 0x41, 0x82, 0x61, 0x82, 0x81, 0x82, 0xA1, 
  0x82, 0xC1, 0x82, 0xE1, 0x3B, 0x01, 0xDC, 0x24, 0x4C, 0x32, 0xFF, 0xFE, 0x40, 0x51, 0x08, 0x09, 
  0xC5, 0x08, 0x95, 0x6A, 0x99, 0x6B, 0x96, 0x8F, 0x3A, 0x11, 0x84, 0x24, 0x4C, 0x32, 0xFF, 0xFE, 
  0xC2, 0x06, 0x99, 0x5A, 0x18, 0x11, 0x80, 0x01, 0x4C, 0x32, 0xFF, 0xFE, 0xDD, 0x9E, 0x92, 0x00, 
  0xFC, 0x00, 0xB0, 0x44, 0x49, 0x00, 0x00, 0x45, 0xFC, 0x80, 0xFC, 0x01, 0x80, 0x20, 0x84, 0x0A, 
  0x10, 0x0F, 0x80, 0x07, 0x80, 0x41, 0x28, 0x01, 0x00, 0x01, 0xC8, 0xFE, 0x44, 0x00, 0x39, 0xF6, 
  0x8A, 0x41, 0xC0, 0x0B, 0x80, 0x01, 0x9E, 0x51, 0x49, 0xFF, 0xE8, 0xFF, 0x50, 0x0F, 0x80, 0x07, 
  0x84, 0x21, 0x49, 0xFF, 0xE8, 0xFA, 0xD5, 0x0C, 0x8E, 0x41, 0x84, 0x01, 0x49, 0x00, 0x06, 0x4E, 
  0x84, 0x01, 0x50, 0x1F, 0x80, 0x07, 0x80, 0x40, 0x49, 0x00, 0x06, 0x48, 0x80, 0xC0, 0xCE, 0x04, 
  0xFA, 0x06, 0x3C, 0x0E, 0x24, 0x13, 0x84, 0x00, 0xFC, 0x81, 0xFC, 0x00, 0x3F, 0xC8, 0x90, 0x44, 
  0xBB, 0x00, 0xB9, 0x01, 0x9C, 0x99, 0xBA, 0x80, 0x38, 0x00, 0x8C, 0x08, 0x5A, 0x28, 0x40, 0x0F, 
  0x44, 0x00, 0x39, 0xF6, 0xC0, 0x06, 0x80, 0x01, 0x80, 0x22, 0x49, 0xFF, 0xE8, 0xD6, 0xD5, 0x04, 
  0x84, 0x01, 0x49, 0x00, 0x06, 0x2B, 0x84, 0x00, 0xB8, 0x80, 0x84, 0x00, 0xFC, 0x80, 0xFC, 0x01, 
  0x51, 0xCF, 0x80, 0x18, 0x84, 0x60, 0xEF, 0xB8, 0x44, 0x20, 0x68, 0x2A, 0x3D, 0xFE, 0x24, 0x12, 
  0x3C, 0x3E, 0x24, 0x11, 0x49, 0x00, 0x00, 0x1A, 0x3C, 0x2C, 0x24, 0x11, 0x14, 0x0E, 0x7F, 0xFB, 
  0xC2, 0x0F, 0x44, 0x00, 0x39, 0xF6, 0xC0, 0x07, 0x80, 0x22, 0x3C, 0x0C, 0x24, 0x12, 0x49, 0xFF, 
  0xE8, 0xB4, 0xD5, 0x06, 0x84, 0x01, 0x3C, 0x1C, 0x24, 0x12, 0x49, 0x00, 0x06, 0x07, 0x04, 0x0E, 
  0x7F, 0xFB, 0x51, 0xFE, 0x7F, 0xF0, 0xFC, 0x80, 0xFC, 0x67, 0x36, 0x3F, 0x80, 0x0C, 0x85, 0x60, 
  0x81, 0xC0, 0xF1, 0x83, 0x81, 0x82, 0xF3, 0x82, 0x14, 0xBF, 0x80, 0x04, 0x81, 0x4B, 0x80, 0xCB, 
  0x80, 0xEB, 0x83, 0x8B, 0x44, 0x80, 0x00, 0x30, 0x20, 0x07, 0x00, 0x00, 0x4E, 0x02, 0x02, 0x4B, 
  0xE6, 0xE6, 0x4E, 0xF2, 0x02, 0x3C, 0x44, 0xF0, 0x68, 0xE4, 0x38, 0x17, 0x9D, 0x01, 0x40, 0xF0, 
  0xBC, 0x00, 0xDD, 0x0F, 0x0C, 0x00, 0x28, 0x00, 0xA2, 0x00, 0xEA, 0x00, 0x28, 0x01, 0x54, 0x01, 
  0x5A, 0x00, 0x25, 0x09, 0xB0, 0x42, 0xDD, 0x2C, 0xF0, 0x04, 0x8C, 0x01, 0xF0, 0x84, 0x48, 0x00, 
  0x02, 0x27, 0x85, 0x60, 0x50, 0xE7, 0x00, 0x01, 0x80, 0xC7, 0x81, 0x4B, 0x20, 0x07, 0x00, 0x00, 
  0x5A, 0x08, 0x25, 0x09, 0xB0, 0x42, 0xDD, 0x2C, 0xF0, 0x04, 0x8C, 0x01, 0xF0, 0x84, 0x48, 0x00, 
  0x02, 0x16, 0x5A, 0x08, 0x20, 0x09, 0x54, 0x03, 0x20, 0x00, 0x4E, 0x03, 0x02, 0x10, 0x58, 0x63, 
  0x20, 0x00, 0xD5, 0x15, 0x5A, 0x08, 0x2D, 0x0C, 0x96, 0x34, 0xC0, 0x06, 0xFA, 0x06, 0x3C, 0x0E, 
  0x24, 0x13, 0x48, 0x00, 0x02, 0x04, 0x58, 0x63, 0x00, 0x01, 0xD5, 0x09, 0x5A, 0x08, 0x2B, 0x0B, 
  0x54, 0x03, 0x02, 0x00, 0x4E, 0x03, 0x01, 0xFB, 0x58, 0x63, 0x02, 0x00, 0x84, 0xE1, 0x48, 0x00, 
  0x01, 0xF7, 0x5A, 0x08, 0x23, 0x09, 0x54, 0x03, 0x10, 0x00, 0x4E, 0x03, 0x01, 0xF0, 0x58, 0x63, 
  0x10, 0x00, 0xD5, 0xF5, 0x5A, 0x08, 0x30, 0x09, 0x54, 0x03, 0x00, 0x40, 0x4E, 0x03, 0x01, 0xE7, 
  0x58, 0x63, 0x00, 0x40, 0xD5, 0xEC, 0x20, 0x07, 0x00, 0x00, 0x50, 0x10, 0x7F, 0xD0, 0x96, 0x88, 
  0xE6, 0x4A, 0xE8, 0x0C, 0x42, 0x03, 0x3C, 0x0B, 0x4E, 0x03, 0x01, 0xD9, 0x84, 0x0A, 0x42, 0x15, 
  0x00, 0x73, 0x42, 0x63, 0x40, 0x08, 0x81, 0x41, 0xD5, 0x0E, 0x5A, 0x08, 0x2A, 0x10, 0x44, 0x01, 
  0x80, 0x00, 0xFE, 0x36, 0x4E, 0x03, 0x01, 0xCB, 0xF0, 0x03, 0x42, 0x63, 0x3C, 0x08, 0x9C, 0x44, 
  0xF1, 0x83, 0xB5, 0x40, 0x84, 0xE2, 0x48, 0x00, 0x01, 0xC3, 0x42, 0xA5, 0x70, 0x00, 0x20, 0x07, 
  0x00, 0x00, 0x5A, 0x08, 0x2E, 0x05, 0x58, 0x63, 0x01, 0x00, 0xD5, 0x14, 0x54, 0x13, 0x01, 0x00, 
  0xC1, 0x14, 0x50, 0x10, 0x7F, 0xD0, 0x96, 0x88, 0xE6, 0x4A, 0xE8, 0x06, 0x84, 0x0A, 0x42, 0x15, 
  0x80, 0x73, 0x81, 0x61, 0xD5, 0x07, 0x5A, 0x08, 0x2A, 0x09, 0xF0, 0x03, 0x9C, 0x44, 0xF1, 0x83, 
  0xB5, 0x60, 0x84, 0xE3, 0x48, 0x00, 0x01, 0xA4, 0x42, 0xB5, 0xF0, 0x00, 0x20, 0x07, 0x00, 0x00, 
  0x5A, 0x08, 0x6C, 0x0D, 0x54, 0x03, 0x00, 0x08, 0xC0, 0x06, 0x66, 0x63, 0x00, 0x08, 0x58, 0x63, 
  0x40, 0x00, 0xD5, 0x08, 0x58, 0x63, 0x00, 0x08, 0xD5, 0x05, 0x5A, 0x08, 0x68, 0x07, 0x58, 0x63, 
  0x00, 0x10, 0x84, 0xE4, 0x48, 0x00, 0x01, 0x8C, 0x20, 0x47, 0x00, 0x00, 0x84, 0x00, 0x10, 0x0F, 
  0x80, 0x2C, 0x5A, 0x48, 0x66, 0x04, 0x48, 0x00, 0x01, 0x76, 0x5E, 0xF2, 0x00, 0x67, 0xE8, 0x2A, 
  0x5A, 0x40, 0x58, 0x4A, 0x5E, 0xF2, 0x00, 0x59, 0xE8, 0x11, 0x5A, 0x48, 0x46, 0x04, 0x48, 0x00, 
  0x01, 0x68, 0x5A, 0x48, 0x47, 0x04, 0x48, 0x00, 0x01, 0x5F, 0x5A, 0x40, 0x45, 0x04, 0x48, 0x00, 
  0x01, 0x6E, 0x58, 0x63, 0x00, 0x02, 0x48, 0x00, 0x01, 0x54, 0x5A, 0x40, 0x64, 0x3A, 0x5E, 0xF2, 
  0x00, 0x65, 0x4E, 0xF2, 0x01, 0x4E, 0x5A, 0x40, 0x63, 0x04, 0x48, 0x00, 0x01, 0x60, 0xF0, 0x03, 
  0xB1, 0xC5, 0x9C, 0x44, 0xB4, 0x00, 0xF1, 0x83, 0x10, 0x0F, 0x80, 0x14, 0x85, 0x21, 0x48, 0x00, 
  0x01, 0x15, 0x5A, 0x48, 0x70, 0x04, 0x48, 0x00, 0x01, 0x57, 0x5E, 0xF2, 0x00, 0x71, 0xE8, 0x0D, 
  0x5A, 0x40, 0x69, 0x1F, 0x5A, 0x48, 0x6F, 0x04, 0x48, 0x00, 0x01, 0x52, 0x5A, 0x40, 0x67, 0x04, 
  0x48, 0x00, 0x01, 0x45, 0x48, 0x00, 0x01, 0x32, 0x5A, 0x40, 0x75, 0x0C, 0x5A, 0x48, 0x78, 0x04, 
  0x48, 0x00, 0x01, 0x42, 0x5A, 0x48, 0x73, 0x04, 0x48, 0x00, 0x00, 0xEB, 0x48, 0x00, 0x01, 0x37, 
  0x85, 0xAA, 0xD5, 0x15, 0x58, 0x63, 0x00, 0x02, 0x44, 0xD0, 0x00, 0x10, 0xD5, 0x0C, 0x58, 0x63, 
  0x00, 0x04, 0x85, 0xAA, 0x5A, 0x40, 0x64, 0x0C, 0x5A, 0x40, 0x69, 0x0A, 0x5A, 0x40, 0x6F, 0x08, 
  0x5A, 0x40, 0x75, 0x06, 0x66, 0x42, 0x00, 0x20, 0x5A, 0x48, 0x58, 0x09, 0x4E, 0xB7, 0x00, 0x07, 
  0x4E, 0xA3, 0x00, 0x05, 0x58, 0x63, 0x00, 0x40, 0x81, 0x4B, 0x54, 0x13, 0x40, 0x00, 0xF0, 0x03, 
  0xC1, 0x0A, 0x8C, 0x07, 0x66, 0x00, 0x00, 0x07, 0x50, 0x10, 0x00, 0x08, 0xF1, 0x83, 0xA0, 0x81, 
  0xB4, 0x20, 0xD5, 0x06, 0x9C, 0x44, 0xF1, 0x83, 0xB4, 0x20, 0x40, 0x20, 0xFC, 0x0A, 0x54, 0x03, 
  0x00, 0x04, 0xC0, 0x0A, 0x4E, 0x24, 0x00, 0x09, 0xFE, 0x4A, 0x40, 0xFE, 0x04, 0x06, 0xFE, 0x92, 
  0x58, 0x63, 0x00, 0x20, 0x8A, 0x4F, 0x54, 0x03, 0x00, 0x10, 0xC0, 0x03, 0x96, 0x49, 0x84, 0x40, 
  0x50, 0x0F, 0x80, 0x2B, 0x54, 0x43, 0x40, 0x00, 0x54, 0x53, 0x00, 0x02, 0xC4, 0x08, 0x54, 0x30, 
  0x80, 0x0F, 0x92, 0x24, 0x40, 0x10, 0x8B, 0x84, 0x92, 0x44, 0xD5, 0x03, 0x40, 0x70, 0xB4, 0x77, 
  0xE6, 0x6A, 0x80, 0xE0, 0xE8, 0x04, 0x50, 0x31, 0x80, 0x30, 0xD5, 0x07, 0xC5, 0x04, 0x50, 0x31, 
  0x80, 0x37, 0xD5, 0x03, 0x50, 0x31, 0x80, 0x57, 0xAE, 0xC0, 0xCC, 0x04, 0x40, 0x10, 0xB4, 0x37, 
  0x80, 0x44, 0x40, 0x30, 0x88, 0x04, 0x8E, 0x01, 0xCB, 0xE2, 0x80, 0x07, 0x49, 0x00, 0x04, 0x74, 
  0x81, 0x20, 0x54, 0x03, 0x00, 0x20, 0xC8, 0x04, 0x54, 0x03, 0x02, 0x00, 0xC0, 0x02, 0x8D, 0x21, 
  0x54, 0x03, 0x00, 0x60, 0x6A, 0x03, 0x00, 0x09, 0x5A, 0x08, 0x60, 0x09, 0xFA, 0x1D, 0xB0, 0x42, 
  0xDD, 0x2C, 0xF0, 0x04, 0x8C, 0x01, 0xF0, 0x84, 0xD5, 0x2F, 0x54, 0x03, 0x10, 0x00, 0xC0, 0x2C, 
  0xA6, 0x38, 0x5A, 0x00, 0x30, 0x2A, 0x40, 0x05, 0xA4, 0x01, 0x9E, 0xB9, 0x80, 0x20, 0x4E, 0x17, 
  0x00, 0x06, 0x18, 0x81, 0x7F, 0xFF, 0x8E, 0x21, 0xD5, 0xFB, 0x42, 0x00, 0x70, 0x00, 0x89, 0x20, 
  0x8A, 0xE0, 0x5A, 0xD8, 0x10, 0x11, 0x54, 0x03, 0x00, 0x02, 0xC8, 0x04, 0x44, 0x00, 0x00, 0x78, 
  0xD5, 0x03, 0x44, 0x00, 0x00, 0x58, 0x10, 0x03, 0xFF, 0xFF, 0x10, 0x83, 0xFF, 0xFE, 0x8D, 0x22, 
  0x8E, 0xE2, 0xD5, 0x0A, 0x5A, 0xD8, 0x08, 0x09, 0xA6, 0x38, 0x5A, 0x00, 0x30, 0x06, 0x10, 0x83, 
  0xFF, 0xFF, 0x8D, 0x21, 0x8E, 0xE1, 0x96, 0x34, 0xC8, 0x12, 0x54, 0xD3, 0x00, 0x40, 0xE3, 0x2A, 
  0xE8, 0x0E, 0x4E, 0xD3, 0x00, 0x04, 0xFA, 0x10, 0xD5, 0x03, 0x44, 0x00, 0x00, 0x30, 0xB0, 0x42, 
  0xDD, 0x2C, 0xF0, 0x04, 0x8F, 0x41, 0x8C, 0x01, 0xF0, 0x84, 0xD5, 0xF2, 0x6A, 0x03, 0x00, 0x01, 
  0x5A, 0x08, 0x20, 0x04, 0xFA, 0x1D, 0xD5, 0x0D, 0x54, 0x53, 0x20, 0x20, 0x44, 0x00, 0x20, 0x00, 
  0xD8, 0x03, 0xFA, 0x10, 0xD5, 0x06, 0x54, 0x03, 0x02, 0x24, 0x5A, 0x0A, 0x04, 0x08, 0xFA, 0x1B, 
  0xB0, 0x42, 0xDD, 0x2C, 0xF0, 0x04, 0x8C, 0x01, 0xF0, 0x84, 0x08, 0x03, 0x80, 0x01, 0xC8, 0xF9, 
  0xE3, 0x49, 0xE9, 0x03, 0x8B, 0x49, 0xD5, 0x02, 0x81, 0x40, 0x4E, 0xA2, 0x00, 0x58, 0xFA, 0x10, 
  0xB0, 0x42, 0xDD, 0x2C, 0xF0, 0x04, 0x8F, 0x41, 0x8C, 0x01, 0xF0, 0x84, 0xD5, 0xF7, 0xF0, 0x03, 
  0x9C, 0x44, 0xF1, 0x83, 0xB4, 0xE0, 0x80, 0x07, 0x49, 0x00, 0x03, 0xEE, 0x81, 0x20, 0x4E, 0xB7, 
  0x00, 0x05, 0xE3, 0x60, 0x40, 0x95, 0xBC, 0x1B, 0x54, 0xD3, 0x00, 0x01, 0x4E, 0xD2, 0x00, 0x06, 
  0x6A, 0x73, 0x00, 0x09, 0x88, 0xE9, 0xD5, 0x0E, 0xE1, 0x2A, 0xE8, 0x09, 0xFA, 0x10, 0xB0, 0x42, 
  0xDD, 0x2C, 0xF0, 0x04, 0x8F, 0x41, 0x8C, 0x01, 0xF0, 0x84, 0xD5, 0xF7, 0x4E, 0xD3, 0x00, 0x2F, 
  0xD5, 0xF0, 0x6A, 0x53, 0x00, 0x01, 0xD7, 0x0D, 0x6A, 0x13, 0x00, 0x01, 0x08, 0x00, 0x80, 0x01, 
  0x6A, 0x13, 0x00, 0x09, 0xB0, 0x42, 0xDD, 0x2C, 0xF0, 0x04, 0x8C, 0x01, 0xF0, 0x84, 0xD5, 0xF2, 
  0x8B, 0x49, 0x85, 0x20, 0x4E, 0xD3, 0xFF, 0xE2, 0x81, 0x2D, 0x80, 0xED, 0xD5, 0x18, 0x58, 0x63, 
  0x04, 0x00, 0xD5, 0x08, 0x58, 0x63, 0x00, 0x02, 0x58, 0x63, 0x08, 0x00, 0xD5, 0x03, 0x58, 0x63, 
  0x00, 0x02, 0xB0, 0x02, 0xB6, 0x1F, 0xB0, 0x04, 0xF0, 0x81, 0x80, 0x2B, 0xB0, 0x03, 0x80, 0x46, 
  0x80, 0x6C, 0x80, 0x89, 0x80, 0xAA, 0x49, 0x00, 0x00, 0x2C, 0x84, 0xE0, 0x50, 0xE7, 0x00, 0x01, 
  0x48, 0xFF, 0xFD, 0xBC, 0x44, 0xD0, 0x00, 0x10, 0x48, 0xFF, 0xFE, 0xD0, 0x85, 0xA8, 0x48, 0xFF, 
  0xFE, 0xD7, 0xF0, 0x04, 0x34, 0x3F, 0x80, 0x0C, 0xFC, 0xE7, 0x92, 0x00, 0xFC, 0x60, 0x84, 0xE0, 
  0x80, 0xC0, 0x81, 0x41, 0xFD, 0x61, 0x50, 0x93, 0x80, 0x01, 0xFD, 0x06, 0x4E, 0x65, 0x00, 0x0A, 
  0x80, 0x46, 0x49, 0x00, 0x03, 0x9F, 0x38, 0x05, 0x1D, 0x09, 0x8E, 0xD0, 0x80, 0xE9, 0xD5, 0xF4, 
  0xFE, 0xB2, 0x49, 0x00, 0x03, 0xAB, 0x38, 0x05, 0x1D, 0x09, 0x80, 0x09, 0xFC, 0xE0, 0xFC, 0x64, 
  0x36, 0x3F, 0x80, 0x00, 0x36, 0x4F, 0x80, 0x02, 0x36, 0x5F, 0x80, 0x04, 0x36, 0x6F, 0x80, 0x06, 
  0x51, 0xCF, 0x80, 0x50, 0x51, 0xFF, 0xFB, 0x70, 0x81, 0xC1, 0x54, 0x11, 0x01, 0x00, 0x81, 0x82, 
  0x6A, 0x33, 0x80, 0x09, 0x6A, 0x53, 0x00, 0x09, 0x04, 0xDE, 0x00, 0x01, 0xC9, 0x04, 0x4E, 0xE3, 
  0x00, 0x03, 0x85, 0xC6, 0xB4, 0x20, 0x8C, 0x27, 0x66, 0x10, 0x80, 0x07, 0x30, 0x80, 0x80, 0x01, 
  0x50, 0x20, 0x80, 0x08, 0xB6, 0x40, 0x6A, 0x04, 0x00, 0x01, 0x30, 0xB0, 0x80, 0x00, 0x95, 0x41, 
  0x40, 0xB2, 0xD4, 0x09, 0x5E, 0xF5, 0x84, 0x01, 0x50, 0x17, 0x00, 0x0A, 0xE9, 0x0D, 0x44, 0x00, 
  0x07, 0xFF, 0x4C, 0xB0, 0x00, 0x0A, 0x50, 0x25, 0xFC, 0x01, 0x84, 0x03, 0xFE, 0x14, 0x84, 0x4A, 
  0x40, 0x00, 0x08, 0x16, 0x88, 0x20, 0x8C, 0x2E, 0x66, 0x10, 0x80, 0x07, 0x41, 0xFF, 0x84, 0x01, 
  0x40, 0x8F, 0x8C, 0x09, 0x40, 0x74, 0x0C, 0x08, 0x4E, 0xE2, 0x00, 0x05, 0x50, 0x07, 0x00, 0x01, 
  0xD5, 0x02, 0x80, 0x0E, 0x44, 0x90, 0x04, 0x00, 0x42, 0x90, 0x24, 0x01, 0x54, 0x06, 0x04, 0x00, 
  0xC8, 0x07, 0x84, 0x01, 0x42, 0xA6, 0x2C, 0x0B, 0x6A, 0x05, 0x00, 0x09, 0xD5, 0x05, 0x84, 0x00, 
  0x6A, 0x05, 0x00, 0x09, 0x85, 0x41, 0x42, 0x06, 0x04, 0x0B, 0x6A, 0x04, 0x80, 0x09, 0x6A, 0x04, 
  0x00, 0x01, 0x40, 0x30, 0x30, 0x08, 0x44, 0x00, 0x07, 0xFF, 0x92, 0x6C, 0x4C, 0xB0, 0x40, 0x14, 
  0x6A, 0x05, 0x80, 0x01, 0xFE, 0x1F, 0xC0, 0x0F, 0x6A, 0x04, 0x80, 0x01, 0xC8, 0x04, 0x44, 0x10, 
  0x88, 0x2C, 0xD5, 0x03, 0x44, 0x10, 0x88, 0x28, 0x80, 0x07, 0x49, 0x00, 0x02, 0xFB, 0x84, 0xC3, 
  0x48, 0x00, 0x02, 0x6E, 0x6A, 0x04, 0x00, 0x01, 0x4E, 0x05, 0x00, 0x07, 0x54, 0x66, 0x00, 0x04, 
  0xC6, 0x06, 0xFA, 0x1B, 0xD5, 0x02, 0xFA, 0x1D, 0xAE, 0x38, 0x84, 0xC1, 0x44, 0x00, 0x07, 0xFF, 
  0x4C, 0xB0, 0x40, 0x14, 0x6A, 0x05, 0x80, 0x01, 0xFE, 0x1F, 0xC8, 0x1C, 0x6A, 0x14, 0x80, 0x01, 
  0x98, 0x3E, 0xC9, 0x04, 0x44, 0x10, 0x88, 0x34, 0xD5, 0x03, 0x44, 0x10, 0x88, 0x30, 0x49, 0x00, 
  0x02, 0xD9, 0x8C, 0xC3, 0x48, 0x00, 0x02, 0x4C, 0x4E, 0xB3, 0x00, 0x0D, 0x6A, 0x05, 0x80, 0x01, 
  0xFE, 0x1F, 0xC8, 0x55, 0x54, 0x06, 0x08, 0x00, 0x40, 0xA5, 0x80, 0x1B, 0x44, 0x40, 0x00, 0x35, 
  0xD5, 0x08, 0x50, 0x45, 0xFC, 0x02, 0x5E, 0xF2, 0x00, 0x35, 0x42, 0x31, 0xD0, 0x08, 0xE9, 0x44, 
  0x50, 0x42, 0x7F, 0xCB, 0x84, 0xA0, 0x40, 0x02, 0x10, 0x0A, 0x80, 0x25, 0x9C, 0xA9, 0x6A, 0x26, 
  0x00, 0x09, 0xD0, 0x08, 0x50, 0x2E, 0x7B, 0x28, 0x38, 0x11, 0x15, 0x09, 0x6A, 0x56, 0x00, 0x01, 
  0xD5, 0xF6, 0x54, 0xB2, 0x00, 0x0F, 0x6A, 0x05, 0x80, 0x01, 0x80, 0x23, 0x80, 0x4B, 0x14, 0x5E, 
  0x7E, 0xC8, 0x14, 0x3E, 0x7E, 0xC9, 0x49, 0x00, 0x02, 0xD9, 0x04, 0x5E, 0x7E, 0xC8, 0x04, 0x3E, 
  0x7E, 0xC9, 0x50, 0x1E, 0x7B, 0x28, 0x38, 0x00, 0x95, 0x09, 0x6A, 0x05, 0x80, 0x01, 0x80, 0x23, 
  0x52, 0x25, 0x80, 0x10, 0x49, 0x00, 0x02, 0xB6, 0x6A, 0x26, 0x00, 0x01, 0x50, 0x4E, 0x7B, 0x28, 
  0x84, 0x60, 0x40, 0x22, 0x08, 0x20, 0x40, 0x40, 0x04, 0x04, 0xC4, 0x09, 0x38, 0x01, 0x0D, 0x09, 
  0x92, 0x10, 0x40, 0x00, 0x06, 0x04, 0x8C, 0x61, 0x92, 0x30, 0xD5, 0xF6, 0x6A, 0x56, 0x00, 0x01, 
  0x80, 0x04, 0x88, 0xA3, 0xD5, 0x47, 0x4E, 0x46, 0x00, 0x20, 0xD5, 0x03, 0x44, 0x4F, 0xFC, 0x03, 
  0xFF, 0x22, 0x85, 0x60, 0x40, 0x02, 0x10, 0x0A, 0x50, 0x1E, 0x7B, 0x28, 0x80, 0x4B, 0x4C, 0xB0, 
  0x00, 0x06, 0x38, 0x20, 0xAD, 0x09, 0x8D, 0x61, 0xD5, 0xFB, 0x54, 0x02, 0x00, 0x0F, 0x6A, 0x25, 
  0x80, 0x01, 0x50, 0x00, 0x00, 0x25, 0x40, 0x10, 0xAC, 0x20, 0x49, 0xFF, 0xFE, 0xD9, 0x88, 0x0B, 
  0x84, 0xA0, 0x48, 0x00, 0x00, 0x91, 0x6A, 0x05, 0x80, 0x01, 0x80, 0x23, 0x52, 0x25, 0x84, 0x33, 
  0x14, 0x3E, 0x7E, 0xC9, 0x49, 0x00, 0x02, 0x76, 0x84, 0x40, 0x50, 0x4E, 0x7B, 0x28, 0x04, 0x3E, 
  0x7E, 0xC9, 0x40, 0xF0, 0x04, 0x04, 0xE8, 0x09, 0x38, 0x02, 0x09, 0x09, 0x92, 0x10, 0x40, 0x00, 
  0x06, 0x04, 0x8C, 0x41, 0x92, 0x30, 0xD5, 0xF6, 0x40, 0x12, 0x08, 0x20, 0x14, 0x2E, 0x7E, 0xC9, 
  0x6A, 0x25, 0x80, 0x01, 0x52, 0x05, 0x84, 0x23, 0x49, 0xFF, 0xFE, 0xB2, 0x04, 0x5E, 0x7E, 0xC9, 
  0xC5, 0x6A, 0x86, 0x20, 0x51, 0x32, 0xFF, 0xFF, 0x80, 0x86, 0x80, 0x31, 0x86, 0x1F, 0x51, 0x4E, 
  0x7B, 0x28, 0x86, 0xAA, 0x51, 0x6E, 0x7B, 0xB0, 0x82, 0x53, 0x84, 0x40, 0x38, 0x3A, 0x49, 0x01, 
  0x40, 0x21, 0x8A, 0x00, 0x40, 0x31, 0x55, 0x76, 0x38, 0x3A, 0x49, 0x09, 0x8F, 0xC1, 0x80, 0x4B, 
  0x5B, 0x2F, 0xFF, 0xF6, 0x8D, 0x81, 0x4E, 0xA2, 0x00, 0x0E, 0xE1, 0x21, 0x84, 0x40, 0xE9, 0x02, 
  0x80, 0x41, 0x50, 0x35, 0x80, 0x30, 0xE1, 0x31, 0x9C, 0x51, 0x38, 0x3B, 0x08, 0x08, 0xE9, 0x02, 
  0x8D, 0xA1, 0x6A, 0x25, 0x00, 0x01, 0xC2, 0x06, 0x50, 0x25, 0x80, 0x30, 0x38, 0x23, 0x90, 0x08, 
  0x8C, 0x81, 0x38, 0x2A, 0x4D, 0x01, 0xCA, 0x02, 0x8F, 0xE1, 0x5B, 0x3F, 0xFF, 0xD7, 0x4E, 0xA2, 
  0x01, 0xD0, 0x6A, 0x25, 0x00, 0x01, 0xC2, 0x04, 0xE1, 0x89, 0x4E, 0xF3, 0x01, 0xC7, 0x86, 0x40, 
  0x80, 0x49, 0x80, 0x92, 0x51, 0x3E, 0x7B, 0xB0, 0x8D, 0x21, 0xFB, 0x5E, 0x54, 0xB6, 0x10, 0x00, 
  0xE1, 0xD1, 0xE8, 0x1B, 0x8E, 0x21, 0x38, 0xF9, 0x84, 0x00, 0x9C, 0xF1, 0x38, 0xF3, 0x98, 0x08, 
  0x4E, 0x16, 0x00, 0x03, 0x80, 0x29, 0x4F, 0x22, 0x00, 0x06, 0x8E, 0x41, 0x4E, 0x26, 0x00, 0x0B, 
  0xD5, 0x1F, 0x4E, 0x26, 0x00, 0x04, 0x4E, 0xB2, 0x00, 0x06, 0x38, 0xA3, 0x8C, 0x08, 0x80, 0x83, 
  0x9C, 0xF2, 0x8D, 0xC1, 0x80, 0xC3, 0xD5, 0xE5, 0x84, 0x20, 0x81, 0x22, 0x6A, 0x15, 0x00, 0x09, 
  0x85, 0x41, 0xD5, 0x0B, 0x86, 0x1F, 0x80, 0x85, 0xD5, 0x08, 0x4E, 0x97, 0x01, 0xAB, 0xFA, 0x3E, 
  0x9D, 0xA1, 0x38, 0x12, 0x23, 0x08, 0x85, 0x40, 0x4E, 0x06, 0x00, 0x0C, 0xD5, 0x04, 0x81, 0x22, 
  0x80, 0xC3, 0x85, 0x41, 0x98, 0x3E, 0x80, 0x40, 0x44, 0x30, 0x00, 0x30, 0x48, 0x00, 0x00, 0x88, 
  0x88, 0x05, 0x51, 0x60, 0x7F, 0xFF, 0x84, 0x21, 0x40, 0xFB, 0x14, 0x07, 0x81, 0x61, 0x86, 0x8A, 
  0x44, 0x20, 0x00, 0x30, 0xFA, 0x7E, 0x55, 0x36, 0x10, 0x00, 0x86, 0xBB, 0x4E, 0xF3, 0x00, 0x82, 
  0x82, 0x56, 0x86, 0x20, 0x50, 0x0E, 0x7B, 0x28, 0x38, 0xF0, 0x49, 0x01, 0x43, 0x17, 0xD0, 0x73, 
  0x39, 0x10, 0x49, 0x09, 0x8F, 0xC1, 0xE1, 0xC5, 0x91, 0xB0, 0xE8, 0xF5, 0xC5, 0x0A, 0x4E, 0x97, 
  0x00, 0x71, 0x51, 0x18, 0x80, 0x30, 0x39, 0x13, 0x98, 0x08, 0x8F, 0x21, 0x8C, 0xC1, 0xD5, 0x5C, 
  0x6A, 0x05, 0x00, 0x01, 0xC0, 0x25, 0x4E, 0xA2, 0x00, 0x42, 0x4F, 0x13, 0x00, 0x08, 0x8F, 0x81, 
  0x40, 0x0A, 0xC0, 0x07, 0x6A, 0x05, 0x00, 0x09, 0xD5, 0x22, 0x9D, 0x31, 0x38, 0x23, 0x98, 0x08, 
  0x8C, 0xC2, 0x89, 0x30, 0x38, 0x33, 0x90, 0x08, 0x8D, 0x81, 0x88, 0xC7, 0x9A, 0x77, 0x4F, 0x04, 
  0x00, 0x06, 0x18, 0x23, 0x00, 0x01, 0x8D, 0x81, 0xD5, 0xFA, 0x51, 0x18, 0x80, 0x30, 0x84, 0x01, 
  0x9D, 0x89, 0x39, 0x13, 0x84, 0x08, 0x6A, 0x05, 0x00, 0x09, 0x84, 0x20, 0xD5, 0x34, 0x4E, 0xA2, 
  0x00, 0x1E, 0x4F, 0x13, 0x00, 0x07, 0x4E, 0xB2, 0x00, 0x05, 0x8F, 0x81, 0x85, 0x41, 0xD5, 0x2C, 
  0x51, 0x18, 0x80, 0x30, 0x51, 0x23, 0x00, 0x01, 0x39, 0x13, 0x98, 0x08, 0xC1, 0x0B, 0x4E, 0x96, 
  0x00, 0x04, 0x4F, 0x32, 0x01, 0x40, 0x8C, 0xC2, 0x38, 0x33, 0xC8, 0x08, 0x80, 0x92, 0x84, 0x20, 
  0xD5, 0x03, 0x8F, 0x21, 0x80, 0xD2, 0x81, 0x61, 0xD5, 0xEA, 0xC1, 0x0C, 0x9C, 0x71, 0x38, 0x23, 
  0x98, 0x08, 0x4E, 0x96, 0x00, 0x04, 0x4F, 0x32, 0x01, 0x32, 0x8C, 0xC2, 0x38, 0x33, 0x84, 0x08, 
  0x80, 0x81, 0x4E, 0x97, 0x01, 0x30, 0x51, 0x18, 0x80, 0x30, 0x39, 0x13, 0x98, 0x08, 0x8F, 0x21, 
  0x8C, 0xC1, 0x84, 0x20, 0x81, 0x41, 0x4E, 0x96, 0xFF, 0x8D, 0xD5, 0x0B, 0x9A, 0x42, 0xE0, 0x29, 
  0xE8, 0x04, 0x18, 0x30, 0x00, 0x01, 0xD5, 0xFB, 0x84, 0x00, 0x42, 0x94, 0x80, 0x00, 0x88, 0xC9, 
  0xC4, 0x49, 0x4E, 0xE2, 0x00, 0x48, 0x98, 0x3E, 0x00, 0x00, 0x7F, 0xFF, 0x50, 0x10, 0x7F, 0xD0, 
  0xE6, 0x2A, 0xE8, 0x40, 0x5C, 0xF0, 0x00, 0x35, 0xE9, 0x3C, 0x9E, 0x32, 0x98, 0xB8, 0x44, 0x30, 
  0x00, 0x30, 0x9A, 0x57, 0x4E, 0x14, 0x00, 0x13, 0x9E, 0x71, 0x88, 0x07, 0x4E, 0x17, 0x00, 0x0A, 
  0x08, 0x20, 0x7F, 0xFF, 0xAE, 0x82, 0x5A, 0x28, 0x2E, 0x03, 0x8C, 0x81, 0x8E, 0x21, 0xD5, 0xF7, 
  0x88, 0x27, 0xA6, 0x08, 0x8C, 0x01, 0xAE, 0x08, 0xD5, 0x23, 0x80, 0xA2, 0x08, 0x11, 0x7F, 0xFF, 
  0x51, 0x10, 0xFF, 0xD0, 0xE7, 0xA9, 0xE8, 0x04, 0x8C, 0x21, 0xAE, 0x68, 0xD5, 0x1A, 0x5A, 0x18, 
  0x39, 0x04, 0xAE, 0xD1, 0xD5, 0xDF, 0x5A, 0x10, 0x2E, 0xDE, 0x5A, 0x18, 0x2D, 0x13, 0x9E, 0x71, 
  0x88, 0x07, 0xE4, 0x22, 0xE9, 0x09, 0x08, 0x20, 0x7F, 0xFF, 0xAE, 0x82, 0x5A, 0x28, 0x2E, 0x03, 
  0x8C, 0x81, 0x8E, 0x21, 0xD5, 0xF7, 0x44, 0x00, 0x00, 0x31, 0x38, 0x00, 0xA3, 0x08, 0x8C, 0xC1, 
  0x8E, 0xC1, 0x4E, 0xA2, 0x00, 0x52, 0x6A, 0x04, 0x00, 0x01, 0x4E, 0x04, 0x00, 0x09, 0x5A, 0x48, 
  0x03, 0x0F, 0xA6, 0x3A, 0xAE, 0x3B, 0xFA, 0x1E, 0xAE, 0x3A, 0xD5, 0x07, 0x5A, 0x48, 0x02, 0x08, 
  0xA6, 0x39, 0xAE, 0x3A, 0xFA, 0x1E, 0xAE, 0x39, 0x8D, 0x81, 0x8E, 0xC1, 0x6A, 0x14, 0x80, 0x01, 
  0x9C, 0x31, 0x40, 0x93, 0x98, 0x00, 0xC9, 0x04, 0x44, 0x10, 0x00, 0x65, 0xD5, 0x03, 0x44, 0x10, 
  0x00, 0x45, 0x10, 0x14, 0x80, 0x00, 0x50, 0xA3, 0x00, 0x02, 0x88, 0x07, 0x4F, 0x05, 0x00, 0x04, 
  0xFA, 0x3B, 0xD5, 0x02, 0xFA, 0x3D, 0xAE, 0x40, 0x80, 0x10, 0x49, 0x00, 0x00, 0xC3, 0x5E, 0xF0, 
  0x00, 0x64, 0xE8, 0x0A, 0x84, 0x2A, 0x40, 0x10, 0x04, 0x36, 0x50, 0x10, 0x80, 0x30, 0x9C, 0xB3, 
  0x38, 0x15, 0x23, 0x08, 0xD5, 0x11, 0x44, 0x10, 0x00, 0x64, 0x40, 0x20, 0x04, 0x36, 0x84, 0x6A, 
  0x40, 0x10, 0x8C, 0x36, 0x50, 0x21, 0x00, 0x30, 0x50, 0x10, 0x80, 0x30, 0x38, 0x25, 0x23, 0x08, 
  0x9C, 0xB4, 0x10, 0x14, 0x80, 0x03, 0x84, 0x2A, 0x40, 0x00, 0x04, 0x36, 0x50, 0x00, 0x80, 0x30, 
  0x9D, 0x91, 0x38, 0x01, 0x23, 0x08, 0x84, 0x00, 0x38, 0x03, 0x23, 0x08, 0x6A, 0x83, 0x00, 0x01, 
  0x8B, 0x06, 0x4E, 0x83, 0x00, 0x04, 0x85, 0x20, 0xD5, 0x23, 0x54, 0x06, 0x00, 0x40, 0xC0, 0x1B, 
  0x4E, 0x87, 0x00, 0x0B, 0xA6, 0x38, 0x5A, 0x08, 0x2D, 0x08, 0x6A, 0x23, 0x80, 0x01, 0xB4, 0x3C, 
  0xDD, 0x22, 0x85, 0x21, 0xD5, 0x02, 0x85, 0x20, 0x81, 0x48, 0x4E, 0xA7, 0x00, 0x12, 0x6A, 0x23, 
  0x80, 0x01, 0x44, 0x00, 0x00, 0x30, 0xB4, 0x3C, 0xDD, 0x22, 0xB4, 0x0D, 0x8F, 0x41, 0x8C, 0x01, 
  0xB6, 0x0D, 0xD5, 0xF4, 0x54, 0x06, 0x00, 0x01, 0xC8, 0xDF, 0x81, 0x28, 0xD5, 0x03, 0x89, 0x27, 
  0xD5, 0x0D, 0x4E, 0x97, 0xFF, 0xDA, 0x6A, 0x23, 0x80, 0x01, 0xFA, 0x10, 0xB4, 0x3C, 0xDD, 0x22, 
  0xB4, 0x0D, 0x8F, 0x21, 0x8C, 0x01, 0xB6, 0x0D, 0xD5, 0xF5, 0x40, 0x04, 0x9C, 0x01, 0xE0, 0x06, 
  0xE8, 0x0B, 0x6A, 0x23, 0x80, 0x01, 0x08, 0x04, 0x80, 0x01, 0xB4, 0x3C, 0xDD, 0x22, 0xB4, 0x0D, 
  0x8C, 0x01, 0xB6, 0x0D, 0xD5, 0xF3, 0x4E, 0x82, 0x00, 0x39, 0x54, 0x06, 0x00, 0x01, 0xC0, 0x35, 
  0x4E, 0x87, 0x00, 0x34, 0x6A, 0x23, 0x80, 0x01, 0xFA, 0x10, 0xB4, 0x3C, 0xDD, 0x22, 0xB4, 0x0D, 
  0x8F, 0x01, 0x8C, 0x01, 0xB6, 0x0D, 0xD5, 0xF5, 0x84, 0x21, 0x6A, 0x15, 0x00, 0x09, 0x98, 0xA6, 
  0x9E, 0x61, 0x90, 0x41, 0x88, 0xC7, 0x88, 0x27, 0x9A, 0xF7, 0xE0, 0x62, 0x4E, 0xF2, 0xFE, 0x5F, 
  0xA6, 0xF0, 0x01, 0x10, 0x80, 0x00, 0x19, 0x13, 0x00, 0x01, 0x18, 0x30, 0xFF, 0xFF, 0xD5, 0xF5, 
  0x54, 0x16, 0x10, 0x00, 0x4E, 0x13, 0xFE, 0x55, 0x80, 0xC4, 0x81, 0x41, 0x80, 0x81, 0x48, 0xFF, 
  0xFE, 0x55, 0x80, 0xD2, 0x85, 0x41, 0x48, 0xFF, 0xFE, 0xED, 0x80, 0xC1, 0x81, 0x53, 0x48, 0xFF, 
  0xFE, 0xE9, 0x85, 0x40, 0x48, 0xFF, 0xFE, 0xE6, 0x51, 0xFE, 0x7F, 0xB0, 0x34, 0x3F, 0x80, 0x00, 
  0x34, 0x4F, 0x80, 0x02, 0x34, 0x5F, 0x80, 0x04, 0x34, 0x6F, 0x80, 0x06, 0xFC, 0xE4, 0x00, 0x00, 
  0x80, 0x60, 0x3A, 0x40, 0x90, 0x06, 0x3A, 0x41, 0x90, 0x26, 0x42, 0x22, 0x10, 0x17, 0xC2, 0xFA, 
  0xDD, 0x9E, 0x92, 0x00, 0x9C, 0x81, 0x08, 0x50, 0x00, 0x01, 0xCD, 0xFE, 0x9A, 0x02, 0xDD, 0x9E, 
  0x42, 0x00, 0x00, 0x03, 0xDD, 0x9E, 0x00, 0x00, 0x64, 0x0F, 0xE4, 0x8A, 0x50, 0xF0, 0x00, 0x01, 
  0xE9, 0x07, 0x64, 0x0F, 0xE5, 0xAA, 0x3E, 0xF8, 0x90, 0x4C, 0xB6, 0x0F, 0x84, 0x1F, 0xDD, 0x9E, 
  0xC2, 0x13, 0x52, 0x31, 0x00, 0x20, 0x4E, 0x36, 0x00, 0x07, 0xFE, 0xDA, 0x84, 0x80, 0x40, 0x00, 
  0x8C, 0x0D, 0xD5, 0x09, 0x40, 0x40, 0x88, 0x0D, 0x40, 0x30, 0x8C, 0x0C, 0x40, 0x20, 0x08, 0x0D, 
  0x40, 0x01, 0x88, 0x04, 0x80, 0x24, 0xDD, 0x9E, 0xC2, 0x12, 0x52, 0x31, 0x00, 0x20, 0x4E, 0x36, 
  0x00, 0x07, 0xFE, 0xDA, 0x84, 0x80, 0x40, 0x10, 0x0C, 0x0C, 0xD5, 0x08, 0x40, 0x30, 0x0C, 0x0D, 
  0x40, 0x10, 0x88, 0x0C, 0x40, 0x40, 0x08, 0x0C, 0xFE, 0x5F, 0x80, 0x04, 0xDD, 0x9E, 0x00, 0x00, 
  0x3B, 0xFF, 0xFC, 0xBC, 0xEF, 0xE4, 0xF0, 0x81, 0xB6, 0x3F, 0x46, 0x04, 0x00, 0x01, 0x8C, 0x0C, 
  0xA6, 0x02, 0x10, 0x0F, 0x80, 0x13, 0xF0, 0x01, 0xF0, 0x83, 0x84, 0x00, 0x49, 0xFF, 0xF7, 0xB8, 
  0x49, 0xFF, 0xEB, 0x0C, 0x49, 0xFF, 0xEB, 0x2B, 0x49, 0xFF, 0xEB, 0x2E, 0x49, 0xFF, 0xF5, 0x4A, 
  0x49, 0xFF, 0xF5, 0x5E, 0x49, 0xFF, 0xE2, 0x86, 0x44, 0x00, 0x20, 0x00, 0x84, 0x20, 0x49, 0xFF, 
  0xEB, 0x7A, 0x44, 0x00, 0x00, 0x80, 0x84, 0x20, 0x49, 0xFF, 0xEF, 0xAC, 0x46, 0x04, 0x00, 0x08, 
  0xF0, 0x85, 0xD5, 0x07, 0xF0, 0x05, 0x84, 0x20, 0xB6, 0x20, 0xF0, 0x05, 0x8C, 0x04, 0xF0, 0x85, 
  0xF0, 0x05, 0x46, 0x14, 0x00, 0x08, 0x50, 0x10, 0x81, 0x23, 0xE2, 0x20, 0xE8, 0xF4, 0x46, 0x04, 
  0x00, 0x22, 0x46, 0x14, 0x00, 0x22, 0xB4, 0x41, 0x46, 0x1F, 0xF8, 0x10, 0x8C, 0x25, 0xFE, 0x56, 
  0xB6, 0x20, 0x46, 0x14, 0x00, 0x22, 0x46, 0x24, 0x00, 0x22, 0xB4, 0x62, 0x46, 0x20, 0x07, 0xEF, 
  0x50, 0x21, 0x0F, 0xFA, 0xFE, 0x9F, 0xB6, 0x41, 0x9C, 0x44, 0x9C, 0x84, 0xB4, 0x62, 0x46, 0x2F, 
  0x00, 0x00, 0x58, 0x21, 0x04, 0x00, 0xFE, 0x9E, 0xB6, 0x41, 0x9C, 0x44, 0x9C, 0x84, 0xB4, 0x62, 
  0x46, 0x20, 0xFF, 0xFF, 0x50, 0x21, 0x0B, 0xFF, 0xFE, 0x9F, 0xB6, 0x41, 0x50, 0x10, 0x70, 0x34, 
  0x50, 0x20, 0x70, 0x34, 0xB4, 0x62, 0x46, 0x2F, 0x81, 0x01, 0x8C, 0x5F, 0xFE, 0x9E, 0xB6, 0x41, 
  0x50, 0x10, 0x70, 0x38, 0x50, 0x20, 0x70, 0x38, 0xB4, 0x42, 0x66, 0x21, 0x00, 0xFF, 0xB6, 0x41, 
  0x46, 0x14, 0x00, 0x01, 0x50, 0x20, 0x80, 0x0C, 0xB4, 0x7F, 0x96, 0xD8, 0xAE, 0xD1, 0x8C, 0x2C, 
  0x00, 0x2F, 0x80, 0x13, 0xAE, 0x8A, 0x50, 0x10, 0x60, 0x28, 0x50, 0x00, 0x60, 0x28, 0xB4, 0x00, 
  0x42, 0x00, 0x7C, 0x09, 0xB6, 0x01, 0x84, 0x00, 0x64, 0x03, 0x04, 0x03, 0x64, 0x08, 0xC0, 0x02, 
  0x84, 0x00, 0x64, 0x08, 0xC0, 0x03, 0x40, 0x00, 0x00, 0x09, 0xF0, 0x03, 0xDD, 0x20, 0xD5, 0x00, 
  0x63, 0x68, 0x65, 0x63, 0x6B, 0x5F, 0x75, 0x73, 0x65, 0x72, 0x5F, 0x63, 0x6F, 0x64, 0x65, 0x20, 
  0x00, 0x00, 0x00, 0x00, 0x65, 0x72, 0x72, 0x6F, 0x72, 0x20, 0x30, 0x2D, 0x30, 0x78, 0x41, 0x34, 
  0x20, 0x6E, 0x6F, 0x74, 0x20, 0x6A, 0x75, 0x6D, 0x70, 0x20, 0x63, 0x6F, 0x64, 0x65, 0x00, 0x00, 
  0x65, 0x72, 0x72, 0x6F, 0x72, 0x20, 0x30, 0x78, 0x43, 0x30, 0x2D, 0x30, 0x78, 0x43, 0x33, 0x20, 
  0x63, 0x6F, 0x64, 0x65, 0x20, 0x65, 0x72, 0x72, 0x6F, 0x72, 0x00, 0x00, 0x6F, 0x6B, 0x00, 0x00, 
  0x6D, 0x76, 0x73, 0x69, 0x69, 0x63, 0x6F, 0x6E, 0x00, 0x00, 0x00, 0x00, 0x6D, 0x76, 0x73, 0x69, 
  0x69, 0x63, 0x6F, 0x6E, 0x20, 0x61, 0x70, 0x38, 0x32, 0x20, 0x75, 0x73, 0x62, 0x00, 0x00, 0x00, 
  0x45, 0x52, 0x52, 0x4F, 0x52, 0x00, 0x00, 0x00, 0x47, 0x65, 0x74, 0x20, 0x72, 0x65, 0x63, 0x65, 
  0x69, 0x76, 0x65, 0x3A, 0x20, 0x30, 0x78, 0x25, 0x30, 0x32, 0x58, 0x20, 0x30, 0x78, 0x25, 0x30, 
  0x32, 0x58, 0x20, 0x30, 0x78, 0x25, 0x30, 0x32, 0x58, 0x20, 0x30, 0x78, 0x25, 0x30, 0x32, 0x58, 
  0x20, 0x30, 0x78, 0x25, 0x30, 0x32, 0x58, 0x20, 0x30, 0x78, 0x25, 0x30, 0x32, 0x58, 0x20, 0x30, 
  0x78, 0x25, 0x30, 0x32, 0x58, 0x20, 0x30, 0x78, 0x25, 0x30, 0x32, 0x58, 0x0A, 0x00, 0x00, 0x00, 
  0x41, 0x31, 0x20, 0x30, 0x31, 0x20, 0x30, 0x30, 0x20, 0x30, 0x31, 0x20, 0x30, 0x30, 0x20, 0x30, 
  0x30, 0x20, 0x30, 0x30, 0x20, 0x30, 0x31, 0x2E, 0x00, 0x00, 0x00, 0x00, 0x63, 0x68, 0x65, 0x63, 
  0x6B, 0x5F, 0x6D, 0x76, 0x61, 0x5F, 0x64, 0x61, 0x74, 0x61, 0x20, 0x00, 0x65, 0x72, 0x72, 0x6F, 
  0x72, 0xA3, 0xBA, 0x25, 0x78, 0x20, 0x25, 0x78, 0x20, 0x25, 0x78, 0x0A, 0x00, 0x00, 0x00, 0x00, 
  0x6C, 0x65, 0x6E, 0x67, 0x74, 0x68, 0x20, 0x65, 0x72, 0x72, 0x6F, 0x72, 0x20, 0x6C, 0x65, 0x6E, 
  0x3A, 0x25, 0x75, 0x20, 0x21, 0x3D, 0x20, 0x6C, 0x65, 0x6E, 0x31, 0x3A, 0x25, 0x75, 0x0A, 0x00, 
  0x63, 0x72, 0x63, 0x20, 0x65, 0x72, 0x72, 0x6F, 0x72, 0x00, 0x00, 0x00, 0x63, 0x68, 0x65, 0x63, 
  0x6B, 0x5F, 0x66, 0x6C, 0x61, 0x73, 0x68, 0x5F, 0x62, 0x6F, 0x6F, 0x74, 0x20, 0x00, 0x00, 0x00, 
  0x65, 0x72, 0x72, 0x6F, 0x72, 0x20, 0x25, 0x6C, 0x75, 0x20, 0x25, 0x6C, 0x75, 0x0A, 0x00, 0x00, 
  0x63, 0x6F, 0x64, 0x65, 0x5F, 0x6C, 0x65, 0x6E, 0x3A, 0x25, 0x6C, 0x75, 0x0A, 0x00, 0x00, 0x00, 
  0x63, 0x72, 0x63, 0x3A, 0x25, 0x6C, 0x58, 0x0A, 0x00, 0x00, 0x00, 0x00, 0x63, 0x72, 0x63, 0x3A, 
  0x25, 0x30, 0x34, 0x6C, 0x58, 0x20, 0x25, 0x30, 0x34, 0x6C, 0x58, 0x0A, 0x00, 0x00, 0x00, 0x00, 
  0x66, 0x6C, 0x61, 0x73, 0x68, 0x20, 0x63, 0x61, 0x70, 0x61, 0x63, 0x69, 0x74, 0x79, 0x3A, 0x25, 
  0x6C, 0x75, 0x0A, 0x72, 0x65, 0x62, 0x6F, 0x6F, 0x74, 0x20, 0x61, 0x64, 0x64, 0x72, 0x3A, 0x25, 
  0x6C, 0x75, 0x0A, 0x00, 0x4D, 0x41, 0x4B, 0x45, 0x20, 0x4D, 0x56, 0x41, 0x20, 0x45, 0x52, 0x52, 
  0x4F, 0x52, 0x00, 0x00, 0x50, 0x43, 0x20, 0x49, 0x53, 0x20, 0x4F, 0x4B, 0x00, 0x00, 0x00, 0x00, 
  0x66, 0x6C, 0x61, 0x73, 0x68, 0x20, 0x62, 0x6F, 0x6F, 0x74, 0x20, 0x45, 0x72, 0x72, 0x6F, 0x72, 
  0x20, 0x65, 0x78, 0x63, 0x65, 0x70, 0x74, 0x69, 0x6F, 0x6E, 0x20, 0x68, 0x61, 0x70, 0x70, 0x65, 
  0x6E, 0x65, 0x64, 0x0D, 0x00, 0x00, 0x00, 0x00, 0x45, 0x72, 0x72, 0x6F, 0x72, 0x20, 0x54, 0x79, 
  0x70, 0x65, 0x3A, 0x00, 0x41, 0x6C, 0x69, 0x67, 0x6E, 0x6D, 0x65, 0x6E, 0x74, 0x20, 0x63, 0x68, 
  0x65, 0x63, 0x6B, 0x20, 0x28, 0x2B, 0x49, 0x2F, 0x44, 0x20, 0x62, 0x69, 0x74, 0x29, 0x20, 0x6F, 
  0x72, 0x20, 0x62, 0x72, 0x61, 0x6E, 0x63, 0x68, 0x20, 0x74, 0x61, 0x72, 0x67, 0x65, 0x74, 0x20, 
  0x61, 0x6C, 0x69, 0x67, 0x6E, 0x6D, 0x65, 0x6E, 0x74, 0x0D, 0x00, 0x00, 0x52, 0x65, 0x73, 0x65, 
  0x72, 0x76, 0x65, 0x64, 0x20, 0x69, 0x6E, 0x73, 0x74, 0x72, 0x75, 0x63, 0x74, 0x69, 0x6F, 0x6E, 
  0x0D, 0x00, 0x00, 0x00, 0x54, 0x72, 0x61, 0x70, 0x0D, 0x00, 0x00, 0x00, 0x41, 0x72, 0x69, 0x74, 
  0x68, 0x6D, 0x65, 0x74, 0x69, 0x63, 0x0D, 0x00, 0x50, 0x72, 0x65, 0x63, 0x69, 0x73, 0x65, 0x20, 
  0x62, 0x75, 0x73, 0x20, 0x65, 0x72, 0x72, 0x6F, 0x72, 0x0D, 0x00, 0x00, 0x49, 0x6D, 0x70, 0x72, 
  0x65, 0x63, 0x69, 0x73, 0x65, 0x20, 0x62, 0x75, 0x73, 0x20, 0x65, 0x72, 0x72, 0x6F, 0x72, 0x0D, 
  0x00, 0x00, 0x00, 0x00, 0x43, 0x6F, 0x70, 0x72, 0x6F, 0x63, 0x65, 0x73, 0x73, 0x6F, 0x72, 0x0D, 
  0x00, 0x00, 0x00, 0x00, 0x50, 0x72, 0x69, 0x76, 0x69, 0x6C, 0x65, 0x67, 0x65, 0x64, 0x20, 0x69, 
  0x6E, 0x73, 0x74, 0x72, 0x75, 0x63, 0x74, 0x69, 0x6F, 0x6E, 0x0D, 0x00, 0x52, 0x65, 0x73, 0x65, 
  0x72, 0x76, 0x65, 0x64, 0x20, 0x76, 0x61, 0x6C, 0x75, 0x65, 0x0D, 0x00, 0x4E, 0x6F, 0x6E, 0x65, 
  0x78, 0x69, 0x73, 0x74, 0x65, 0x6E, 0x74, 0x20, 0x6D, 0x65, 0x6D, 0x6F, 0x72, 0x79, 0x20, 0x61, 
  0x64, 0x64, 0x72, 0x65, 0x73, 0x73, 0x20, 0x28, 0x2B, 0x49, 0x2F, 0x44, 0x20, 0x62, 0x69, 0x74, 
  0x29, 0x0D, 0x00, 0x00, 0x4D, 0x50, 0x5A, 0x49, 0x55, 0x20, 0x43, 0x6F, 0x6E, 0x74, 0x72, 0x6F, 
  0x6C, 0x20, 0x28, 0x2B, 0x49, 0x2F, 0x44, 0x20, 0x62, 0x69, 0x74, 0x29, 0x0D, 0x00, 0x00, 0x00, 
  0x4E, 0x65, 0x78, 0x74, 0x20, 0x70, 0x72, 0x65, 0x63, 0x69, 0x73, 0x65, 0x20, 0x73, 0x74, 0x61, 
  0x63, 0x6B, 0x20, 0x6F, 0x76, 0x65, 0x72, 0x66, 0x6C, 0x6F, 0x77, 0x0D, 0x00, 0x00, 0x00, 0x00, 
  0x55, 0x6E, 0x6B, 0x6E, 0x6F, 0x77, 0x6E, 0x0D, 0x00, 0x00, 0x00, 0x00, 0x50, 0x43, 0x20, 0x20, 
  0x3D, 0x20, 0x30, 0x78, 0x25, 0x30, 0x38, 0x78, 0x0D, 0x0A, 0x00, 0x00, 0x52, 0x30, 0x20, 0x20, 
  0x3D, 0x20, 0x30, 0x78, 0x25, 0x30, 0x38, 0x78, 0x0D, 0x0A, 0x00, 0x00, 0x52, 0x31, 0x20, 0x20, 
  0x3D, 0x20, 0x30, 0x78, 0x25, 0x30, 0x38, 0x78, 0x0D, 0x0A, 0x00, 0x00, 0x52, 0x32, 0x20, 0x20, 
  0x3D, 0x20, 0x30, 0x78, 0x25, 0x30, 0x38, 0x78, 0x0D, 0x0A, 0x00, 0x00, 0x52, 0x33, 0x20, 0x20, 
  0x3D, 0x20, 0x30, 0x78, 0x25, 0x30, 0x38, 0x78, 0x0D, 0x0A, 0x00, 0x00, 0x52, 0x34, 0x20, 0x20, 
  0x3D, 0x20, 0x30, 0x78, 0x25, 0x30, 0x38, 0x78, 0x0D, 0x0A, 0x00, 0x00, 0x52, 0x35, 0x20, 0x20, 
  0x3D, 0x20, 0x30, 0x78, 0x25, 0x30, 0x38, 0x78, 0x0D, 0x0A, 0x00, 0x00, 0x52, 0x36, 0x20, 0x20, 
  0x3D, 0x20, 0x30, 0x78, 0x25, 0x30, 0x38, 0x78, 0x0D, 0x0A, 0x00, 0x00, 0x52, 0x37, 0x20, 0x20, 
  0x3D, 0x20, 0x30, 0x78, 0x25, 0x30, 0x38, 0x78, 0x0D, 0x0A, 0x00, 0x00, 0x52, 0x38, 0x20, 0x20, 
  0x3D, 0x20, 0x30, 0x78, 0x25, 0x30, 0x38, 0x78, 0x0D, 0x0A, 0x00, 0x00, 0x52, 0x39, 0x20, 0x20, 
  0x3D, 0x20, 0x30, 0x78, 0x25, 0x30, 0x38, 0x78, 0x0D, 0x0A, 0x00, 0x00, 0x52, 0x31, 0x30, 0x20, 
  0x3D, 0x20, 0x30, 0x78, 0x25, 0x30, 0x38, 0x78, 0x0D, 0x0A, 0x00, 0x00, 0x52, 0x31, 0x31, 0x20, 
  0x3D, 0x20, 0x30, 0x78, 0x25, 0x30, 0x38, 0x78, 0x0D, 0x0A, 0x00, 0x00, 0x52, 0x31, 0x32, 0x20, 
  0x3D, 0x20, 0x30, 0x78, 0x25, 0x30, 0x38, 0x78, 0x0D, 0x0A, 0x00, 0x00, 0x52, 0x31, 0x33, 0x20, 
  0x3D, 0x20, 0x30, 0x78, 0x25, 0x30, 0x38, 0x78, 0x0D, 0x0A, 0x00, 0x00, 0x52, 0x31, 0x34, 0x20, 
  0x3D, 0x20, 0x30, 0x78, 0x25, 0x30, 0x38, 0x78, 0x0D, 0x0A, 0x00, 0x00, 0x52, 0x31, 0x35, 0x20, 
  0x3D, 0x20, 0x30, 0x78, 0x25, 0x30, 0x38, 0x78, 0x0D, 0x0A, 0x00, 0x00, 0x52, 0x31, 0x36, 0x20, 
  0x3D, 0x20, 0x30, 0x78, 0x25, 0x30, 0x38, 0x78, 0x0D, 0x0A, 0x00, 0x00, 0x52, 0x31, 0x37, 0x20, 
  0x3D, 0x20, 0x30, 0x78, 0x25, 0x30, 0x38, 0x78, 0x0D, 0x0A, 0x00, 0x00, 0x52, 0x31, 0x38, 0x20, 
  0x3D, 0x20, 0x30, 0x78, 0x25, 0x30, 0x38, 0x78, 0x0D, 0x0A, 0x00, 0x00, 0x52, 0x31, 0x39, 0x20, 
  0x3D, 0x20, 0x30, 0x78, 0x25, 0x30, 0x38, 0x78, 0x0D, 0x0A, 0x00, 0x00, 0x52, 0x32, 0x30, 0x20, 
  0x3D, 0x20, 0x30, 0x78, 0x25, 0x30, 0x38, 0x78, 0x0D, 0x0A, 0x00, 0x00, 0x6C, 0x70, 0x20, 0x20, 
  0x3D, 0x20, 0x30, 0x78, 0x25, 0x30, 0x38, 0x78, 0x0D, 0x0A, 0x00, 0x00, 0x73, 0x70, 0x20, 0x20, 
  0x3D, 0x20, 0x30, 0x78, 0x25, 0x30, 0x38, 0x78, 0x0D, 0x0A, 0x00, 0x00, 0x65, 0x78, 0x63, 0x65, 
  0x70, 0x74, 0x69, 0x6F, 0x6E, 0x20, 0x6E, 0x75, 0x6D, 0x20, 0x3D, 0x20, 0x25, 0x64, 0x0A, 0x00, 
  0x45, 0x72, 0x72, 0x6F, 0x72, 0x20, 0x74, 0x79, 0x70, 0x65, 0x20, 0x6E, 0x75, 0x6D, 0x3A, 0x20, 
  0x25, 0x64, 0x0D, 0x0A, 0x00, 0x00, 0x00, 0x00, 0x63, 0x78, 0x78, 0x78, 0x00, 0x00, 0x00, 0x00, 
  0x63, 0x6D, 0x64, 0x5F, 0x63, 0x78, 0x78, 0x78, 0x20, 0x25, 0x30, 0x38, 0x6C, 0x58, 0x20, 0x25, 
  0x30, 0x38, 0x6C, 0x58, 0x20, 0x25, 0x30, 0x38, 0x6C, 0x58, 0x20, 0x25, 0x30, 0x32, 0x58, 0x0A, 
  0x00, 0x00, 0x00, 0x00, 0x55, 0x50, 0x47, 0x52, 0x41, 0x44, 0x45, 0x3A, 0x46, 0x6C, 0x61, 0x73, 
  0x68, 0x20, 0x75, 0x6E, 0x6C, 0x6F, 0x63, 0x6B, 0x20, 0x65, 0x72, 0x72, 0x6F, 0x72, 0x0D, 0x00, 
  0x63, 0x68, 0x69, 0x70, 0x65, 0x72, 0x61, 0x73, 0x00, 0x00, 0x00, 0x00, 0x25, 0x6C, 0x75, 0x0A, 
  0x00, 0x00, 0x00, 0x00, 0x63, 0x6F, 0x64, 0x65, 0x64, 0x61, 0x74, 0x61, 0x00, 0x00, 0x00, 0x00, 
  0x70, 0x63, 0x20, 0x75, 0x70, 0x67, 0x72, 0x61, 0x74, 0x61, 0x20, 0x63, 0x6F, 0x64, 0x65, 0x00, 
  0x66, 0x6C, 0x61, 0x73, 0x68, 0x20, 0x65, 0x72, 0x61, 0x73, 0x65, 0x20, 0x6F, 0x6B, 0x2E, 0x00, 
  0x6C, 0x6F, 0x6F, 0x70, 0x20, 0x6F, 0x6E, 0x63, 0x65, 0x20, 0x30, 0x78, 0x25, 0x30, 0x32, 0x58, 
  0x2C, 0x20, 0x25, 0x64, 0x0A, 0x00, 0x00, 0x00, 0x70, 0x63, 0x20, 0x75, 0x70, 0x67, 0x72, 0x61, 
  0x74, 0x61, 0x20, 0x63, 0x6F, 0x64, 0x65, 0x20, 0x65, 0x6E, 0x64, 0x00, 0x63, 0x6F, 0x6E, 0x73, 
  0x74, 0x64, 0x61, 0x74, 0x00, 0x00, 0x00, 0x00, 0x70, 0x63, 0x20, 0x75, 0x70, 0x67, 0x72, 0x61, 
  0x74, 0x61, 0x20, 0x63, 0x6F, 0x6E, 0x73, 0x74, 0x00, 0x00, 0x00, 0x00, 0x70, 0x63, 0x20, 0x75, 
  0x70, 0x67, 0x72, 0x61, 0x74, 0x61, 0x20, 0x63, 0x6F, 0x6E, 0x73, 0x74, 0x20, 0x65, 0x6E, 0x64, 
  0x00, 0x00, 0x00, 0x00, 0x63, 0x6E, 0x66, 0x67, 0x64, 0x61, 0x74, 0x00, 0x70, 0x63, 0x20, 0x75, 
  0x70, 0x67, 0x72, 0x61, 0x74, 0x61, 0x20, 0x63, 0x6F, 0x6E, 0x66, 0x69, 0x67, 0x00, 0x00, 0x00, 
  0x70, 0x63, 0x20, 0x75, 0x70, 0x67, 0x72, 0x61, 0x74, 0x61, 0x20, 0x63, 0x6F, 0x6E, 0x66, 0x69, 
  0x67, 0x20, 0x65, 0x6E, 0x64, 0x00, 0x00, 0x00, 0x75, 0x70, 0x69, 0x6E, 0x66, 0x6F, 0x00, 0x00, 
  0x70, 0x63, 0x20, 0x75, 0x70, 0x67, 0x72, 0x61, 0x74, 0x61, 0x20, 0x6F, 0x6B, 0x00, 0x00, 0x00, 
  0x70, 0x63, 0x20, 0x75, 0x70, 0x67, 0x72, 0x61, 0x74, 0x61, 0x20, 0x65, 0x72, 0x72, 0x6F, 0x72, 
  0x00, 0x00, 0x00, 0x00, 0x4E, 0x4F, 0x5F, 0x44, 0x45, 0x56, 0x49, 0x43, 0x45, 0x5F, 0x4C, 0x49, 
  0x4E, 0x4B, 0x00, 0x00, 0x44, 0x72, 0x69, 0x76, 0x65, 0x72, 0x20, 0x56, 0x65, 0x72, 0x73, 0x69, 
  0x6F, 0x6E, 0x3A, 0x20, 0x25, 0x73, 0x0A, 0x00, 0x46, 0x6C, 0x61, 0x73, 0x68, 0x20, 0x42, 0x6F, 
  0x6F, 0x74, 0x20, 0x66, 0x6F, 0x72, 0x20, 0x44, 0x55, 0x35, 0x36, 0x78, 0x2C, 0x20, 0x56, 0x45, 
  0x52, 0x53, 0x49, 0x4F, 0x4E, 0x3A, 0x56, 0x25, 0x64, 0x2E, 0x25, 0x64, 0x2E, 0x25, 0x64, 0x20, 
  0x0A, 0x00, 0x00, 0x00, 0x6E, 0x6F, 0x20, 0x6E, 0x65, 0x65, 0x64, 0x20, 0x75, 0x70, 0x67, 0x61, 
  0x64, 0x65, 0x00, 0x00, 0x75, 0x70, 0x67, 0x61, 0x64, 0x65, 0x20, 0x6F, 0x6B, 0x00, 0x00, 0x00, 
  0x75, 0x70, 0x67, 0x61, 0x64, 0x65, 0x20, 0x65, 0x72, 0x72, 0x6F, 0x72, 0x20, 0x63, 0x6F, 0x64, 
  0x65, 0x3A, 0x25, 0x75, 0x0A, 0x00, 0x00, 0x00, 0x66, 0x6F, 0x72, 0x63, 0x65, 0x20, 0x74, 0x6F, 
  0x20, 0x75, 0x70, 0x67, 0x72, 0x61, 0x64, 0x65, 0x2E, 0x2E, 0x2E, 0x00, 0x62, 0x65, 0x67, 0x69, 
  0x6E, 0x20, 0x74, 0x6F, 0x20, 0x75, 0x70, 0x67, 0x72, 0x61, 0x64, 0x65, 0x20, 0x62, 0x79, 0x20, 
  0x2E, 0x2E, 0x2E, 0x00, 0x35, 0xBA, 0x69, 0x00, 0x01, 0x00, 0x00, 0x00, 0x00, 0x00, 0x00, 0x00, 
  0xFF, 0xFF, 0xFF, 0x1F, 0x00, 0x00, 0x00, 0x00, 0x04, 0x00, 0x00, 0x00, 0x03, 0x00, 0x00, 0x00, 
  0x01, 0x00, 0x00, 0x00, 0x01, 0x00, 0x00, 0x00, 0x00, 0x00, 0x00, 0x20, 0xFF, 0xFF, 0xFF, 0x1F, 
  0x00, 0x00, 0x00, 0x20, 0x05, 0x00, 0x00, 0x00, 0x03, 0x00, 0x00, 0x00, 0x03, 0x00, 0x00, 0x00, 
  0x01, 0x00, 0x00, 0x00, 0x00, 0x00, 0x00, 0x40, 0xFF, 0xFF, 0xFF, 0x1F, 0x00, 0x00, 0x00, 0x40, 
  0x00, 0x00, 0x00, 0x00, 0x03, 0x00, 0x00, 0x00, 0x03, 0x00, 0x00, 0x00, 0x01, 0x00, 0x00, 0x00, 
  0x00, 0x00, 0x00, 0x60, 0xFF, 0xFF, 0xFF, 0x1F, 0x00, 0x00, 0x00, 0x60, 0x05, 0x00, 0x00, 0x00, 
  0x03, 0x00, 0x00, 0x00, 0x03, 0x00, 0x00, 0x00, 0x00, 0x00, 0x00, 0x00, 0x00, 0x00, 0x00, 0x00, 
  0x00, 0x00, 0x00, 0x00, 0x00, 0x00, 0x00, 0x00, 0x00, 0x00, 0x00, 0x00, 0x00, 0x00, 0x00, 0x00, 
  0x00, 0x00, 0x00, 0x00, 0x00, 0x00, 0x00, 0x00, 0x00, 0x00, 0x00, 0x00, 0x00, 0x00, 0x00, 0x00, 
  0x00, 0x00, 0x00, 0x00, 0x00, 0x00, 0x00, 0x00, 0x00, 0x00, 0x00, 0x00, 0x00, 0x00, 0x00, 0x00, 
  0x00, 0x00, 0x00, 0x00, 0x00, 0x00, 0x00, 0x00, 0x00, 0x00, 0x00, 0x00, 0x00, 0x00, 0x00, 0x00, 
  0x00, 0x00, 0x00, 0x00, 0x00, 0x00, 0x00, 0x00, 0x00, 0x00, 0x00, 0x00, 0x00, 0x00, 0x00, 0x00, 
  0x00, 0x00, 0x00, 0x00, 0x00, 0x00, 0x00, 0x00, 0x00, 0x00, 0x00, 0x00, 0x00, 0x00, 0x00, 0x00, 
  0x00, 0x00, 0x00, 0x00, 0x00, 0x00, 0x00, 0x00, 0x00, 0x00, 0x21, 0x10, 0x42, 0x20, 0x63, 0x30, 
  0x84, 0x40, 0xA5, 0x50, 0xC6, 0x60, 0xE7, 0x70, 0x08, 0x81, 0x29, 0x91, 0x4A, 0xA1, 0x6B, 0xB1, 
  0x8C, 0xC1, 0xAD, 0xD1, 0xCE, 0xE1, 0xEF, 0xF1, 0x31, 0x12, 0x10, 0x02, 0x73, 0x32, 0x52, 0x22, 
  0xB5, 0x52, 0x94, 0x42, 0xF7, 0x72, 0xD6, 0x62, 0x39, 0x93, 0x18, 0x83, 0x7B, 0xB3, 0x5A, 0xA3, 
  0xBD, 0xD3, 0x9C, 0xC3, 0xFF, 0xF3, 0xDE, 0xE3, 0x62, 0x24, 0x43, 0x34, 0x20, 0x04, 0x01, 0x14, 
  0xE6, 0x64, 0xC7, 0x74, 0xA4, 0x44, 0x85, 0x54, 0x6A, 0xA5, 0x4B, 0xB5, 0x28, 0x85, 0x09, 0x95, 
  0xEE, 0xE5, 0xCF, 0xF5, 0xAC, 0xC5, 0x8D, 0xD5, 0x53, 0x36, 0x72, 0x26, 0x11, 0x16, 0x30, 0x06, 
  0xD7, 0x76, 0xF6, 0x66, 0x95, 0x56, 0xB4, 0x46, 0x5B, 0xB7, 0x7A, 0xA7, 0x19, 0x97, 0x38, 0x87, 
  0xDF, 0xF7, 0xFE, 0xE7, 0x9D, 0xD7, 0xBC, 0xC7, 0xC4, 0x48, 0xE5, 0x58, 0x86, 0x68, 0xA7, 0x78, 
  0x40, 0x08, 0x61, 0x18, 0x02, 0x28, 0x23, 0x38, 0xCC, 0xC9, 0xED, 0xD9, 0x8E, 0xE9, 0xAF, 0xF9, 
  0x48, 0x89, 0x69, 0x99, 0x0A, 0xA9, 0x2B, 0xB9, 0xF5, 0x5A, 0xD4, 0x4A, 0xB7, 0x7A, 0x96, 0x6A, 
  0x71, 0x1A, 0x50, 0x0A, 0x33, 0x3A, 0x12, 0x2A, 0xFD, 0xDB, 0xDC, 0xCB, 0xBF, 0xFB, 0x9E, 0xEB, 
  0x79, 0x9B, 0x58, 0x8B, 0x3B, 0xBB, 0x1A, 0xAB, 0xA6, 0x6C, 0x87, 0x7C, 0xE4, 0x4C, 0xC5, 0x5C, 
  0x22, 0x2C, 0x03, 0x3C, 0x60, 0x0C, 0x41, 0x1C, 0xAE, 0xED, 0x8F, 0xFD, 0xEC, 0xCD, 0xCD, 0xDD, 
  0x2A, 0xAD, 0x0B, 0xBD, 0x68, 0x8D, 0x49, 0x9D, 0x97, 0x7E, 0xB6, 0x6E, 0xD5, 0x5E, 0xF4, 0x4E, 
  0x13, 0x3E, 0x32, 0x2E, 0x51, 0x1E, 0x70, 0x0E, 0x9F, 0xFF, 0xBE, 0xEF, 0xDD, 0xDF, 0xFC, 0xCF, 
  0x1B, 0xBF, 0x3A, 0xAF, 0x59, 0x9F, 0x78, 0x8F, 0x88, 0x91, 0xA9, 0x81, 0xCA, 0xB1, 0xEB, 0xA1, 
  0x0C, 0xD1, 0x2D, 0xC1, 0x4E, 0xF1, 0x6F, 0xE1, 0x80, 0x10, 0xA1, 0x00, 0xC2, 0x30, 0xE3, 0x20, 
  0x04, 0x50, 0x25, 0x40, 0x46, 0x70, 0x67, 0x60, 0xB9, 0x83, 0x98, 0x93, 0xFB, 0xA3, 0xDA, 0xB3, 
  0x3D, 0xC3, 0x1C, 0xD3, 0x7F, 0xE3, 0x5E, 0xF3, 0xB1, 0x02, 0x90, 0x12, 0xF3, 0x22, 0xD2, 0x32, 
  0x35, 0x42, 0x14, 0x52, 0x77, 0x62, 0x56, 0x72, 0xEA, 0xB5, 0xCB, 0xA5, 0xA8, 0x95, 0x89, 0x85, 
  0x6E, 0xF5, 0x4F, 0xE5, 0x2C, 0xD5, 0x0D, 0xC5, 0xE2, 0x34, 0xC3, 0x24, 0xA0, 0x14, 0x81, 0x04, 
  0x66, 0x74, 0x47, 0x64, 0x24, 0x54, 0x05, 0x44, 0xDB, 0xA7, 0xFA, 0xB7, 0x99, 0x87, 0xB8, 0x97, 
  0x5F, 0xE7, 0x7E, 0xF7, 0x1D, 0xC7, 0x3C, 0xD7, 0xD3, 0x26, 0xF2, 0x36, 0x91, 0x06, 0xB0, 0x16, 
  0x57, 0x66, 0x76, 0x76, 0x15, 0x46, 0x34, 0x56, 0x4C, 0xD9, 0x6D, 0xC9, 0x0E, 0xF9, 0x2F, 0xE9, 
  0xC8, 0x99, 0xE9, 0x89, 0x8A, 0xB9, 0xAB, 0xA9, 0x44, 0x58, 0x65, 0x48, 0x06, 0x78, 0x27, 0x68, 
  0xC0, 0x18, 0xE1, 0x08, 0x82, 0x38, 0xA3, 0x28, 0x7D, 0xCB, 0x5C, 0xDB, 0x3F, 0xEB, 0x1E, 0xFB, 
  0xF9, 0x8B, 0xD8, 0x9B, 0xBB, 0xAB, 0x9A, 0xBB, 0x75, 0x4A, 0x54, 0x5A, 0x37, 0x6A, 0x16, 0x7A, 
  0xF1, 0x0A, 0xD0, 0x1A, 0xB3, 0x2A, 0x92, 0x3A, 0x2E, 0xFD, 0x0F, 0xED, 0x6C, 0xDD, 0x4D, 0xCD, 
  0xAA, 0xBD, 0x8B, 0xAD, 0xE8, 0x9D, 0xC9, 0x8D, 0x26, 0x7C, 0x07, 0x6C, 0x64, 0x5C, 0x45, 0x4C, 
  0xA2, 0x3C, 0x83, 0x2C, 0xE0, 0x1C, 0xC1, 0x0C, 0x1F, 0xEF, 0x3E, 0xFF, 0x5D, 0xCF, 0x7C, 0xDF, 
  0x9B, 0xAF, 0xBA, 0xBF, 0xD9, 0x8F, 0xF8, 0x9F, 0x17, 0x6E, 0x36, 0x7E, 0x55, 0x4E, 0x74, 0x5E, 
  0x93, 0x2E, 0xB2, 0x3E, 0xD1, 0x0E, 0xF0, 0x1E, 0x00, 0x60, 0x02, 0x00, 0xE3, 0x65, 0x67, 0x15, 
  0xC1, 0x61, 0xE8, 0x1D, 0xBC, 0x6E, 0xC6, 0x1D, 0x41, 0x79, 0x49, 0x2D, 0x44, 0x70, 0xF6, 0x58, 
  0x7D, 0x24, 0xDD, 0x37, 0x37, 0xA8, 0x92, 0x20, 0x8E, 0xB6, 0xCB, 0xBB, 0x3E, 0x54, 0xE5, 0x4B, 
  0x9D, 0xEC, 0x66, 0x39, 0x5D, 0x0E, 0x8F, 0x6E, 0xB6, 0x91, 0x00, 0x7E, 0x56, 0x00, 0xD3, 0xA4, 
  0x51, 0x0C, 0xA3, 0xEE, 0x3C, 0x5A, 0xFB, 0x43, 0x71, 0x35, 0x94, 0x36, 0xB7, 0x87, 0x5C, 0x31, 
  0x29, 0xCF, 0x82, 0x02, 0xB6, 0xC9, 0x87, 0xA9, 0xAC, 0x61, 0x8D, 0x31, 0xF0, 0x7D, 0xE8, 0x31, 
  0xE5, 0x35, 0xBF, 0x50, 0xFE, 0xAA, 0x7E, 0xB8, 0xA3, 0xF0, 0x96, 0x12, 0xAA, 0xDA, 0xFE, 0x68, 
  0x8E, 0x7E, 0x7D, 0x0F, 0x27, 0x48, 0x1C, 0xCF, 0xBB, 0x25, 0xCD, 0xEF, 0x8F, 0x3D, 0x54, 0xD4, 
  0xBF, 0xE0, 0xA3, 0xBC, 0x1A, 0x23, 0x10, 0xEE, 0xC3, 0xEE, 0x11, 0x3F, 0xCD, 0x6D, 0xDF, 0x3E, 
  0x06, 0x8A, 0x6E, 0x43, 0xDB, 0x60, 0xBA, 0xCE, 0x8C, 0x12, 0x41, 0x35, 0x62, 0x23, 0x75, 0x5B, 
  0x86, 0xE0, 0x0D, 0x05, 0xF6, 0xD1, 0x37, 0x0C, 0x7D, 0x25, 0x8F, 0x41, 0xA6, 0xE1, 0xD6, 0xB8, 
  0xEA, 0x44, 0xA2, 0x25, 0x3E, 0x31, 0x98, 0x4B, 0xA8, 0xEA, 0xCF, 0x4D, 0xE0, 0x90, 0x83, 0x21, 
  0xBE, 0xA5, 0xD5, 0x2D, 0x84, 0xF5, 0x96, 0x51, 0xE6, 0x68, 0x66, 0x6A, 0xCC, 0x0C, 0xA9, 0x32, 
  0x16, 0xBC, 0xC7, 0xB4, 0xD4, 0x1F, 0x39, 0x2F, 0xC1, 0xB8, 0xE3, 0x32, 0x4C, 0xB0, 0x34, 0x34, 
  0x53, 0xCF, 0x13, 0x51, 0xE5, 0x80, 0x25, 0xF3, 0x2F, 0x5D, 0x26, 0x67, 0x15, 0xB2, 0xAD, 0x8B, 
  0x9A, 0xFC, 0xAA, 0xF6, 0x3B, 0x3D, 0x7F, 0xC9, 0x44, 0xFD, 0x9B, 0x69, 0x0F, 0xA9, 0x22, 0x6C, 
  0x39, 0x7F, 0x28, 0x9B, 0xBE, 0x6A, 0x75, 0xED, 0x63, 0x9A, 0x5E, 0x92, 0xFF, 0x9D, 0xA4, 0xCE, 
  0x13, 0x88, 0x6F, 0x4E, 0xBE, 0x96, 0xC6, 0xAC, 0x52, 0xD3, 0x5A, 0x3D, 0x2B, 0xF3, 0x22, 0x0D, 
  0x3B, 0xFA, 0xD1, 0xFB, 0x9F, 0xFB, 0x0C, 0xEB, 0xC2, 0x4D, 0x6C, 0xA0, 0x69, 0xD2, 0x30, 0x2E, 
  0x27, 0x37, 0x32, 0xB7, 0xC4, 0x39, 0xA5, 0xBB, 0x89, 0x0A, 0x13, 0x40, 0xF9, 0xBA, 0xE0, 0x07, 
  0xD7, 0xC1, 0x9D, 0x86, 0xD1, 0x48, 0x88, 0xD3, 0xC7, 0xA8, 0xA1, 0x7B, 0xA3, 0x0E, 0x05, 0xC6, 
  0xC3, 0xA4, 0x95, 0x06, 0x75, 0x9D, 0x42, 0x8E, 0xB0, 0xA3, 0x7F, 0x7B, 0x2B, 0x52, 0x60, 0x6E, 
  0xA2, 0x34, 0xDA, 0xFC, 0x93, 0x86, 0xA3, 0xEE, 0xD1, 0xB3, 0x53, 0xC0, 0xD5, 0x68, 0x28, 0xA6, 
  0xE6, 0xDA, 0x09, 0x0D, 0x77, 0x10, 0xFB, 0x68, 0x77, 0x66, 0x32, 0x70, 0xE2, 0x07, 0x6E, 0x25, 
  0x86, 0x2E, 0xAD, 0xE1, 0x48, 0x17, 0x22, 0x03, 0xCB, 0x7A, 0x58, 0x29, 0xCA, 0x54, 0xC4, 0xF9, 
  0xA9, 0x05, 0xB2, 0x0D, 0x08, 0xC2, 0xEF, 0x70, 0xCF, 0x3A, 0xD9, 0xBE, 0xDA, 0x74, 0xC1, 0x01, 
  0x66, 0xFF, 0xEB, 0x2C, 0x1D, 0x9D, 0xB0, 0x23, 0xE2, 0x76, 0x75, 0x50, 0xCD, 0xAB, 0xB8, 0x8A, 
  0xCF, 0x0C, 0x29, 0x3F, 0x6F, 0xF1, 0xAE, 0xE7, 0xB6, 0xCC, 0xF0, 0x5D, 0xCF, 0xA5, 0x74, 0x56, 
  0x75, 0xEC, 0xD7, 0x85, 0x33, 0xF1, 0xE3, 0x6B, 0xE3, 0x13, 0x03, 0x0E, 0x28, 0x5E, 0xF8, 0xDE, 
  0xC1, 0x3D, 0xB9, 0x7B, 0x00, 0xF2, 0xFD, 0x55, 0xB2, 0x49, 0xBD, 0x13, 0xF9, 0x1A, 0xEB, 0xE8, 
  0xD6, 0x18, 0x23, 0xBC, 0x92, 0xA5, 0xD7, 0xA1, 0x7C, 0x63, 0x19, 0xE5, 0x87, 0xCC, 0x7F, 0x88, 
  0x80, 0xC5, 0x49, 0x1B, 0x60, 0xAC, 0x8B, 0xB1, 0xD2, 0x38, 0x7D, 0xA6, 0x8F, 0x26, 0x11, 0x31, 
  0x3B, 0x72, 0x62, 0x37, 0x90, 0xBE, 0xB8, 0x7C, 0xA3, 0x38, 0xBF, 0x1F, 0xC4, 0x0D, 0x20, 0xDC, 
  0xE6, 0xD3, 0xF5, 0xF9, 0x27, 0x11, 0x8B, 0xC5, 0x3A, 0x01, 0xB8, 0x35, 0x84, 0xC1, 0x8C, 0xAA, 
  0x7D, 0x08, 0xB6, 0x0D, 0x56, 0x35, 0x2E, 0x65, 0x3E, 0x7F, 0x0F, 0x3E, 0xBD, 0xBF, 0x69, 0xB7, 
  0x67, 0x4B, 0x76, 0xDB, 0x7B, 0xCF, 0x9D, 0xCD, 0x26, 0xD4, 0xBC, 0x13, 0xB6, 0xDC, 0x69, 0xB3, 
  0x4E, 0xBD, 0x01, 0xEE, 0x95, 0x09, 0x4D, 0x2D, 0x9B, 0x1A, 0x97, 0x8E, 0x2A, 0xC0, 0xDB, 0x60, 
  0xBB, 0xD9, 0x32, 0x5C, 0x9F, 0xB5, 0xBF, 0xAC, 0x05, 0x49, 0x86, 0xA9, 0x47, 0x02, 0x09, 0x21, 
  0xC5, 0x0C, 0x27, 0x2D, 0xDE, 0xD1, 0x9E, 0x03, 0xD6, 0x76, 0x66, 0x40, 0xF8, 0x25, 0xFF, 0xA8, 
  0xEB, 0xCC, 0x54, 0xAB, 0x30, 0x5B, 0x1A, 0x98, 0xBF, 0xAA, 0x9C, 0x07, 0x40, 0x3F, 0xC0, 0x1C, 
  0xEC, 0x03, 0xC4, 0x4C, 0xA2, 0x2A, 0xE8, 0x34, 0x51, 0x3D, 0x4F, 0xA2, 0xC8, 0x6F, 0x2B, 0xBC, 
  0x7B, 0x0A, 0xC1, 0xB9, 0x01, 0x16, 0x02, 0x4B, 0xA2, 0xAD, 0x3D, 0x74, 0x0F, 0x45, 0xD0, 0x95, 
  0xD9, 0x33, 0xE0, 0xD0, 0x58, 0x08, 0xB5, 0x3B, 0xC6, 0x44, 0x9E, 0x7C, 0xA7, 0x39, 0xC3, 0xD1, 
  0x6D, 0xC8, 0x6B, 0x03, 0x65, 0x76, 0x09, 0x3D, 0x22, 0x6E, 0x9B, 0x1E, 0xF2, 0x82, 0x92, 0x22, 
  0xF4, 0x16, 0x25, 0x10, 0x70, 0x94, 0xB4, 0x65, 0x72, 0x86, 0x69, 0x90, 0x2F, 0xDA, 0x66, 0x46, 
  0x00, 0x68, 0xBA, 0xCA, 0x14, 0x3D, 0x37, 0xBF, 0xF8, 0x1B, 0x8D, 0xD1, 0x2B, 0x67, 0x4C, 0x29, 
  0xE2, 0x32, 0x64, 0xE1, 0x63, 0x79, 0x7A, 0x3D, 0x20, 0xA1, 0x53, 0x38, 0x05, 0x0A, 0x87, 0x6E, 
  0x4F, 0xA2, 0xB2, 0x2F, 0x7F, 0x3F, 0x78, 0xBF, 0x35, 0x79, 0xC5, 0xC3, 0xD1, 0xA3, 0x80, 0x0C, 
  0x48, 0xE2, 0x12, 0x9A, 0xA1, 0xFA, 0x06, 0xF5, 0xC0, 0xA1, 0x8F, 0x21, 0x01, 0x67, 0xB0, 0x40, 
  0x9C, 0x26, 0x30, 0x72, 0x91, 0x66, 0x6F, 0x43, 0x64, 0x3C, 0xA6, 0x01, 0xC8, 0xF0, 0x16, 0xB5, 
  0xEF, 0x22, 0xD4, 0x49, 0x24, 0x20, 0xD4, 0x19, 0x3F, 0x6C, 0x95, 0xBA, 0xF9, 0x64, 0x6C, 0xF4, 
  0x1D, 0x17, 0x31, 0x6A, 0xA4, 0x29, 0x1F, 0x86, 0x6A, 0x3C, 0x96, 0x0B, 0xD7, 0x26, 0x9A, 0xB4, 
  0x65, 0x82, 0x4F, 0xE9, 0x45, 0xD6, 0xB5, 0x42, 0xD6, 0xF8, 0xED, 0x35, 0x62, 0x4D, 0xCC, 0xD2, 
  0x7C, 0x70, 0x0B, 0xBA, 0xB4, 0x49, 0xDB, 0xBD, 0x05, 0x81, 0x2F, 0x13, 0xA5, 0xD3, 0x81, 0x6C, 
  0x29, 0xC3, 0x2B, 0x34, 0x12, 0xAF, 0x32, 0x9A, 0xAA, 0x91, 0xDF, 0x29, 0xED, 0xFE, 0x2B, 0xC5, 
  0x18, 0x26, 0xE7, 0x48, 0x08, 0x63, 0xE5, 0x99, 0x85, 0x94, 0xF3, 0xD7, 0xCB, 0x99, 0x5A, 0xFF, 
  0x65, 0x65, 0x98, 0xED, 0x11, 0x29, 0xF6, 0x16, 0x03, 0xF9, 0x13, 0x2C, 0xBD, 0xFC, 0x00, 0xF2, 
  0xFD, 0x15, 0xB0, 0x5D, 0xBD, 0x33, 0xD5, 0x34, 0xE3, 0x4C, 0x1C, 0xEC, 0xB1, 0x0E, 0x50, 0x31, 
  0x9E, 0x4F, 0x87, 0x5B, 0x1D, 0xED, 0x58, 0x6D, 0x49, 0x6B, 0x1C, 0x38, 0x32, 0x4D, 0xE6, 0x34, 
  0x3D, 0xA1, 0xF8, 0x2F, 0x79, 0xAA, 0x42, 0xFE, 0x6B, 0xBE, 0x36, 0xBD, 0x9A, 0x78, 0x52, 0x3A, 
  0xF1, 0xA3, 0xD8, 0x01, 0x85, 0x8E, 0x2A, 0x4A, 0x69, 0x32, 0xB0, 0x1D, 0xF5, 0xFF, 0x76, 0x3F, 
  0x4B, 0x8A, 0x81, 0x39, 0x62, 0xAB, 0x44, 0x4E, 0x3A, 0x5D, 0x5F, 0x9A, 0x08, 0x03, 0x2D, 0x1A, 
  0x46, 0x3D, 0x40, 0x20, 0xAA, 0xBA, 0xE4, 0xA1, 0xA0, 0x28, 0x01, 0x15, 0x21, 0xDE, 0x2A, 0x21, 
  0xE3, 0x38, 0xBA, 0xD6, 0x9E, 0xFA, 0xEC, 0x22, 0xE8, 0x4C, 0xF0, 0x41, 0x85, 0xEA, 0x11, 0x2E, 
  0xC9, 0x6D, 0xDF, 0x2A, 0x90, 0x8E, 0xA6, 0x40, 0x52, 0x7C, 0xA7, 0xCC, 0xE8, 0x33, 0x07, 0x31, 
  0xAA, 0x32, 0x21, 0x58, 0x86, 0xEA, 0x23, 0x02, 0x09, 0x29, 0xA1, 0x0C, 0x27, 0x25, 0x0B, 0x4F, 
  0x7A, 0x9A, 0xA9, 0x4A, 0x86, 0x40, 0xF8, 0x2D, 0xEA, 0x36, 0x0D, 0x5E, 0xF2, 0xEA, 0x70, 0x4B, 
  0xBA, 0x90, 0x41, 0x25, 0x3A, 0x45, 0x04, 0x2F, 0xC0, 0xF6, 0xF3, 0x2B, 0x82, 0x4F, 0xE2, 0x2A, 
  0x40, 0x3C, 0xEF, 0x20, 0x92, 0x3C, 0x8E, 0x4B, 0x2B, 0xAD, 0x7F, 0x2B, 0xC1, 0xA9, 0xE3, 0x32, 
  0xCC, 0x33, 0xDD, 0x4F, 0x18, 0x34, 0x55, 0x55, 0x2D, 0x91, 0xD1, 0x26, 0xE0, 0x4B, 0x62, 0x67, 
  0x14, 0x87, 0x29, 0xAC, 0x1E, 0xBC, 0xCE, 0xC6, 0xFD, 0xD8, 0x1F, 0xAA, 0xED, 0x02, 0x64, 0xF6, 
  0x81, 0xBD, 0x62, 0x68, 0x3D, 0x6F, 0xA8, 0x92, 0x28, 0x26, 0xBC, 0x16, 0x25, 0x9E, 0x7E, 0x83, 
  0xCB, 0x10, 0x9B, 0xB1, 0xB5, 0x80, 0x90, 0xC9, 0xF2, 0xB6, 0xC0, 0xBE, 0x52, 0xC2, 0x4E, 0x2D, 
  0x2A, 0xF9, 0xA2, 0x0B, 0x01, 0x95, 0x31, 0x7F, 0x82, 0x83, 0xD2, 0xF0, 0xDE, 0xF1, 0x83, 0x5C, 
  0xE8, 0x2D, 0x8F, 0x94, 0x09, 0x20, 0xCD, 0x4F, 0x53, 0x71, 0xFF, 0xA3, 0x36, 0x0F, 0xC5, 0x7E, 
  0xF1, 0x59, 0xD0, 0xE4, 0xA1, 0xC5, 0x55, 0x82, 0xCC, 0x4C, 0x4C, 0xC5, 0x12, 0xAA, 0x25, 0x7A, 
  0x4E, 0x0A, 0x3E, 0x39, 0x3F, 0x20, 0xC8, 0x98, 0x8F, 0x14, 0x3F, 0xD6, 0xD0, 0x63, 0x39, 0x6F, 
  0xE3, 0x43, 0x24, 0x6A, 0x22, 0x20, 0x4C, 0xB0, 0x53, 0x85, 0xEA, 0x11, 0x2E, 0xC9, 0x7D, 0xDF, 
  0xEA, 0x74, 0x6D, 0x4C, 0xA0, 0x92, 0x9F, 0x45, 0xE5, 0x08, 0x73, 0x13, 0x31, 0x62, 0x32, 0x61, 
  0x4B, 0x86, 0xEA, 0x23, 0x02, 0x09, 0x39, 0xA1, 0x8C, 0xAB, 0x5A, 0x7C, 0xCA, 0xFA, 0x11, 0xD6, 
  0xFD, 0x02, 0x00, 0xE0, 0x2D, 0x22, 0x36, 0x4D, 0x4D, 0xF2, 0xEA, 0x70, 0x4B, 0xBA, 0x90, 0x40, 
  0xE5, 0xDC, 0xA0, 0xE4, 0xCF, 0x00, 0x14, 0x12, 0x9C, 0x62, 0xB0, 0x1D, 0x2A, 0x88, 0x3C, 0xAF, 
  0x32, 0x92, 0x3C, 0x8E, 0xB4, 0xD4, 0x52, 0x80, 0xAB, 0xBE, 0xD6, 0x98, 0x4D, 0x4C, 0xB9, 0xA2, 
  0xDF, 0x9B, 0x74, 0x40, 0x55, 0xE5, 0x91, 0x91, 0x32, 0xE0, 0x4B, 0x62, 0x67, 0x15, 0xA7, 0x29, 
  0x2C, 0x93, 0xC3, 0x91, 0x40, 0x3D, 0x3D, 0xFB, 0xA6, 0x0D, 0x42, 0x77, 0xF6, 0x49, 0xBD, 0x22, 
  0x7C, 0x3D, 0x6F, 0xA8, 0x92, 0x28, 0x2E, 0xBC, 0xD6, 0xC6, 0x7C, 0xBF, 0x63, 0x4B, 0x9D, 0xE4, 
  0x21, 0x33, 0xC0, 0x87, 0xC9, 0x3A, 0xB6, 0x80, 0xA9, 0x52, 0xC2, 0x4E, 0x2D, 0x2B, 0x79, 0xA2, 
  0xCB, 0xE7, 0x70, 0x95, 0x9F, 0x42, 0x65, 0x37, 0xFB, 0x3E, 0xB1, 0x97, 0x5C, 0x20, 0x2D, 0xCF, 
  0x83, 0x09, 0x20, 0xCD, 0x4F, 0x52, 0x61, 0xFF, 0x63, 0xD2, 0xEC, 0x67, 0x9E, 0x31, 0xBF, 0x35, 
  0xEF, 0x41, 0x3A, 0xAA, 0x82, 0x04, 0x4C, 0x0C, 0xD2, 0x12, 0xAA, 0x25, 0x85, 0xB0, 0xF5, 0xC1, 
  0xB9, 0x40, 0x5F, 0x37, 0x78, 0x4F, 0xF2, 0xDA, 0x8D, 0x30, 0x45, 0x38, 0x6F, 0x2B, 0x43, 0x64, 
  0x7F, 0x22, 0x20, 0x4C, 0xB0, 0x52, 0xA5, 0xEA, 0xD1, 0xEE, 0x09, 0xAD, 0x1F, 0x2A, 0x90, 0x8E, 
  0x11, 0x40, 0xB4, 0x9D, 0x45, 0x2D, 0x08, 0x33, 0x06, 0x31, 0x62, 0x32, 0x61, 0x4B, 0xC6, 0xEA, 
  0xE3, 0xC2, 0xC9, 0xE9, 0x61, 0x0C, 0x27, 0x25, 0xBC, 0x4F, 0x05, 0xEE, 0xD6, 0x35, 0x02, 0x40, 
  0xF9, 0x2D, 0x22, 0x36, 0xB2, 0xB3, 0x0D, 0x15, 0xB0, 0x8B, 0x7A, 0x50, 0x81, 0x25, 0x3A, 0x45, 
  0x1C, 0x2F, 0x30, 0x00, 0x12, 0x54, 0x62, 0x4F, 0xE3, 0x2A, 0x88, 0x3C, 0xAF, 0x32, 0x82, 0x3C, 
  0x0E, 0x34, 0xAD, 0x28, 0xF8, 0x2B, 0xC1, 0xA9, 0xFB, 0x32, 0x7C, 0xAC, 0xA2, 0x30, 0x9B, 0x34, 
  0x54, 0x55, 0xE5, 0x91, 0x91, 0x33, 0xC0, 0x4B, 0xE2, 0xE2, 0x91, 0x04, 0xAE, 0xAC, 0x1E, 0xBC, 
  0xF2, 0xC6, 0x0D, 0x25, 0xFB, 0x49, 0x0D, 0x02, 0x65, 0xF6, 0x49, 0xBD, 0x22, 0x7D, 0x3D, 0x6E, 
  0x28, 0xED, 0x57, 0xA0, 0x3B, 0x16, 0x25, 0x9E, 0x42, 0x83, 0x7B, 0x8B, 0xE4, 0xCE, 0x33, 0x80, 
  0x91, 0xC9, 0x3A, 0xB6, 0x80, 0xA8, 0x12, 0xC2, 0xCE, 0xAB, 0xAE, 0x7D, 0x25, 0x0B, 0x01, 0x95, 
  0x6D, 0x7F, 0x72, 0x76, 0x37, 0x14, 0x3E, 0xF1, 0x82, 0x5C, 0x20, 0x2D, 0xCF, 0x82, 0x01, 0x20, 
  0x4D, 0xC9, 0xD7, 0xF5, 0x78, 0xA3, 0x36, 0x0F, 0x99, 0x7E, 0x01, 0xA8, 0x35, 0x00, 0x41, 0xC5, 
  0x54, 0x82, 0x04, 0x4C, 0x0C, 0xD2, 0x92, 0xAA, 0xA5, 0x05, 0xC9, 0x8F, 0xB9, 0x39, 0x3F, 0x20, 
  0x54, 0x98, 0x3F, 0xE7, 0xDA, 0x32, 0x30, 0x63, 0x38, 0x6F, 0x2B, 0x43, 0x64, 0x7E, 0x02, 0x20, 
  0xC4, 0x3D, 0x2D, 0xFA, 0x65, 0x11, 0x2E, 0xC9, 0x71, 0xDF, 0x5A, 0x86, 0x8E, 0xAE, 0x40, 0x92, 
  0x9E, 0x45, 0x2D, 0x08, 0x33, 0x07, 0x71, 0x62, 0xBA, 0xEF, 0x34, 0xF9, 0x65, 0x23, 0x02, 0x09, 
  0x35, 0xA1, 0xF3, 0xD8, 0x25, 0x03, 0x4F, 0xFA, 0x11, 0xD6, 0x35, 0x02, 0xBF, 0x07, 0xD2, 0xDD, 
  0xB6, 0x32, 0x33, 0x8D, 0x95, 0x70, 0x4B, 0xBA, 0x70, 0x41, 0x65, 0x2F, 0x45, 0x00, 0x2F, 0x00, 
  0x14, 0x12, 0x54, 0x62, 0x4F, 0xE2, 0x0A, 0x88, 0xFC, 0x4A, 0xD6, 0x71, 0xDC, 0x8E, 0x4B, 0x2B, 
  0x4D, 0x7F, 0x6B, 0xD2, 0xA9, 0xE7, 0x32, 0x4C, 0xB9, 0xA2, 0x30, 0x9B, 0x34, 0x55, 0x5D, 0xE5, 
  0x51, 0x72, 0xD1, 0x01, 0xAB, 0x62, 0x67, 0x15, 0x67, 0x29, 0xEC, 0x0A, 0xBC, 0xEE, 0xC6, 0x3D, 
  0x3D, 0xFB, 0x49, 0x0D, 0x02, 0x64, 0xE6, 0x49, 0x7D, 0xC6, 0x9E, 0xDF, 0x8F, 0xA8, 0x92, 0x28, 
  0xC6, 0xBC, 0xE9, 0xDA, 0x9E, 0x5E, 0x83, 0x4B, 0x9D, 0xE4, 0xCE, 0x33, 0x7F, 0x6F, 0x36, 0xC5, 
  0x76, 0xFF, 0xD7, 0x2D, 0xBD, 0x4E, 0x2D, 0x2B, 0x75, 0xA2, 0x4B, 0x15, 0x95, 0x71, 0x7F, 0x42, 
  0x64, 0x37, 0x14, 0x3E, 0xF1, 0x83, 0x4C, 0x20, 0xAD, 0x43, 0xFD, 0x84, 0xAF, 0xCD, 0x4F, 0x52, 
  0xFD, 0xFF, 0xE3, 0x23, 0x0F, 0x85, 0x7E, 0x31, 0xBE, 0x35, 0x00, 0x41, 0xC5, 0x55, 0xA2, 0x04, 
  0xCC, 0x86, 0x59, 0x9E, 0x25, 0x25, 0x7A, 0x4F, 0x86, 0x3E, 0x78, 0x29, 0x20, 0x48, 0x98, 0x4F, 
  0xF3, 0xDA, 0x32, 0x30, 0x63, 0x39, 0x2F, 0x2B, 0xC3, 0xED, 0xF4, 0xA9, 0xAF, 0x4C, 0xB0, 0x52, 
  0x09, 0xEA, 0x50, 0x39, 0xC9, 0x6D, 0xDF, 0x2A, 0x91, 0x8E, 0xAE, 0x40, 0x92, 0x9F, 0xC5, 0x2D, 
  0x88, 0xBA, 0x8D, 0xBA, 0xED, 0x32, 0x61, 0x4B, 0x0A, 0xEA, 0xDC, 0xFD, 0x09, 0x29, 0xA1, 0x0C, 
  0x27, 0x25, 0x03, 0x4F, 0x05, 0xEE, 0x29, 0xCA, 0x82, 0x3F, 0x87, 0x52, 0x5D, 0x36, 0x4D, 0x4C, 
  0xFC, 0xEA, 0x30, 0x5E, 0xBA, 0x90, 0x41, 0x25, 0x3B, 0x45, 0x00, 0x2F, 0x00, 0x14, 0x32, 0x54, 
  0xE2, 0xAA, 0x06, 0xC9, 0x68, 0x3C, 0xAF, 0x32, 0xA4, 0x80, 0x8E, 0x4B, 0x4D, 0x56, 0x4F, 0x12, 
  0x03, 0x01, 0x03, 0x00, 0x00, 0x00, 0x35, 0xBA, 0x69, 0x00, 0x00, 0x00, 0x06, 0x00, 0xFF, 0x0A, 
  0x55, 0xAA, 0xA1, 0x01, 0x15, 0x00, 0x26, 0xFF, 0x00, 0x75, 0x08, 0x96, 0x00, 0x01, 0x09, 0x01, 
  0x81, 0x02, 0x96, 0x00, 0x01, 0x09, 0x01, 0x91, 0x02, 0x95, 0x01, 0x09, 0x01, 0xB1, 0x02, 0xC0, 
  0x04, 0x03, 0x09, 0x04, 0x09, 0x02, 0x1B, 0x00, 0x01, 0x01, 0x00, 0x80, 0x32, 0x09, 0x04, 0x00, 
  0x00, 0x00, 0x03, 0x00, 0x00, 0x00, 0x09, 0x21, 0x00, 0x01, 0x00, 0x01, 0x22, 0x24, 0x00, 0x00, 
  0x12, 0x01, 0x10, 0x01, 0x00, 0x00, 0x00, 0x40, 0x00, 0x00, 0x44, 0x22, 0x00, 0x01, 0x00, 0x00, 
  0x00, 0x01, 0x00, 0x00, 0x31, 0x2E, 0x30, 0x2E, 0x39, 0x20, 0x20, 0x62, 0x75, 0x69, 0x6C, 0x64, 
  0x20, 0x40, 0x20, 0x4D, 0x61, 0x72, 0x20, 0x32, 0x34, 0x20, 0x32, 0x30, 0x32, 0x32, 0x20, 0x31, 
  0x30, 0x3A, 0x30, 0x35, 0x3A, 0x31, 0x36, 0x00, 0x4E, 0x41, 0x4E, 0x00, 0x6E, 0x61, 0x6E, 0x00, 
  0x49, 0x4E, 0x46, 0x00, 0x69, 0x6E, 0x66, 0x00, 0x00, 0x00, 0x00, 0x00, 0x00, 0x00, 0x00, 0x00, 
  0xFF, 0x02, 0x00, 0x00, 0x00, 0x1B, 0xB7, 0x00, 0x01, 0x00, 0x00, 0x00, 0x01, 0x00, 0x00, 0x00, 
  0x00, 0x00, 0x00, 0x00, 0x00, 0x00, 0x00, 0x00, 0x00, 0x00, 0x00, 0x00, 0x00, 0x00, 0x00, 0x00, 
  0x00, 0x00, 0x00, 0x00, 0x00, 0x00, 0x00, 0x00, 0x00, 0x00, 0x00, 0x00, 0x00, 0x00, 0x00, 0x00, 
  0x00, 0x00, 0x00, 0x00, 0x00, 0x00, 0x00, 0x00, 0x00, 0x00, 0x00, 0x00, 0x00, 0x00, 0x00, 0x00, 
  0x00, 0x00, 0x00, 0x00, 0x00, 0x00, 0x00, 0x00, 0x00, 0x00, 0x00, 0x00, 0x00, 0x00, 0x00, 0x00, 
  0x00, 0x00, 0x00, 0x00, 0x00, 0x00, 0x00, 0x00, 0x00, 0x00, 0x00, 0x00, 0x00, 0x00, 0x00, 0x00, 
  0x00, 0x00, 0x00, 0x00, 0x00, 0x00, 0x00, 0x00, 0x00, 0x00, 0x00, 0x00, 0x00, 0x00, 0x00, 0x00, 
  0x00, 0x00, 0x00, 0x00, 0x00, 0x00, 0x00, 0x00, 0x00, 0x00, 0x00, 0x00, 0x01, 0x00, 0x00, 0x00, 
  0x32, 0x00, 0x00, 0x00, 0x00, 0x00, 0x00, 0x00, 0x00, 0x00, 0x00, 0x00, 0x00, 0x00, 0x00, 0x00, 
  0x00, 0x00, 0x00, 0x00, 0x00, 0x00, 0x00, 0x00, 0x00, 0x00, 0x00, 0x00, 0x00, 0x00, 0x00, 0x00, 
  0x00, 0x00, 0x00, 0x00, 0x00, 0x00, 0x00, 0x00, 0x00, 0x00, 0x00, 0x00, 0x00, 0x00, 0x00, 0x00, 
  0x00, 0x00, 0x00, 0x00, 0x00, 0x00, 0x00, 0x00, 0x00, 0x00, 0x00, 0x00, 0x00, 0x00, 0x00, 0x00, 
  0x00, 0x00, 0x00, 0x00, 0x00, 0x00, 0x00, 0x00, 0x00, 0x00, 0x00, 0x00, 0x00, 0x00, 0x00, 0x00, 
  0x00, 0x00, 0x00, 0x00, 0x00, 0x00, 0x00, 0x00, 0x00, 0x00, 0x00, 0x00, 0x00, 0x00, 0x00, 0x00, 
  0x00, 0x00, 0x00, 0x00, 0x00, 0x00, 0x00, 0x00, 0x00, 0x00, 0x00, 0x00, 0x00, 0x00, 0x00, 0x00, 
  0x00, 0x00, 0x00, 0x00, 0x00, 0x00, 0x00, 0x00, 0x00, 0x00, 0x00, 0x00, 0x00, 0x00, 0x00, 0x00, 
  0x00, 0x00, 0x00, 0x00, 0x00, 0x00, 0x00, 0x00, 0x00, 0x00, 0x00, 0x00, 0x00, 0x00, 0x00, 0x00, 
  0x00, 0x00, 0x00, 0x00, 0x00, 0x00, 0x00, 0x00, 0x00, 0x00, 0x00, 0x00, 0x00, 0x00, 0x00, 0x00, 
  0x00, 0x00, 0x00, 0x00, 0x00, 0x00, 0x00, 0x00, 0x00, 0x00, 0x00, 0x00, 0x00, 0x00, 0x00, 0x00, 
  0x00, 0x00, 0x00, 0x00, 0x00, 0x00, 0x00, 0x00, 0x00, 0x00, 0x00, 0x00, 0x00, 0x00, 0x00, 0x00, 
  0x00, 0x00, 0x00, 0x00, 0x00, 0x00, 0x00, 0x00, 0x00, 0x00, 0x00, 0x00, 0x00, 0x00, 0x00, 0x00, 
  0x00, 0x00, 0x00, 0x00, 0x00, 0x00, 0x00, 0x00, 0x00, 0x00, 0x00, 0x00, 0x00, 0x00, 0x00, 0x00, 
  0x00, 0x00, 0x00, 0x00, 0x00, 0x00, 0x00, 0x00, 0x00, 0x00, 0x00, 0x00, 0x00, 0x00, 0x00, 0x00, 
  0x00, 0x00, 0x00, 0x00, 0x00, 0x00, 0x00, 0x00, 0x00, 0x00, 0x00, 0x00, 0x00, 0x00, 0x00, 0x00, 
  0x00, 0x00, 0x00, 0x00, 0x00, 0x00, 0x00, 0x00, 0x00, 0x00, 0x00, 0x00, 0x00, 0x00, 0x00, 0x00, 
  0x00, 0x00, 0x00, 0x00, 0x00, 0x00, 0x00, 0x00, 0x00, 0x00, 0x00, 0x00, 0x00, 0x00, 0x00, 0x00, 
  0x00, 0x00, 0x00, 0x00, 0x00, 0x00, 0x00, 0x00, 0x00, 0x00, 0x00, 0x00, 0x00, 0x00, 0x00, 0x00, 
  0x00, 0x00, 0x00, 0x00, 0x00, 0x00, 0x00, 0x00, 0x00, 0x00, 0x00, 0x00, 0x00, 0x00, 0x00, 0x00, 
  0x00, 0x00, 0x00, 0x00, 0x00, 0x00, 0x00, 0x00, 0x00, 0x00, 0x00, 0x00, 0x00, 0x00, 0x00, 0x00, 
  0x00, 0x00, 0x00, 0x00, 0x00, 0x00, 0x00, 0x00, 0x00, 0x00, 0x00, 0x00, 0x00, 0x00, 0x00, 0x00, 
  0x00, 0x00, 0x00, 0x00, 0x00, 0x00, 0x00, 0x00, 0x00, 0x00, 0x00, 0x00, 0x00, 0x00, 0x00, 0x00, 
  0x00, 0x00, 0x00, 0x00, 0x00, 0x00, 0x00, 0x00, 0x00, 0x00, 0x00, 0x00, 0x00, 0x00, 0x00, 0x00, 
  0x00, 0x00, 0x00, 0x00, 0x00, 0x00, 0x00, 0x00, 0x00, 0x00, 0x00, 0x00, 0x00, 0x00, 0x00, 0x00, 
  0x00, 0x00, 0x00, 0x00, 0x00, 0x00, 0x00, 0x00, 0x00, 0x00, 0x00, 0x00, 0x00, 0x00, 0x00, 0x00, 
  0x00, 0x00, 0x00, 0x00, 0x00, 0x00, 0x00, 0x00, 0x00, 0x00, 0x00, 0x00, 0x00, 0x00, 0x00, 0x00, 
  0x00, 0x00, 0x00, 0x00, 0x00, 0x00, 0x00, 0x00, 0x00, 0x00, 0x00, 0x00, 0x00, 0x00, 0x00, 0x00, 
  0x00, 0x00, 0x00, 0x00, 0x00, 0x00, 0x00, 0x00, 0x00, 0x00, 0x00, 0x00, 0x00, 0x00, 0x00, 0x00, 
  0x00, 0x00, 0x00, 0x00, 0x00, 0x00, 0x00, 0x00, 0x00, 0x00, 0x00, 0x00, 0x00, 0x00, 0x00, 0x00, 
  0x00, 0x00, 0x00, 0x00, 0x00, 0x00, 0x00, 0x00, 0x00, 0x00, 0x00, 0x00, 0x00, 0x00, 0x00, 0x00, 
  0x00, 0x00, 0x00, 0x00, 0x00, 0x00, 0x00, 0x00, 0x00, 0x00, 0x00, 0x00, 0x00, 0x00, 0x00, 0x00, 
  0x00, 0x00, 0x00, 0x00, 0x00, 0x00, 0x00, 0x00, 0x00, 0x00, 0x00, 0x00, 0x00, 0x00, 0x00, 0x00, 
  0x00, 0x00, 0x00, 0x00, 0x00, 0x00, 0x00, 0x00, 0x00, 0x00, 0x00, 0x00, 0x00, 0x00, 0x00, 0x00, 
  0x00, 0x00, 0x00, 0x00, 0x00, 0x00, 0x00, 0x00, 0x00, 0x00, 0x00, 0x00, 0x00, 0x00, 0x00, 0x00, 
  0x00, 0x00, 0x00, 0x00, 0x00, 0x00, 0x00, 0x00, 0x00, 0x00, 0x00, 0x00, 0x00, 0x00, 0x00, 0x00, 
  0x00, 0x00, 0x00, 0x00, 0x00, 0x00, 0x00, 0x00, 0x00, 0x00, 0x00, 0x00, 0x00, 0x00, 0x00, 0x00, 
  0x00, 0x00, 0x00, 0x00, 0x00, 0x00, 0x00, 0x00, 0x00, 0x00, 0x00, 0x00, 0x00, 0x00, 0x00, 0x00, 
  0x00, 0x00, 0x00, 0x00, 0x00, 0x00, 0x00, 0x00, 0x00, 0x00, 0x00, 0x00, 0x00, 0x00, 0x00, 0x00, 
  0x00, 0x00, 0x00, 0x00, 0x00, 0x00, 0x00, 0x00, 0x00, 0x00, 0x00, 0x00, 0x00, 0x00, 0x00, 0x00, 
  0x00, 0x00, 0x00, 0x00, 0x00, 0x00, 0x00, 0x00, 0x00, 0x00, 0x00, 0x00, 0x00, 0x00, 0x00, 0x00, 
  0x00, 0x00, 0x00, 0x00, 0x00, 0x00, 0x00, 0x00, 0x00, 0x00, 0x00, 0x00, 0x00, 0x00, 0x00, 0x00, 
  0x00, 0x00, 0x00, 0x00, 0x00, 0x00, 0x00, 0x00, 0x00, 0x00, 0x00, 0x00, 0x00, 0x00, 0x00, 0x00, 
  0x00, 0x00, 0x00, 0x00, 0x00, 0x00, 0x00, 0x00, 0x00, 0x00, 0x00, 0x00, 0x00, 0x00, 0x00, 0x00, 
  0x00, 0x00, 0x00, 0x00, 0x00, 0x00, 0x00, 0x00, 0x00, 0x00, 0x00, 0x00, 0x00, 0x00, 0x00, 0x00, 
  0x00, 0x00, 0x00, 0x00, 0x00, 0x00, 0x00, 0x00, 0x00, 0x00, 0x00, 0x00, 0x00, 0x00, 0x00, 0x00, 
  0x00, 0x00, 0x00, 0x00, 0x00, 0x00, 0x00, 0x00, 0x00, 0x00, 0x00, 0x00, 0x00, 0x00, 0x00, 0x00, 
  0x00, 0x00, 0x00, 0x00, 0x00, 0x00, 0x00, 0x00, 0x00, 0x00, 0x00, 0x00, 0x00, 0x00, 0x00, 0x00, 
  0x00, 0x00, 0x00, 0x00, 0x00, 0x00, 0x00, 0x00, 0x00, 0x00, 0x00, 0x00, 0x00, 0x00, 0x00, 0x00, 
  0x00, 0x00, 0x00, 0x00, 0x00, 0x00, 0x00, 0x00, 0x00, 0x00, 0x00, 0x00, 0x00, 0x00, 0x00, 0x00, 
  0x00, 0x00, 0x00, 0x00, 0x00, 0x00, 0x00, 0x00, 0x00, 0x00, 0x00, 0x00, 0x00, 0x00, 0x00, 0x00, 
  0x00, 0x00, 0x00, 0x00, 0x00, 0x00, 0x00, 0x00, 0x00, 0x00, 0x00, 0x00, 0x00, 0x00, 0x00, 0x00, 
  0x00, 0x00, 0x00, 0x00, 0x00, 0x00, 0x00, 0x00, 0x00, 0x00, 0x00, 0x00, 0x00, 0x00, 0x00, 0x00, 
  0x00, 0x00, 0x00, 0x00, 0x00, 0x00, 0x00, 0x00, 0x00, 0x00, 0x00, 0x00, 0x00, 0x00, 0x00, 0x00, 
  0x00, 0x00, 0x00, 0x00, 0x00, 0x00, 0x00, 0x00, 0x00, 0x00, 0x00, 0x00, 0x00, 0x00, 0x00, 0x00, 
  0x00, 0x00, 0x00, 0x00, 0x00, 0x00, 0x00, 0x00, 0x00, 0x00, 0x00, 0x00, 0x00, 0x00, 0x00, 0x00, 
  0x00, 0x00, 0x00, 0x00, 0x00, 0x00, 0x00, 0x00, 0x00, 0x00, 0x00, 0x00, 0x00, 0x00, 0x00, 0x00, 
  0x00, 0x00, 0x00, 0x00, 0x00, 0x00, 0x00, 0x00, 0x00, 0x00, 0x00, 0x00, 0x00, 0x00, 0x00, 0x00, 
  0x00, 0x00, 0x00, 0x00, 0x00, 0x00, 0x00, 0x00, 0x00, 0x00, 0x00, 0x00, 0x00, 0x00, 0x00, 0x00, 
  0x00, 0x00, 0x00, 0x00, 0x00, 0x00, 0x00, 0x00, 0x00, 0x00, 0x00, 0x00, 0x00, 0x00, 0x00, 0x00, 
  0x00, 0x00, 0x00, 0x00, 0x00, 0x00, 0x00, 0x00, 0x00, 0x00, 0x00, 0x00, 0x00, 0x00, 0x00, 0x00, 
  0x00, 0x00, 0x00, 0x00, 0x00, 0x00, 0x00, 0x00, 0x00, 0x00, 0x00, 0x00, 0x00, 0x00, 0x00, 0x00, 
  0x00, 0x00, 0x00, 0x00, 0x00, 0x00, 0x00, 0x00, 0x00, 0x00, 0x00, 0x00, 0x00, 0x00, 0x00, 0x00, 
  0x00, 0x00, 0x00, 0x00, 0x00, 0x00, 0x00, 0x00, 0x00, 0x00, 0x00, 0x00, 0x00, 0x00, 0x00, 0x00, 
  0x00, 0x00, 0x00, 0x00, 0x00, 0x00, 0x00, 0x00, 0x00, 0x00, 0x00, 0x00, 0x00, 0x00, 0x00, 0x00, 
  0x00, 0x00, 0x00, 0x00, 0x00, 0x00, 0x00, 0x00, 0x00, 0x00, 0x00, 0x00, 0x00, 0x00, 0x00, 0x00, 
  0x00, 0x00, 0x00, 0x00, 0x00, 0x00, 0x00, 0x00, 0x00, 0x00, 0x00, 0x00, 0x00, 0x00, 0x00, 0x00, 
  0x00, 0x00, 0x00, 0x00, 0x00, 0x00, 0x00, 0x00, 0x00, 0x00, 0x00, 0x00, 0x00, 0x00, 0x00, 0x00, 
  0x00, 0x00, 0x00, 0x00, 0x00, 0x00, 0x00, 0x00, 0x00, 0x00, 0x00, 0x00, 0x00, 0x00, 0x00, 0x00, 
  0x00, 0x00, 0x00, 0x00, 0x00, 0x00, 0x00, 0x00, 0x00, 0x00, 0x00, 0x00, 0x00, 0x00, 0x00, 0x00, 
  0x00, 0x00, 0x00, 0x00, 0x00, 0x00, 0x00, 0x00, 0x00, 0x00, 0x00, 0x00, 0x00, 0x00, 0x00, 0x00, 
  0x00, 0x00, 0x00, 0x00, 0x00, 0x00, 0x00, 0x00, 0x00, 0x00, 0x00, 0x00, 0x00, 0x00, 0x00, 0x00, 
  0x00, 0x00, 0x00, 0x00, 0x00, 0x00, 0x00, 0x00, 0x00, 0x00, 0x00, 0x00, 0x00, 0x00, 0x00, 0x00, 
  0x00, 0x00, 0x00, 0x00, 0x00, 0x00, 0x00, 0x00, 0x00, 0x00, 0x00, 0x00, 0x00, 0x00, 0x00, 0x00, 
  0x00, 0x00, 0x00, 0x00, 0x00, 0x00, 0x00, 0x00, 0x00, 0x00, 0x00, 0x00, 0x00, 0x00, 0x00, 0x00, 
  0x00, 0x00, 0x00, 0x00, 0x00, 0x00, 0x00, 0x00, 0x00, 0x00, 0x00, 0x00, 0x00, 0x00, 0x00, 0x00, 
  0x00, 0x00, 0x00, 0x00, 0x00, 0x00, 0x00, 0x00, 0x00, 0x00, 0x00, 0x00, 0x00, 0x00, 0x00, 0x00, 
  0x00, 0x00, 0x00, 0x00, 0x00, 0x00, 0x00, 0x00, 0x00, 0x00, 0x00, 0x00, 0x00, 0x00, 0x00, 0x00, 
  0x00, 0x00, 0x00, 0x00, 0x00, 0x00, 0x00, 0x00, 0x00, 0x00, 0x00, 0x00, 0x00, 0x00, 0x00, 0x00, 
  0x00, 0x00, 0x00, 0x00, 0x00, 0x00, 0x00, 0x00, 0x00, 0x00, 0x00, 0x00, 0x00, 0x00, 0x00, 0x00, 
  0x00, 0x00, 0x00, 0x00, 0x00, 0x00, 0x00, 0x00, 0x00, 0x00, 0x00, 0x00, 0x00, 0x00, 0x00, 0x00, 
  0x00, 0x00, 0x00, 0x00, 0x00, 0x00, 0x00, 0x00, 0x00, 0x00, 0x00, 0x00, 0x00, 0x00, 0x00, 0x00, 
  0x00, 0x00, 0x00, 0x00, 0x00, 0x00, 0x00, 0x00, 0x00, 0x00, 0x00, 0x00, 0x00, 0x00, 0x00, 0x00, 
  0x00, 0x00, 0x00, 0x00, 0x00, 0x00, 0x00, 0x00, 0x00, 0x00, 0x00, 0x00, 0x00, 0x00, 0x00, 0x00, 
  0x00, 0x00, 0x00, 0x00, 0x00, 0x00, 0x00, 0x00, 0x00, 0x00, 0x00, 0x00, 0x00, 0x00, 0x00, 0x00, 
  0x00, 0x00, 0x00, 0x00, 0x00, 0x00, 0x00, 0x00, 0x00, 0x00, 0x00, 0x00, 0x00, 0x00, 0x00, 0x00, 
  0x00, 0x00, 0x00, 0x00, 0x00, 0x00, 0x00, 0x00, 0x00, 0x00, 0x00, 0x00, 0x00, 0x00, 0x00, 0x00, 
  0x00, 0x00, 0x00, 0x00, 0x00, 0x00, 0x00, 0x00, 0x00, 0x00, 0x00, 0x00, 0x00, 0x00, 0x00, 0x00, 
  0x00, 0x00, 0x00, 0x00, 0x00, 0x00, 0x00, 0x00, 0x00, 0x00, 0x00, 0x00, 0x00, 0x00, 0x00, 0x00, 
  0x00, 0x00, 0x00, 0x00, 0x00, 0x00, 0x00, 0x00, 0x00, 0x00, 0x00, 0x00, 0x00, 0x00, 0x00, 0x00, 
  0x00, 0x00, 0x00, 0x00, 0x00, 0x00, 0x00, 0x00, 0x00, 0x00, 0x00, 0x00, 0x00, 0x00, 0x00, 0x00, 
  0x00, 0x00, 0x00, 0x00, 0x00, 0x00, 0x00, 0x00, 0x00, 0x00, 0x00, 0x00, 0x00, 0x00, 0x00, 0x00, 
  0x00, 0x00, 0x00, 0x00, 0x00, 0x00, 0x00, 0x00, 0x00, 0x00, 0x00, 0x00, 0x00, 0x00, 0x00, 0x00, 
  0x00, 0x00, 0x00, 0x00, 0x00, 0x00, 0x00, 0x00, 0x00, 0x00, 0x00, 0x00, 0x00, 0x00, 0x00, 0x00, 
  0x00, 0x00, 0x00, 0x00, 0x00, 0x00, 0x00, 0x00, 0x00, 0x00, 0x00, 0x00, 0x00, 0x00, 0x00, 0x00, 
  0x00, 0x00, 0x00, 0x00, 0x00, 0x00, 0x00, 0x00, 0x00, 0x00, 0x00, 0x00, 0x00, 0x00, 0x00, 0x00, 
  0x00, 0x00, 0x00, 0x00, 0x00, 0x00, 0x00, 0x00, 0x00, 0x00, 0x00, 0x00, 0x00, 0x00, 0x00, 0x00, 
  0x00, 0x00, 0x00, 0x00, 0x00, 0x00, 0x00, 0x00, 0x00, 0x00, 0x00, 0x00, 0x00, 0x00, 0x00, 0x00, 
  0x00, 0x00, 0x00, 0x00, 0x00, 0x00, 0x00, 0x00, 0x00, 0x00, 0x00, 0x00, 0x00, 0x00, 0x00, 0x00, 
  0x00, 0x00, 0x00, 0x00, 0x00, 0x00, 0x00, 0x00, 0x00, 0x00, 0x00, 0x00, 0x00, 0x00, 0x00, 0x00, 
  0x00, 0x00, 0x00, 0x00, 0x00, 0x00, 0x00, 0x00, 0x00, 0x00, 0x00, 0x00, 0x00, 0x00, 0x00, 0x00, 
  0x00, 0x00, 0x00, 0x00, 0x00, 0x00, 0x00, 0x00, 0x00, 0x00, 0x00, 0x00, 0x00, 0x00, 0x00, 0x00, 
  0x00, 0x00, 0x00, 0x00, 0x00, 0x00, 0x00, 0x00, 0x00, 0x00, 0x00, 0x00, 0x00, 0x00, 0x00, 0x00, 
  0x00, 0x00, 0x00, 0x00, 0x00, 0x00, 0x00, 0x00, 0x00, 0x00, 0x00, 0x00, 0x00, 0x00, 0x00, 0x00, 
  0x00, 0x00, 0x00, 0x00, 0x00, 0x00, 0x00, 0x00, 0x00, 0x00, 0x00, 0x00, 0x00, 0x00, 0x00, 0x00, 
  0x00, 0x00, 0x00, 0x00, 0x00, 0x00, 0x00, 0x00, 0x00, 0x00, 0x00, 0x00, 0x00, 0x00, 0x00, 0x00, 
  0x00, 0x00, 0x00, 0x00, 0x00, 0x00, 0x00, 0x00, 0x00, 0x00, 0x00, 0x00, 0x00, 0x00, 0x00, 0x00, 
  0x00, 0x00, 0x00, 0x00, 0x00, 0x00, 0x00, 0x00, 0x00, 0x00, 0x00, 0x00, 0x00, 0x00, 0x00, 0x00, 
  0x00, 0x00, 0x00, 0x00, 0x00, 0x00, 0x00, 0x00, 0x00, 0x00, 0x00, 0x00, 0x00, 0x00, 0x00, 0x00, 
  0x00, 0x00, 0x00, 0x00, 0x00, 0x00, 0x00, 0x00, 0x00, 0x00, 0x00, 0x00, 0x00, 0x00, 0x00, 0x00, 
  0x00, 0x00, 0x00, 0x00, 0x00, 0x00, 0x00, 0x00, 0x00, 0x00, 0x00, 0x00, 0x00, 0x00, 0x00, 0x00, 
  0x00, 0x00, 0x00, 0x00, 0x00, 0x00, 0x00, 0x00, 0x00, 0x00, 0x00, 0x00, 0x00, 0x00, 0x00, 0x00, 
  0x00, 0x00, 0x00, 0x00, 0x00, 0x00, 0x00, 0x00, 0x00, 0x00, 0x00, 0x00, 0x00, 0x00, 0x00, 0x00, 
  0x00, 0x00, 0x00, 0x00, 0x00, 0x00, 0x00, 0x00, 0x00, 0x00, 0x00, 0x00, 0x00, 0x00, 0x00, 0x00, 
  0x00, 0x00, 0x00, 0x00, 0x00, 0x00, 0x00, 0x00, 0x00, 0x00, 0x00, 0x00, 0x00, 0x00, 0x00, 0x00, 
  0x00, 0x00, 0x00, 0x00, 0x00, 0x00, 0x00, 0x00, 0x00, 0x00, 0x00, 0x00, 0x00, 0x00, 0x00, 0x00, 
  0x00, 0x00, 0x00, 0x00, 0x00, 0x00, 0x00, 0x00, 0x00, 0x00, 0x00, 0x00, 0x00, 0x00, 0x00, 0x00, 
  0x00, 0x00, 0x00, 0x00, 0x00, 0x00, 0x00, 0x00, 0x00, 0x00, 0x00, 0x00, 0x00, 0x00, 0x00, 0x00, 
  0x00, 0x00, 0x00, 0x00, 0x00, 0x00, 0x00, 0x00, 0x00, 0x00, 0x00, 0x00, 0x00, 0x00, 0x00, 0x00, 
  0x00, 0x00, 0x00, 0x00, 0x00, 0x00, 0x00, 0x00, 0x00, 0x00, 0x00, 0x00, 0x00, 0x00, 0x00, 0x00, 
  0x00, 0x00, 0x00, 0x00, 0x00, 0x00, 0x00, 0x00, 0x00, 0x00, 0x00, 0x00, 0x00, 0x00, 0x00, 0x00, 
  0x00, 0x00, 0x00, 0x00, 0x00, 0x00, 0x00, 0x00, 0x00, 0x00, 0x00, 0x00, 0x00, 0x00, 0x00, 0x00, 
  0x00, 0x00, 0x00, 0x00, 0x00, 0x00, 0x00, 0x00, 0x00, 0x00, 0x00, 0x00, 0x00, 0x00, 0x00, 0x00, 
  0x00, 0x00, 0x00, 0x00, 0x00, 0x00, 0x00, 0x00, 0x00, 0x00, 0x00, 0x00, 0x00, 0x00, 0x00, 0x00, 
  0x00, 0x00, 0x00, 0x00, 0x00, 0x00, 0x00, 0x00, 0x00, 0x00, 0x00, 0x00, 0x00, 0x00, 0x00, 0x00, 
  0x00, 0x00, 0x00, 0x00, 0x00, 0x00, 0x00, 0x00, 0x00, 0x00, 0x00, 0x00, 0x00, 0x00, 0x00, 0x00, 
  0x00, 0x00, 0x00, 0x00, 0x00, 0x00, 0x00, 0x00, 0x00, 0x00, 0x00, 0x00, 0x00, 0x00, 0x00, 0x00, 
  0x00, 0x00, 0x00, 0x00, 0x00, 0x00, 0x00, 0x00, 0x00, 0x00, 0x00, 0x00, 0x00, 0x00, 0x00, 0x00, 
  0x00, 0x00, 0x00, 0x00, 0x00, 0x00, 0x00, 0x00, 0x00, 0x00, 0x00, 0x00, 0x00, 0x00, 0x00, 0x00, 
  0x00, 0x00, 0x00, 0x00, 0x00, 0x00, 0x00, 0x00, 0x00, 0x00, 0x00, 0x00, 0x00, 0x00, 0x00, 0x00, 
  0x00, 0x00, 0x00, 0x00, 0x00, 0x00, 0x00, 0x00, 0x00, 0x00, 0x00, 0x00, 0x00, 0x00, 0x00, 0x00, 
  0x00, 0x00, 0x00, 0x00, 0x00, 0x00, 0x00, 0x00, 0x00, 0x00, 0x00, 0x00, 0x00, 0x00, 0x00, 0x00, 
  0x00, 0x00, 0x00, 0x00, 0x00, 0x00, 0x00, 0x00, 0x00, 0x00, 0x00, 0x00, 0x00, 0x00, 0x00, 0x00, 
  0x00, 0x00, 0x00, 0x00, 0x00, 0x00, 0x00, 0x00, 0x00, 0x00, 0x00, 0x00, 0x00, 0x00, 0x00, 0x00, 
  0x00, 0x00, 0x00, 0x00, 0x00, 0x00, 0x00, 0x00, 0x00, 0x00, 0x00, 0x00, 0x00, 0x00, 0x00, 0x00, 
  0x00, 0x00, 0x00, 0x00, 0x00, 0x00, 0x00, 0x00, 0x00, 0x00, 0x00, 0x00, 0x00, 0x00, 0x00, 0x00, 
  0x00, 0x00, 0x00, 0x00, 0x00, 0x00, 0x00, 0x00, 0x00, 0x00, 0x00, 0x00, 0x00, 0x00, 0x00, 0x00, 
  0x00, 0x00, 0x00, 0x00, 0x00, 0x00, 0x00, 0x00, 0x00, 0x00, 0x00, 0x00, 0x00, 0x00, 0x00, 0x00, 
  0x00, 0x00, 0x00, 0x00, 0x00, 0x00, 0x00, 0x00, 0x00, 0x00, 0x00, 0x00, 0x00, 0x00, 0x00, 0x00, 
  0x00, 0x00, 0x00, 0x00, 0x00, 0x00, 0x00, 0x00, 0x00, 0x00, 0x00, 0x00, 0x00, 0x00, 0x00, 0x00, 
  0x00, 0x00, 0x00, 0x00, 0x00, 0x00, 0x00, 0x00, 0x00, 0x00, 0x00, 0x00, 0x00, 0x00, 0x00, 0x00, 
  0x00, 0x00, 0x00, 0x00, 0x00, 0x00, 0x00, 0x00, 0x00, 0x00, 0x00, 0x00, 0x00, 0x00, 0x00, 0x00, 
  0x00, 0x00, 0x00, 0x00, 0x00, 0x00, 0x00, 0x00, 0x00, 0x00, 0x00, 0x00, 0x00, 0x00, 0x00, 0x00, 
  0x00, 0x00, 0x00, 0x00, 0x00, 0x00, 0x00, 0x00, 0x00, 0x00, 0x00, 0x00, 0x00, 0x00, 0x00, 0x00, 
  0x00, 0x00, 0x00, 0x00, 0x00, 0x00, 0x00, 0x00, 0x00, 0x00, 0x00, 0x00, 0x00, 0x00, 0x00, 0x00, 
  0x00, 0x00, 0x00, 0x00, 0x00, 0x00, 0x00, 0x00, 0x00, 0x00, 0x00, 0x00, 0x00, 0x00, 0x00, 0x00, 
  0x00, 0x00, 0x00, 0x00, 0x00, 0x00, 0x00, 0x00, 0x00, 0x00, 0x00, 0x00, 0x00, 0x00, 0x00, 0x00, 
  0x00, 0x00, 0x00, 0x00, 0x00, 0x00, 0x00, 0x00, 0x00, 0x00, 0x00, 0x00, 0x00, 0x00, 0x00, 0x00, 
  0x00, 0x00, 0x00, 0x00, 0x00, 0x00, 0x00, 0x00, 0x00, 0x00, 0x00, 0x00, 0x00, 0x00, 0x00, 0x00, 
  0x00, 0x00, 0x00, 0x00, 0x00, 0x00, 0x00, 0x00, 0x00, 0x00, 0x00, 0x00, 0x00, 0x00, 0x00, 0x00, 
  0x00, 0x00, 0x00, 0x00, 0x00, 0x00, 0x00, 0x00, 0x00, 0x00, 0x00, 0x00, 0x00, 0x00, 0x00, 0x00, 
  0x00, 0x00, 0x00, 0x00, 0x00, 0x00, 0x00, 0x00, 0x00, 0x00, 0x00, 0x00, 0x00, 0x00, 0x00, 0x00, 
  0x00, 0x00, 0x00, 0x00, 0x00, 0x00, 0x00, 0x00, 0x00, 0x00, 0x00, 0x00, 0x00, 0x00, 0x00, 0x00, 
  0x00, 0x00, 0x00, 0x00, 0x00, 0x00, 0x00, 0x00, 0x00, 0x00, 0x00, 0x00, 0x00, 0x00, 0x00, 0x00, 
  0x00, 0x00, 0x00, 0x00, 0x00, 0x00, 0x00, 0x00, 0x00, 0x00, 0x00, 0x00, 0x00, 0x00, 0x00, 0x00, 
  0x00, 0x00, 0x00, 0x00, 0x00, 0x00, 0x00, 0x00, 0x00, 0x00, 0x00, 0x00, 0x00, 0x00, 0x00, 0x00, 
  0x00, 0x00, 0x00, 0x00, 0x00, 0x00, 0x00, 0x00, 0x00, 0x00, 0x00, 0x00, 0x00, 0x00, 0x00, 0x00, 
  0x00, 0x00, 0x00, 0x00, 0x00, 0x00, 0x00, 0x00, 0x00, 0x00, 0x00, 0x00, 0x00, 0x00, 0x00, 0x00, 
  0x00, 0x00, 0x00, 0x00, 0x00, 0x00, 0x00, 0x00, 0x00, 0x00, 0x00, 0x00, 0x00, 0x00, 0x00, 0x00, 
  0x00, 0x00, 0x00, 0x00, 0x00, 0x00, 0x00, 0x00, 0x00, 0x00, 0x00, 0x00, 0x00, 0x00, 0x00, 0x00, 
  0x00, 0x00, 0x00, 0x00, 0x00, 0x00, 0x00, 0x00, 0x00, 0x00, 0x00, 0x00, 0x00, 0x00, 0x00, 0x00, 
  0x00, 0x00, 0x00, 0x00, 0x00, 0x00, 0x00, 0x00, 0x00, 0x00, 0x00, 0x00, 0x00, 0x00, 0x00, 0x00, 
  0x00, 0x00, 0x00, 0x00, 0x00, 0x00, 0x00, 0x00, 0x00, 0x00, 0x00, 0x00, 0x00, 0x00, 0x00, 0x00, 
  0x00, 0x00, 0x00, 0x00, 0x00, 0x00, 0x00, 0x00, 0x00, 0x00, 0x00, 0x00, 0x00, 0x00, 0x00, 0x00, 
  0x00, 0x00, 0x00, 0x00, 0x00, 0x00, 0x00, 0x00, 0x00, 0x00, 0x00, 0x00, 0x00, 0x00, 0x00, 0x00, 
  0x00, 0x00, 0x00, 0x00, 0x00, 0x00, 0x00, 0x00, 0x00, 0x00, 0x00, 0x00, 0x00, 0x00, 0x00, 0x00, 
  0x00, 0x00, 0x00, 0x00, 0x00, 0x00, 0x00, 0x00, 0x00, 0x00, 0x00, 0x00, 0x00, 0x00, 0x00, 0x00, 
  0x00, 0x00, 0x00, 0x00, 0x00, 0x00, 0x00, 0x00, 0x00, 0x00, 0x00, 0x00, 0x00, 0x00, 0x00, 0x00, 
  0x00, 0x00, 0x00, 0x00, 0x00, 0x00, 0x00, 0x00, 0x00, 0x00, 0x00, 0x00, 0x00, 0x00, 0x00, 0x00, 
  0x00, 0x00, 0x00, 0x00, 0x00, 0x00, 0x00, 0x00, 0x00, 0x00, 0x00, 0x00, 0x00, 0x00, 0x00, 0x00, 
  0x00, 0x00, 0x00, 0x00, 0x00, 0x00, 0x00, 0x00, 0x00, 0x00, 0x00, 0x00, 0x00, 0x00, 0x00, 0x00, 
  0x00, 0x00, 0x00, 0x00, 0x00, 0x00, 0x00, 0x00, 0x00, 0x00, 0x00, 0x00, 0x00, 0x00, 0x00, 0x00, 
  0x00, 0x00, 0x00, 0x00, 0x00, 0x00, 0x00, 0x00, 0x00, 0x00, 0x00, 0x00, 0x00, 0x00, 0x00, 0x00, 
  0x00, 0x00, 0x00, 0x00, 0x00, 0x00, 0x00, 0x00, 0x00, 0x00, 0x00, 0x00, 0x00, 0x00, 0x00, 0x00, 
  0x00, 0x00, 0x00, 0x00, 0x00, 0x00, 0x00, 0x00, 0x00, 0x00, 0x00, 0x00, 0x00, 0x00, 0x00, 0x00, 
  0x00, 0x00, 0x00, 0x00, 0x00, 0x00, 0x00, 0x00, 0x00, 0x00, 0x00, 0x00, 0x00, 0x00, 0x00, 0x00, 
  0x00, 0x00, 0x00, 0x00, 0x00, 0x00, 0x00, 0x00, 0x00, 0x00, 0x00, 0x00, 0x00, 0x00, 0x00, 0x00, 
  0x00, 0x00, 0x00, 0x00, 0x00, 0x00, 0x00, 0x00, 0x00, 0x00, 0x00, 0x00, 0x00, 0x00, 0x00, 0x00, 
  0x00, 0x00, 0x00, 0x00, 0x00, 0x00, 0x00, 0x00, 0x00, 0x00, 0x00, 0x00, 0x00, 0x00, 0x00, 0x00, 
  0x00, 0x00, 0x00, 0x00, 0x00, 0x00, 0x00, 0x00, 0x00, 0x00, 0x00, 0x00, 0x00, 0x00, 0x00, 0x00, 
  0x00, 0x00, 0x00, 0x00, 0x00, 0x00, 0x00, 0x00, 0x00, 0x00, 0x00, 0x00, 0x00, 0x00, 0x00, 0x00, 
  0x00, 0x00, 0x00, 0x00, 0x00, 0x00, 0x00, 0x00, 0x00, 0x00, 0x00, 0x00, 0x00, 0x00, 0x00, 0x00, 
  0x00, 0x00, 0x00, 0x00, 0x00, 0x00, 0x00, 0x00, 0x00, 0x00, 0x00, 0x00, 0x00, 0x00, 0x00, 0x00, 
  0x00, 0x00, 0x00, 0x00, 0x00, 0x00, 0x00, 0x00, 0x00, 0x00, 0x00, 0x00, 0x00, 0x00, 0x00, 0x00, 
  0x00, 0x00, 0x00, 0x00, 0x00, 0x00, 0x00, 0x00, 0x00, 0x00, 0x00, 0x00, 0x00, 0x00, 0x00, 0x00, 
  0x00, 0x00, 0x00, 0x00, 0x00, 0x00, 0x00, 0x00, 0x00, 0x00, 0x00, 0x00, 0x00, 0x00, 0x00, 0x00, 
  0x00, 0x00, 0x00, 0x00, 0x00, 0x00, 0x00, 0x00, 0x00, 0x00, 0x00, 0x00, 0x00, 0x00, 0x00, 0x00, 
  0x00, 0x00, 0x00, 0x00, 0x00, 0x00, 0x00, 0x00, 0x00, 0x00, 0x00, 0x00, 0x00, 0x00, 0x00, 0x00, 
  0x00, 0x00, 0x00, 0x00, 0x00, 0x00, 0x00, 0x00, 0x00, 0x00, 0x00, 0x00, 0x00, 0x00, 0x00, 0x00, 
  0x00, 0x00, 0x00, 0x00, 0x00, 0x00, 0x00, 0x00, 0x00, 0x00, 0x00, 0x00, 0x00, 0x00, 0x00, 0x00, 
  0x00, 0x00, 0x00, 0x00, 0x00, 0x00, 0x00, 0x00, 0x00, 0x00, 0x00, 0x00, 0x00, 0x00, 0x00, 0x00, 
  0x00, 0x00, 0x00, 0x00, 0x00, 0x00, 0x00, 0x00, 0x00, 0x00, 0x00, 0x00, 0x00, 0x00, 0x00, 0x00, 
  0x00, 0x00, 0x00, 0x00, 0x00, 0x00, 0x00, 0x00, 0x00, 0x00, 0x00, 0x00, 0x00, 0x00, 0x00, 0x00, 
  0x00, 0x00, 0x00, 0x00, 0x00, 0x00, 0x00, 0x00, 0x00, 0x00, 0x00, 0x00, 0x00, 0x00, 0x00, 0x00, 
  0x00, 0x00, 0x00, 0x00, 0x00, 0x00, 0x00, 0x00, 0x00, 0x00, 0x00, 0x00, 0x00, 0x00, 0x00, 0x00, 
  0x00, 0x00, 0x00, 0x00, 0x00, 0x00, 0x00, 0x00, 0x00, 0x00, 0x00, 0x00, 0x00, 0x00, 0x00, 0x00, 
  0x00, 0x00, 0x00, 0x00, 0x00, 0x00, 0x00, 0x00, 0x00, 0x00, 0x00, 0x00, 0x00, 0x00, 0x00, 0x00, 
  0x00, 0x00, 0x00, 0x00, 0x00, 0x00, 0x00, 0x00, 0x00, 0x00, 0x00, 0x00, 0x00, 0x00, 0x00, 0x00, 
  0x00, 0x00, 0x00, 0x00, 0x00, 0x00, 0x00, 0x00, 0x00, 0x00, 0x00, 0x00, 0x00, 0x00, 0x00, 0x00, 
  0x00, 0x00, 0x00, 0x00, 0x00, 0x00, 0x00, 0x00, 0x00, 0x00, 0x00, 0x00, 0x00, 0x00, 0x00, 0x00, 
  0x00, 0x00, 0x00, 0x00, 0x00, 0x00, 0x00, 0x00, 0x00, 0x00, 0x00, 0x00, 0x00, 0x00, 0x00, 0x00, 
  0x00, 0x00, 0x00, 0x00, 0x00, 0x00, 0x00, 0x00, 0x00, 0x00, 0x00, 0x00, 0x00, 0x00, 0x00, 0x00, 
  0x00, 0x00, 0x00, 0x00, 0x00, 0x00, 0x00, 0x00, 0x00, 0x00, 0x00, 0x00, 0x00, 0x00, 0x00, 0x00, 
  0x00, 0x00, 0x00, 0x00, 0x00, 0x00, 0x00, 0x00, 0x00, 0x00, 0x00, 0x00, 0x00, 0x00, 0x00, 0x00, 
  0x00, 0x00, 0x00, 0x00, 0x00, 0x00, 0x00, 0x00, 0x00, 0x00, 0x00, 0x00, 0x00, 0x00, 0x00, 0x00, 
  0x00, 0x00, 0x00, 0x00, 0x00, 0x00, 0x00, 0x00, 0x00, 0x00, 0x00, 0x00, 0x00, 0x00, 0x00, 0x00, 
  0x00, 0x00, 0x00, 0x00, 0x00, 0x00, 0x00, 0x00, 0x00, 0x00, 0x00, 0x00, 0x00, 0x00, 0x00, 0x00, 
  0x00, 0x00, 0x00, 0x00, 0x00, 0x00, 0x00, 0x00, 0x00, 0x00, 0x00, 0x00, 0x00, 0x00, 0x00, 0x00, 
  0x00, 0x00, 0x00, 0x00, 0x00, 0x00, 0x00, 0x00, 0x00, 0x00, 0x00, 0x00, 0x00, 0x00, 0x00, 0x00, 
  0x00, 0x00, 0x00, 0x00, 0x00, 0x00, 0x00, 0x00, 0x00, 0x00, 0x00, 0x00, 0x00, 0x00, 0x00, 0x00, 
  0x00, 0x00, 0x00, 0x00, 0x00, 0x00, 0x00, 0x00, 0x00, 0x00, 0x00, 0x00, 0x00, 0x00, 0x00, 0x00, 
  0x00, 0x00, 0x00, 0x00, 0x00, 0x00, 0x00, 0x00, 0x00, 0x00, 0x00, 0x00, 0x00, 0x00, 0x00, 0x00, 
  0x00, 0x00, 0x00, 0x00, 0x00, 0x00, 0x00, 0x00, 0x00, 0x00, 0x00, 0x00, 0x00, 0x00, 0x00, 0x00, 
  0x00, 0x00, 0x00, 0x00, 0x00, 0x00, 0x00, 0x00, 0x00, 0x00, 0x00, 0x00, 0x00, 0x00, 0x00, 0x00, 
  0x00, 0x00, 0x00, 0x00, 0x00, 0x00, 0x00, 0x00, 0x00, 0x00, 0x00, 0x00, 0x00, 0x00, 0x00, 0x00, 
  0x00, 0x00, 0x00, 0x00, 0x00, 0x00, 0x00, 0x00, 0x00, 0x00, 0x00, 0x00, 0x00, 0x00, 0x00, 0x00, 
  0x00, 0x00, 0x00, 0x00, 0x00, 0x00, 0x00, 0x00, 0x00, 0x00, 0x00, 0x00, 0x00, 0x00, 0x00, 0x00, 
  0x00, 0x00, 0x00, 0x00, 0x00, 0x00, 0x00, 0x00, 0x00, 0x00, 0x00, 0x00, 0x00, 0x00, 0x00, 0x00, 
  0x00, 0x00, 0x00, 0x00, 0x00, 0x00, 0x00, 0x00, 0x00, 0x00, 0x00, 0x00, 0x00, 0x00, 0x00, 0x00, 
  0x00, 0x00, 0x00, 0x00, 0x00, 0x00, 0x00, 0x00, 0x00, 0x00, 0x00, 0x00, 0x00, 0x00, 0x00, 0x00, 
  0x00, 0x00, 0x00, 0x00, 0x00, 0x00, 0x00, 0x00, 0x00, 0x00, 0x00, 0x00, 0x00, 0x00, 0x00, 0x00, 
  0x00, 0x00, 0x00, 0x00, 0x00, 0x00, 0x00, 0x00, 0x00, 0x00, 0x00, 0x00, 0x00, 0x00, 0x00, 0x00, 
  0x00, 0x00, 0x00, 0x00, 0x00, 0x00, 0x00, 0x00, 0x00, 0x00, 0x00, 0x00, 0x00, 0x00, 0x00, 0x00, 
  0x00, 0x00, 0x00, 0x00, 0x00, 0x00, 0x00, 0x00, 0x00, 0x00, 0x00, 0x00, 0x00, 0x00, 0x00, 0x00, 
  0x00, 0x00, 0x00, 0x00, 0x00, 0x00, 0x00, 0x00, 0x00, 0x00, 0x00, 0x00, 0x00, 0x00, 0x00, 0x00, 
  0x00, 0x00, 0x00, 0x00, 0x00, 0x00, 0x00, 0x00, 0x00, 0x00, 0x00, 0x00, 0x00, 0x00, 0x00, 0x00, 
  0x00, 0x00, 0x00, 0x00, 0x00, 0x00, 0x00, 0x00, 0x00, 0x00, 0x00, 0x00, 0x00, 0x00, 0x00, 0x00, 
  0x00, 0x00, 0x00, 0x00, 0x00, 0x00, 0x00, 0x00, 0x00, 0x00, 0x00, 0x00, 0x00, 0x00, 0x00, 0x00, 
  0x00, 0x00, 0x00, 0x00, 0x00, 0x00, 0x00, 0x00, 0x00, 0x00, 0x00, 0x00, 0x00, 0x00, 0x00, 0x00, 
  0x00, 0x00, 0x00, 0x00, 0x00, 0x00, 0x00, 0x00, 0x00, 0x00, 0x00, 0x00, 0x00, 0x00, 0x00, 0x00, 
  0x00, 0x00, 0x00, 0x00, 0x00, 0x00, 0x00, 0x00, 0x00, 0x00, 0x00, 0x00, 0x00, 0x00, 0x00, 0x00, 
  0x00, 0x00, 0x00, 0x00, 0x00, 0x00, 0x00, 0x00, 0x00, 0x00, 0x00, 0x00, 0x00, 0x00, 0x00, 0x00, 
  0x00, 0x00, 0x00, 0x00, 0x00, 0x00, 0x00, 0x00, 0x00, 0x00, 0x00, 0x00, 0x00, 0x00, 0x00, 0x00, 
  0x00, 0x00, 0x00, 0x00, 0x00, 0x00, 0x00, 0x00, 0x00, 0x00, 0x00, 0x00, 0x00, 0x00, 0x00, 0x00, 
  0x00, 0x00, 0x00, 0x00, 0x00, 0x00, 0x00, 0x00, 0x00, 0x00, 0x00, 0x00, 0x00, 0x00, 0x00, 0x00, 
  0x00, 0x00, 0x00, 0x00, 0x00, 0x00, 0x00, 0x00, 0x00, 0x00, 0x00, 0x00, 0x00, 0x00, 0x00, 0x00, 
  0x00, 0x00, 0x00, 0x00, 0x00, 0x00, 0x00, 0x00, 0x00, 0x00, 0x00, 0x00, 0x00, 0x00, 0x00, 0x00, 
  0x00, 0x00, 0x00, 0x00, 0x00, 0x00, 0x00, 0x00, 0x00, 0x00, 0x00, 0x00, 0x00, 0x00, 0x00, 0x00, 
  0x00, 0x00, 0x00, 0x00, 0x00, 0x00, 0x00, 0x00, 0x00, 0x00, 0x00, 0x00, 0x00, 0x00, 0x00, 0x00, 
  0x00, 0x00, 0x00, 0x00, 0x00, 0x00, 0x00, 0x00, 0x00, 0x00, 0x00, 0x00, 0x00, 0x00, 0x00, 0x00, 
  0x00, 0x00, 0x00, 0x00, 0x00, 0x00, 0x00, 0x00, 0x00, 0x00, 0x00, 0x00, 0x00, 0x00, 0x00, 0x00, 
  0x00, 0x00, 0x00, 0x00, 0x00, 0x00, 0x00, 0x00, 0x00, 0x00, 0x00, 0x00, 0x00, 0x00, 0x00, 0x00, 
  0x00, 0x00, 0x00, 0x00, 0x00, 0x00, 0x00, 0x00, 0x00, 0x00, 0x00, 0x00, 0x00, 0x00, 0x00, 0x00, 
  0x00, 0x00, 0x00, 0x00, 0x00, 0x00, 0x00, 0x00, 0x00, 0x00, 0x00, 0x00, 0x00, 0x00, 0x00, 0x00, 
  0x00, 0x00, 0x00, 0x00, 0x00, 0x00, 0x00, 0x00, 0x00, 0x00, 0x00, 0x00, 0x00, 0x00, 0x00, 0x00, 
  0x00, 0x00, 0x00, 0x00, 0x00, 0x00, 0x00, 0x00, 0x00, 0x00, 0x00, 0x00, 0x00, 0x00, 0x00, 0x00, 
  0x00, 0x00, 0x00, 0x00, 0x00, 0x00, 0x00, 0x00, 0x00, 0x00, 0x00, 0x00, 0x00, 0x00, 0x00, 0x00, 
  0x00, 0x00, 0x00, 0x00, 0x00, 0x00, 0x00, 0x00, 0x00, 0x00, 0x00, 0x00, 0x00, 0x00, 0x00, 0x00, 
  0x00, 0x00, 0x00, 0x00, 0x00, 0x00, 0x00, 0x00, 0x00, 0x00, 0x00, 0x00, 0x00, 0x00, 0x00, 0x00, 
  0x00, 0x00, 0x00, 0x00, 0x00, 0x00, 0x00, 0x00, 0x00, 0x00, 0x00, 0x00, 0x00, 0x00, 0x00, 0x00, 
  0x00, 0x00, 0x00, 0x00, 0x00, 0x00, 0x00, 0x00, 0x00, 0x00, 0x00, 0x00, 0x00, 0x00, 0x00, 0x00, 
  0x00, 0x00, 0x00, 0x00, 0x00, 0x00, 0x00, 0x00, 0x00, 0x00, 0x00, 0x00, 0x00, 0x00, 0x00, 0x00, 
  0x00, 0x00, 0x00, 0x00, 0x00, 0x00, 0x00, 0x00, 0x00, 0x00, 0x00, 0x00, 0x00, 0x00, 0x00, 0x00, 
  0x00, 0x00, 0x00, 0x00, 0x00, 0x00, 0x00, 0x00, 0x00, 0x00, 0x00, 0x00, 0x00, 0x00, 0x00, 0x00, 
  0x00, 0x00, 0x00, 0x00, 0x00, 0x00, 0x00, 0x00, 0x00, 0x00, 0x00, 0x00, 0x00, 0x00, 0x00, 0x00, 
  0x00, 0x00, 0x00, 0x00, 0x00, 0x00, 0x00, 0x00, 0x00, 0x00, 0x00, 0x00, 0x00, 0x00, 0x00, 0x00, 
  0x00, 0x00, 0x00, 0x00, 0x00, 0x00, 0x00, 0x00, 0x00, 0x00, 0x00, 0x00, 0x00, 0x00, 0x00, 0x00, 
  0x00, 0x00, 0x00, 0x00, 0x00, 0x00, 0x00, 0x00, 0x00, 0x00, 0x00, 0x00, 0x00, 0x00, 0x00, 0x00, 
  0x00, 0x00, 0x00, 0x00, 0x00, 0x00, 0x00, 0x00, 0x00, 0x00, 0x00, 0x00, 0x00, 0x00, 0x00, 0x00, 
  0x00, 0x00, 0x00, 0x00, 0x00, 0x00, 0x00, 0x00, 0x00, 0x00, 0x00, 0x00, 0x00, 0x00, 0x00, 0x00, 
  0x00, 0x00, 0x00, 0x00, 0x00, 0x00, 0x00, 0x00, 0x00, 0x00, 0x00, 0x00, 0x00, 0x00, 0x00, 0x00, 
  0x00, 0x00, 0x00, 0x00, 0x00, 0x00, 0x00, 0x00, 0x00, 0x00, 0x00, 0x00, 0x00, 0x00, 0x00, 0x00, 
  0x00, 0x00, 0x00, 0x00, 0x00, 0x00, 0x00, 0x00, 0x00, 0x00, 0x00, 0x00, 0x00, 0x00, 0x00, 0x00, 
  0x00, 0x00, 0x00, 0x00, 0x00, 0x00, 0x00, 0x00, 0x00, 0x00, 0x00, 0x00, 0x00, 0x00, 0x00, 0x00, 
  0x00, 0x00, 0x00, 0x00, 0x00, 0x00, 0x00, 0x00, 0x00, 0x00, 0x00, 0x00, 0x00, 0x00, 0x00, 0x00, 
  0x00, 0x00, 0x00, 0x00, 0x00, 0x00, 0x00, 0x00, 0x00, 0x00, 0x00, 0x00, 0x00, 0x00, 0x00, 0x00, 
  0x00, 0x00, 0x00, 0x00, 0x00, 0x00, 0x00, 0x00, 0x00, 0x00, 0x00, 0x00, 0x00, 0x00, 0x00, 0x00, 
  0x00, 0x00, 0x00, 0x00, 0x00, 0x00, 0x00, 0x00, 0x00, 0x00, 0x00, 0x00, 0x00, 0x00, 0x00, 0x00, 
  0x00, 0x00, 0x00, 0x00, 0x00, 0x00, 0x00, 0x00, 0x00, 0x00, 0x00, 0x00, 0x00, 0x00, 0x00, 0x00, 
  0x00, 0x00, 0x00, 0x00, 0x00, 0x00, 0x00, 0x00, 0x00, 0x00, 0x00, 0x00, 0x00, 0x00, 0x00, 0x00, 
  0x00, 0x00, 0x00, 0x00, 0x00, 0x00, 0x00, 0x00, 0x00, 0x00, 0x00, 0x00, 0x00, 0x00, 0x00, 0x00, 
  0x00, 0x00, 0x00, 0x00, 0x00, 0x00, 0x00, 0x00, 0x00, 0x00, 0x00, 0x00, 0x00, 0x00, 0x00, 0x00, 
  0x00, 0x00, 0x00, 0x00, 0x00, 0x00, 0x00, 0x00, 0x00, 0x00, 0x00, 0x00, 0x00, 0x00, 0x00, 0x00, 
  0x00, 0x00, 0x00, 0x00, 0x00, 0x00, 0x00, 0x00, 0x00, 0x00, 0x00, 0x00, 0x00, 0x00, 0x00, 0x00, 
  0x00, 0x00, 0x00, 0x00, 0x00, 0x00, 0x00, 0x00, 0x00, 0x00, 0x00, 0x00, 0x00, 0x00, 0x00, 0x00, 
  0x00, 0x00, 0x00, 0x00, 0x00, 0x00, 0x00, 0x00, 0x00, 0x00, 0x00, 0x00, 0x00, 0x00, 0x00, 0x00, 
  0x00, 0x00, 0x00, 0x00, 0x00, 0x00, 0x00, 0x00, 0x00, 0x00, 0x00, 0x00, 0x00, 0x00, 0x00, 0x00, 
  0x00, 0x00, 0x00, 0x00, 0x00, 0x00, 0x00, 0x00, 0x00, 0x00, 0x00, 0x00, 0x00, 0x00, 0x00, 0x00, 
  0x00, 0x00, 0x00, 0x00, 0x00, 0x00, 0x00, 0x00, 0x00, 0x00, 0x00, 0x00, 0x00, 0x00, 0x00, 0x00, 
  0x00, 0x00, 0x00, 0x00, 0x00, 0x00, 0x00, 0x00, 0x00, 0x00, 0x00, 0x00, 0x00, 0x00, 0x00, 0x00, 
  0x00, 0x00, 0x00, 0x00, 0x00, 0x00, 0x00, 0x00, 0x00, 0x00, 0x00, 0x00, 0x00, 0x00, 0x00, 0x00, 
  0x00, 0x00, 0x00, 0x00, 0x00, 0x00, 0x00, 0x00, 0x00, 0x00, 0x00, 0x00, 0x00, 0x00, 0x00, 0x00, 
  0x00, 0x00, 0x00, 0x00, 0x00, 0x00, 0x00, 0x00, 0x00, 0x00, 0x00, 0x00, 0x00, 0x00, 0x00, 0x00, 
  0x00, 0x00, 0x00, 0x00, 0x00, 0x00, 0x00, 0x00, 0x00, 0x00, 0x00, 0x00, 0x00, 0x00, 0x00, 0x00, 
  0x00, 0x00, 0x00, 0x00, 0x00, 0x00, 0x00, 0x00, 0x00, 0x00, 0x00, 0x00, 0x00, 0x00, 0x00, 0x00, 
  0x00, 0x00, 0x00, 0x00, 0x00, 0x00, 0x00, 0x00, 0x00, 0x00, 0x00, 0x00, 0x00, 0x00, 0x00, 0x00, 
  0x00, 0x00, 0x00, 0x00, 0x00, 0x00, 0x00, 0x00, 0x00, 0x00, 0x00, 0x00, 0x00, 0x00, 0x00, 0x00, 
  0x00, 0x00, 0x00, 0x00, 0x00, 0x00, 0x00, 0x00, 0x00, 0x00, 0x00, 0x00, 0x00, 0x00, 0x00, 0x00, 
  0x00, 0x00, 0x00, 0x00, 0x00, 0x00, 0x00, 0x00, 0x00, 0x00, 0x00, 0x00, 0x00, 0x00, 0x00, 0x00, 
  0x00, 0x00, 0x00, 0x00, 0x00, 0x00, 0x00, 0x00, 0x00, 0x00, 0x00, 0x00, 0x00, 0x00, 0x00, 0x00, 
  0x00, 0x00, 0x00, 0x00, 0x00, 0x00, 0x00, 0x00, 0x00, 0x00, 0x00, 0x00, 0x00, 0x00, 0x00, 0x00, 
  0x00, 0x00, 0x00, 0x00, 0x00, 0x00, 0x00, 0x00, 0x00, 0x00, 0x00, 0x00, 0x00, 0x00, 0x00, 0x00, 
  0x00, 0x00, 0x00, 0x00, 0x00, 0x00, 0x00, 0x00, 0x00, 0x00, 0x00, 0x00, 0x00, 0x00, 0x00, 0x00, 
  0x00, 0x00, 0x00, 0x00, 0x00, 0x00, 0x00, 0x00, 0x00, 0x00, 0x00, 0x00, 0x00, 0x00, 0x00, 0x00, 
  0x00, 0x00, 0x00, 0x00, 0x00, 0x00, 0x00, 0x00, 0x00, 0x00, 0x00, 0x00, 0x00, 0x00, 0x00, 0x00, 
  0x00, 0x00, 0x00, 0x00, 0x00, 0x00, 0x00, 0x00, 0x00, 0x00, 0x00, 0x00, 0x00, 0x00, 0x00, 0x00, 
  0x00, 0x00, 0x00, 0x00, 0x00, 0x00, 0x00, 0x00, 0x00, 0x00, 0x00, 0x00, 0x00, 0x00, 0x00, 0x00, 
  0x00, 0x00, 0x00, 0x00, 0x00, 0x00, 0x00, 0x00, 0x00, 0x00, 0x00, 0x00, 0x00, 0x00, 0x00, 0x00, 
  0x00, 0x00, 0x00, 0x00, 0x00, 0x00, 0x00, 0x00, 0x00, 0x00, 0x00, 0x00, 0x00, 0x00, 0x00, 0x00, 
  0x00, 0x00, 0x00, 0x00, 0x00, 0x00, 0x00, 0x00, 0x00, 0x00, 0x00, 0x00, 0x00, 0x00, 0x00, 0x00, 
  0x00, 0x00, 0x00, 0x00, 0x00, 0x00, 0x00, 0x00, 0x00, 0x00, 0x00, 0x00, 0x00, 0x00, 0x00, 0x00, 
  0x00, 0x00, 0x00, 0x00, 0x00, 0x00, 0x00, 0x00, 0x00, 0x00, 0x00, 0x00, 0x00, 0x00, 0x00, 0x00, 
  0x00, 0x00, 0x00, 0x00, 0x00, 0x00, 0x00, 0x00, 0x00, 0x00, 0x00, 0x00, 0x00, 0x00, 0x00, 0x00, 
  0x00, 0x00, 0x00, 0x00, 0x00, 0x00, 0x00, 0x00, 0x00, 0x00, 0x00, 0x00, 0x00, 0x00, 0x00, 0x00, 
  0x00, 0x00, 0x00, 0x00, 0x00, 0x00, 0x00, 0x00, 0x00, 0x00, 0x00, 0x00, 0x00, 0x00, 0x00, 0x00, 
  0x00, 0x00, 0x00, 0x00, 0x00, 0x00, 0x00, 0x00, 0x00, 0x00, 0x00, 0x00, 0x00, 0x00, 0x00, 0x00, 
  0x00, 0x00, 0x00, 0x00, 0x00, 0x00, 0x00, 0x00, 0x00, 0x00, 0x00, 0x00, 0x00, 0x00, 0x00, 0x00, 
  0x00, 0x00, 0x00, 0x00, 0x00, 0x00, 0x00, 0x00, 0x00, 0x00, 0x00, 0x00, 0x00, 0x00, 0x00, 0x00, 
  0x00, 0x00, 0x00, 0x00, 0x00, 0x00, 0x00, 0x00, 0x00, 0x00, 0x00, 0x00, 0x00, 0x00, 0x00, 0x00, 
  0x00, 0x00, 0x00, 0x00, 0x00, 0x00, 0x00, 0x00, 0x00, 0x00, 0x00, 0x00, 0x00, 0x00, 0x00, 0x00, 
  0x00, 0x00, 0x00, 0x00, 0x00, 0x00, 0x00, 0x00, 0x00, 0x00, 0x00, 0x00, 0x00, 0x00, 0x00, 0x00, 
  0x00, 0x00, 0x00, 0x00, 0x00, 0x00, 0x00, 0x00, 0x00, 0x00, 0x00, 0x00, 0x00, 0x00, 0x00, 0x00, 
  0x00, 0x00, 0x00, 0x00, 0x00, 0x00, 0x00, 0x00, 0x00, 0x00, 0x00, 0x00, 0x00, 0x00, 0x00, 0x00, 
  0x00, 0x00, 0x00, 0x00, 0x00, 0x00, 0x00, 0x00, 0x00, 0x00, 0x00, 0x00, 0x00, 0x00, 0x00, 0x00, 
  0x00, 0x00, 0x00, 0x00, 0x00, 0x00, 0x00, 0x00, 0x00, 0x00, 0x00, 0x00, 0x00, 0x00, 0x00, 0x00, 
  0x00, 0x00, 0x00, 0x00, 0x00, 0x00, 0x00, 0x00, 0x00, 0x00, 0x00, 0x00, 0x00, 0x00, 0x00, 0x00, 
  0x00, 0x00, 0x00, 0x00, 0x00, 0x00, 0x00, 0x00, 0x00, 0x00, 0x00, 0x00, 0x00, 0x00, 0x00, 0x00, 
  0x00, 0x00, 0x00, 0x00, 0x00, 0x00, 0x00, 0x00, 0x00, 0x00, 0x00, 0x00, 0x00, 0x00, 0x00, 0x00, 
  0x00, 0x00, 0x00, 0x00, 0x00, 0x00, 0x00, 0x00, 0x00, 0x00, 0x00, 0x00, 0x00, 0x00, 0x00, 0x00, 
  0x00, 0x00, 0x00, 0x00, 0x00, 0x00, 0x00, 0x00, 0x00, 0x00, 0x00, 0x00, 0x00, 0x00, 0x00, 0x00, 
  0x00, 0x00, 0x00, 0x00, 0x00, 0x00, 0x00, 0x00, 0x00, 0x00, 0x00, 0x00, 0x00, 0x00, 0x00, 0x00, 
  0x00, 0x00, 0x00, 0x00, 0x00, 0x00, 0x00, 0x00, 0x00, 0x00, 0x00, 0x00, 0x00, 0x00, 0x00, 0x00, 
  0x00, 0x00, 0x00, 0x00, 0x00, 0x00, 0x00, 0x00, 0x00, 0x00, 0x00, 0x00, 0x00, 0x00, 0x00, 0x00, 
  0x00, 0x00, 0x00, 0x00, 0x00, 0x00, 0x00, 0x00, 0x00, 0x00, 0x00, 0x00, 0x00, 0x00, 0x00, 0x00, 
  0x00, 0x00, 0x00, 0x00, 0x00, 0x00, 0x00, 0x00, 0x00, 0x00, 0x00, 0x00, 0x00, 0x00, 0x00, 0x00, 
  0x00, 0x00, 0x00, 0x00, 0x00, 0x00, 0x00, 0x00, 0x00, 0x00, 0x00, 0x00, 0x00, 0x00, 0x00, 0x00, 
  0x00, 0x00, 0x00, 0x00, 0x00, 0x00, 0x00, 0x00, 0x00, 0x00, 0x00, 0x00, 0x00, 0x00, 0x00, 0x00, 
  0x00, 0x00, 0x00, 0x00, 0x00, 0x00, 0x00, 0x00, 0x00, 0x00, 0x00, 0x00, 0x00, 0x00, 0x00, 0x00, 
  0x00, 0x00, 0x00, 0x00, 0x00, 0x00, 0x00, 0x00, 0x00, 0x00, 0x00, 0x00, 0x00, 0x00, 0x00, 0x00, 
  0x00, 0x00, 0x00, 0x00, 0x00, 0x00, 0x00, 0x00, 0x00, 0x00, 0x00, 0x00, 0x00, 0x00, 0x00, 0x00, 
  0x00, 0x00, 0x00, 0x00, 0x00, 0x00, 0x00, 0x00, 0x00, 0x00, 0x00, 0x00, 0x00, 0x00, 0x00, 0x00, 
  0x00, 0x00, 0x00, 0x00, 0x00, 0x00, 0x00, 0x00, 0x00, 0x00, 0x00, 0x00, 0x00, 0x00, 0x00, 0x00, 
  0x00, 0x00, 0x00, 0x00, 0x00, 0x00, 0x00, 0x00, 0x00, 0x00, 0x00, 0x00, 0x00, 0x00, 0x00, 0x00, 
  0x00, 0x00, 0x00, 0x00, 0x00, 0x00, 0x00, 0x00, 0x00, 0x00, 0x00, 0x00, 0x00, 0x00, 0x00, 0x00, 
  0x00, 0x00, 0x00, 0x00, 0x00, 0x00, 0x00, 0x00, 0x00, 0x00, 0x00, 0x00, 0x00, 0x00, 0x00, 0x00, 
  0x00, 0x00, 0x00, 0x00, 0x00, 0x00, 0x00, 0x00, 0x00, 0x00, 0x00, 0x00, 0x00, 0x00, 0x00, 0x00, 
  0x00, 0x00, 0x00, 0x00, 0x00, 0x00, 0x00, 0x00, 0x00, 0x00, 0x00, 0x00, 0x00, 0x00, 0x00, 0x00, 
  0x00, 0x00, 0x00, 0x00, 0x00, 0x00, 0x00, 0x00, 0x00, 0x00, 0x00, 0x00, 0x00, 0x00, 0x00, 0x00, 
  0x00, 0x00, 0x00, 0x00, 0x00, 0x00, 0x00, 0x00, 0x00, 0x00, 0x00, 0x00, 0x00, 0x00, 0x00, 0x00, 
  0x00, 0x00, 0x00, 0x00, 0x00, 0x00, 0x00, 0x00, 0x00, 0x00, 0x00, 0x00, 0x00, 0x00, 0x00, 0x00, 
  0x00, 0x00, 0x00, 0x00, 0x00, 0x00, 0x00, 0x00, 0x00, 0x00, 0x00, 0x00, 0x00, 0x00, 0x00, 0x00, 
  0x00, 0x00, 0x00, 0x00, 0x00, 0x00, 0x00, 0x00, 0x00, 0x00, 0x00, 0x00, 0x00, 0x00, 0x00, 0x00, 
  0x00, 0x00, 0x00, 0x00, 0x00, 0x00, 0x00, 0x00, 0x00, 0x00, 0x00, 0x00, 0x00, 0x00, 0x00, 0x00, 
  0x00, 0x00, 0x00, 0x00, 0x00, 0x00, 0x00, 0x00, 0x00, 0x00, 0x00, 0x00, 0x00, 0x00, 0x00, 0x00, 
  0x00, 0x00, 0x00, 0x00, 0x00, 0x00, 0x00, 0x00, 0x00, 0x00, 0x00, 0x00, 0x00, 0x00, 0x00, 0x00, 
  0x00, 0x00, 0x00, 0x00, 0x00, 0x00, 0x00, 0x00, 0x00, 0x00, 0x00, 0x00, 0x00, 0x00, 0x00, 0x00, 
  0x00, 0x00, 0x00, 0x00, 0x00, 0x00, 0x00, 0x00, 0x00, 0x00, 0x00, 0x00, 0x00, 0x00, 0x00, 0x00, 
  0x00, 0x00, 0x00, 0x00, 0x00, 0x00, 0x00, 0x00, 0x00, 0x00, 0x00, 0x00, 0x00, 0x00, 0x00, 0x00, 
  0x00, 0x00, 0x00, 0x00, 0x00, 0x00, 0x00, 0x00, 0x00, 0x00, 0x00, 0x00, 0x00, 0x00, 0x00, 0x00, 
  0x00, 0x00, 0x00, 0x00, 0x00, 0x00, 0x00, 0x00, 0x00, 0x00, 0x00, 0x00, 0x00, 0x00, 0x00, 0x00, 
  0x00, 0x00, 0x00, 0x00, 0x00, 0x00, 0x00, 0x00, 0x00, 0x00, 0x00, 0x00, 0x00, 0x00, 0x00, 0x00, 
  0x00, 0x00, 0x00, 0x00, 0x00, 0x00, 0x00, 0x00, 0x00, 0x00, 0x00, 0x00, 0x00, 0x00, 0x00, 0x00, 
  0x00, 0x00, 0x00, 0x00, 0x00, 0x00, 0x00, 0x00, 0x00, 0x00, 0x00, 0x00, 0x00, 0x00, 0x00, 0x00, 
  0x00, 0x00, 0x00, 0x00, 0x00, 0x00, 0x00, 0x00, 0x00, 0x00, 0x00, 0x00, 0x00, 0x00, 0x00, 0x00, 
  0x00, 0x00, 0x00, 0x00, 0x00, 0x00, 0x00, 0x00, 0x00, 0x00, 0x00, 0x00, 0x00, 0x00, 0x00, 0x00, 
  0x00, 0x00, 0x00, 0x00, 0x00, 0x00, 0x00, 0x00, 0x00, 0x00, 0x00, 0x00, 0x00, 0x00, 0x00, 0x00, 
  0x00, 0x00, 0x00, 0x00, 0x00, 0x00, 0x00, 0x00, 0x00, 0x00, 0x00, 0x00, 0x00, 0x00, 0x00, 0x00, 
  0x00, 0x00, 0x00, 0x00, 0x00, 0x00, 0x00, 0x00, 0x00, 0x00, 0x00, 0x00, 0x00, 0x00, 0x00, 0x00, 
  0x00, 0x00, 0x00, 0x00, 0x00, 0x00, 0x00, 0x00, 0x00, 0x00, 0x00, 0x00, 0x00, 0x00, 0x00, 0x00, 
  0x00, 0x00, 0x00, 0x00, 0x00, 0x00, 0x00, 0x00, 0x00, 0x00, 0x00, 0x00, 0x00, 0x00, 0x00, 0x00, 
  0x00, 0x00, 0x00, 0x00, 0x00, 0x00, 0x00, 0x00, 0x00, 0x00, 0x00, 0x00, 0x00, 0x00, 0x00, 0x00, 
  0x00, 0x00, 0x00, 0x00, 0x00, 0x00, 0x00, 0x00, 0x00, 0x00, 0x00, 0x00, 0x00, 0x00, 0x00, 0x00, 
  0x00, 0x00, 0x00, 0x00, 0x00, 0x00, 0x00, 0x00, 0x00, 0x00, 0x00, 0x00, 0x00, 0x00, 0x00, 0x00, 
  0x00, 0x00, 0x00, 0x00, 0x00, 0x00, 0x00, 0x00, 0x00, 0x00, 0x00, 0x00, 0x00, 0x00, 0x00, 0x00, 
  0x00, 0x00, 0x00, 0x00, 0x00, 0x00, 0x00, 0x00, 0x00, 0x00, 0x00, 0x00, 0x00, 0x00, 0x00, 0x00, 
  0x00, 0x00, 0x00, 0x00, 0x00, 0x00, 0x00, 0x00, 0x00, 0x00, 0x00, 0x00, 0x00, 0x00, 0x00, 0x00, 
  0x00, 0x00, 0x00, 0x00, 0x00, 0x00, 0x00, 0x00, 0x00, 0x00, 0x00, 0x00, 0x00, 0x00, 0x00, 0x00, 
  0x00, 0x00, 0x00, 0x00, 0x00, 0x00, 0x00, 0x00, 0x00, 0x00, 0x00, 0x00, 0x00, 0x00, 0x00, 0x00, 
  0x00, 0x00, 0x00, 0x00, 0x00, 0x00, 0x00, 0x00, 0x00, 0x00, 0x00, 0x00, 0x00, 0x00, 0x00, 0x00, 
  0x00, 0x00, 0x00, 0x00, 0x00, 0x00, 0x00, 0x00, 0x00, 0x00, 0x00, 0x00, 0x00, 0x00, 0x00, 0x00, 
  0x00, 0x00, 0x00, 0x00, 0x00, 0x00, 0x00, 0x00, 0x00, 0x00, 0x00, 0x00, 0x00, 0x00, 0x00, 0x00, 
  0x00, 0x00, 0x00, 0x00, 0x00, 0x00, 0x00, 0x00, 0x00, 0x00, 0x00, 0x00, 0x00, 0x00, 0x00, 0x00, 
  0x00, 0x00, 0x00, 0x00, 0x00, 0x00, 0x00, 0x00, 0x00, 0x00, 0x00, 0x00, 0x00, 0x00, 0x00, 0x00, 
  0x00, 0x00, 0x00, 0x00, 0x00, 0x00, 0x00, 0x00, 0x00, 0x00, 0x00, 0x00, 0x00, 0x00, 0x00, 0x00, 
  0x00, 0x00, 0x00, 0x00, 0x00, 0x00, 0x00, 0x00, 0x00, 0x00, 0x00, 0x00, 0x00, 0x00, 0x00, 0x00, 
  0x00, 0x00, 0x00, 0x00, 0x00, 0x00, 0x00, 0x00, 0x00, 0x00, 0x00, 0x00, 0x00, 0x00, 0x00, 0x00, 
  0x00, 0x00, 0x00, 0x00, 0x00, 0x00, 0x00, 0x00, 0x00, 0x00, 0x00, 0x00, 0x00, 0x00, 0x00, 0x00, 
  0x00, 0x00, 0x00, 0x00, 0x00, 0x00, 0x00, 0x00, 0x00, 0x00, 0x00, 0x00, 0x00, 0x00, 0x00, 0x00, 
  0x00, 0x00, 0x00, 0x00, 0x00, 0x00, 0x00, 0x00, 0x00, 0x00, 0x00, 0x00, 0x00, 0x00, 0x00, 0x00, 
  0x00, 0x00, 0x00, 0x00, 0x00, 0x00, 0x00, 0x00, 0x00, 0x00, 0x00, 0x00, 0x00, 0x00, 0x00, 0x00, 
  0x00, 0x00, 0x00, 0x00, 0x00, 0x00, 0x00, 0x00, 0x00, 0x00, 0x00, 0x00, 0x00, 0x00, 0x00, 0x00, 
  0x00, 0x00, 0x00, 0x00, 0x00, 0x00, 0x00, 0x00, 0x00, 0x00, 0x00, 0x00, 0x00, 0x00, 0x00, 0x00, 
  0x00, 0x00, 0x00, 0x00, 0x00, 0x00, 0x00, 0x00, 0x00, 0x00, 0x00, 0x00, 0x00, 0x00, 0x00, 0x00, 
  0x00, 0x00, 0x00, 0x00, 0x00, 0x00, 0x00, 0x00, 0x00, 0x00, 0x00, 0x00, 0x00, 0x00, 0x00, 0x00, 
  0x00, 0x00, 0x00, 0x00, 0x00, 0x00, 0x00, 0x00, 0x00, 0x00, 0x00, 0x00, 0x00, 0x00, 0x00, 0x00, 
  0x00, 0x00, 0x00, 0x00, 0x00, 0x00, 0x00, 0x00, 0x00, 0x00, 0x00, 0x00, 0x00, 0x00, 0x00, 0x00, 
  0x00, 0x00, 0x00, 0x00, 0x00, 0x00, 0x00, 0x00, 0x00, 0x00, 0x00, 0x00, 0x00, 0x00, 0x00, 0x00, 
  0x00, 0x00, 0x00, 0x00, 0x00, 0x00, 0x00, 0x00, 0x00, 0x00, 0x00, 0x00, 0x00, 0x00, 0x00, 0x00, 
  0x00, 0x00, 0x00, 0x00, 0x00, 0x00, 0x00, 0x00, 0x00, 0x00, 0x00, 0x00, 0x00, 0x00, 0x00, 0x00, 
  0x00, 0x00, 0x00, 0x00, 0x00, 0x00, 0x00, 0x00, 0x00, 0x00, 0x00, 0x00, 0x00, 0x00, 0x00, 0x00, 
  0x00, 0x00, 0x00, 0x00, 0x00, 0x00, 0x00, 0x00, 0x00, 0x00, 0x00, 0x00, 0x00, 0x00, 0x00, 0x00, 
  0x00, 0x00, 0x00, 0x00, 0x00, 0x00, 0x00, 0x00, 0x00, 0x00, 0x00, 0x00, 0x00, 0x00, 0x00, 0x00, 
  0x00, 0x00, 0x00, 0x00, 0x00, 0x00, 0x00, 0x00, 0x00, 0x00, 0x00, 0x00, 0x00, 0x00, 0x00, 0x00, 
  0x00, 0x00, 0x00, 0x00, 0x00, 0x00, 0x00, 0x00, 0x00, 0x00, 0x00, 0x00, 0x00, 0x00, 0x00, 0x00, 
  0x00, 0x00, 0x00, 0x00, 0x00, 0x00, 0x00, 0x00, 0x00, 0x00, 0x00, 0x00, 0x00, 0x00, 0x00, 0x00, 
  0x00, 0x00, 0x00, 0x00, 0x00, 0x00, 0x00, 0x00, 0x00, 0x00, 0x00, 0x00, 0x00, 0x00, 0x00, 0x00, 
  0x00, 0x00, 0x00, 0x00, 0x00, 0x00, 0x00, 0x00, 0x00, 0x00, 0x00, 0x00, 0x00, 0x00, 0x00, 0x00, 
  0x00, 0x00, 0x00, 0x00, 0x00, 0x00, 0x00, 0x00, 0x00, 0x00, 0x00, 0x00, 0x00, 0x00, 0x00, 0x00, 
  0x00, 0x00, 0x00, 0x00, 0x00, 0x00, 0x00, 0x00, 0x00, 0x00, 0x00, 0x00, 0x00, 0x00, 0x00, 0x00, 
  0x00, 0x00, 0x00, 0x00, 0x00, 0x00, 0x00, 0x00, 0x00, 0x00, 0x00, 0x00, 0x00, 0x00, 0x00, 0x00, 
  0x00, 0x00, 0x00, 0x00, 0x00, 0x00, 0x00, 0x00, 0x00, 0x00, 0x00, 0x00, 0x00, 0x00, 0x00, 0x00, 
  0x00, 0x00, 0x00, 0x00, 0x00, 0x00, 0x00, 0x00, 0x00, 0x00, 0x00, 0x00, 0x00, 0x00, 0x00, 0x00, 
  0x00, 0x00, 0x00, 0x00, 0x00, 0x00, 0x00, 0x00, 0x00, 0x00, 0x00, 0x00, 0x00, 0x00, 0x00, 0x00, 
  0x00, 0x00, 0x00, 0x00, 0x00, 0x00, 0x00, 0x00, 0x00, 0x00, 0x00, 0x00, 0x00, 0x00, 0x00, 0x00, 
  0x00, 0x00, 0x00, 0x00, 0x00, 0x00, 0x00, 0x00, 0x00, 0x00, 0x00, 0x00, 0x00, 0x00, 0x00, 0x00, 
  0x00, 0x00, 0x00, 0x00, 0x00, 0x00, 0x00, 0x00, 0x00, 0x00, 0x00, 0x00, 0x00, 0x00, 0x00, 0x00, 
  0x00, 0x00, 0x00, 0x00, 0x00, 0x00, 0x00, 0x00, 0x00, 0x00, 0x00, 0x00, 0x00, 0x00, 0x00, 0x00, 
  0x00, 0x00, 0x00, 0x00, 0x00, 0x00, 0x00, 0x00, 0x00, 0x00, 0x00, 0x00, 0x00, 0x00, 0x00, 0x00, 
  0x00, 0x00, 0x00, 0x00, 0x00, 0x00, 0x00, 0x00, 0x00, 0x00, 0x00, 0x00, 0x00, 0x00, 0x00, 0x00, 
  0x00, 0x00, 0x00, 0x00, 0x00, 0x00, 0x00, 0x00, 0x00, 0x00, 0x00, 0x00, 0x00, 0x00, 0x00, 0x00, 
  0x00, 0x00, 0x00, 0x00, 0x00, 0x00, 0x00, 0x00, 0x00, 0x00, 0x00, 0x00, 0x00, 0x00, 0x00, 0x00, 
  0x00, 0x00, 0x00, 0x00, 0x00, 0x00, 0x00, 0x00, 0x00, 0x00, 0x00, 0x00, 0x00, 0x00, 0x00, 0x00, 
  0x00, 0x00, 0x00, 0x00, 0x00, 0x00, 0x00, 0x00, 0x00, 0x00, 0x00, 0x00, 0x00, 0x00, 0x00, 0x00, 
  0x00, 0x00, 0x00, 0x00, 0x00, 0x00, 0x00, 0x00, 0x00, 0x00, 0x00, 0x00, 0x00, 0x00, 0x00, 0x00, 
  0x00, 0x00, 0x00, 0x00, 0x00, 0x00, 0x00, 0x00, 0x00, 0x00, 0x00, 0x00, 0x00, 0x00, 0x00, 0x00, 
  0x00, 0x00, 0x00, 0x00, 0x00, 0x00, 0x00, 0x00, 0x00, 0x00, 0x00, 0x00, 0x00, 0x00, 0x00, 0x00, 
  0x00, 0x00, 0x00, 0x00, 0x00, 0x00, 0x00, 0x00, 0x00, 0x00, 0x00, 0x00, 0x00, 0x00, 0x00, 0x00, 
  0x00, 0x00, 0x00, 0x00, 0x00, 0x00, 0x00, 0x00, 0x00, 0x00, 0x00, 0x00, 0x00, 0x00, 0x00, 0x00, 
  0x00, 0x00, 0x00, 0x00, 0x00, 0x00, 0x00, 0x00, 0x00, 0x00, 0x00, 0x00, 0x00, 0x00, 0x00, 0x00, 
  0x00, 0x00, 0x00, 0x00, 0x00, 0x00, 0x00, 0x00, 0x00, 0x00, 0x00, 0x00, 0x00, 0x00, 0x00, 0x00, 
  0x00, 0x00, 0x00, 0x00, 0x00, 0x00, 0x00, 0x00, 0x00, 0x00, 0x00, 0x00, 0x00, 0x00, 0x00, 0x00, 
  0x00, 0x00, 0x00, 0x00, 0x00, 0x00, 0x00, 0x00, 0x00, 0x00, 0x00, 0x00, 0x00, 0x00, 0x00, 0x00, 
  0x00, 0x00, 0x00, 0x00, 0x00, 0x00, 0x00, 0x00, 0x00, 0x00, 0x00, 0x00, 0x00, 0x00, 0x00, 0x00, 
  0x00, 0x00, 0x00, 0x00, 0x00, 0x00, 0x00, 0x00, 0x00, 0x00, 0x00, 0x00, 0x00, 0x00, 0x00, 0x00, 
  0x00, 0x00, 0x00, 0x00, 0x00, 0x00, 0x00, 0x00, 0x00, 0x00, 0x00, 0x00, 0x00, 0x00, 0x00, 0x00, 
  0x00, 0x00, 0x00, 0x00, 0x00, 0x00, 0x00, 0x00, 0x00, 0x00, 0x00, 0x00, 0x00, 0x00, 0x00, 0x00, 
  0x00, 0x00, 0x00, 0x00, 0x00, 0x00, 0x00, 0x00, 0x00, 0x00, 0x00, 0x00, 0x00, 0x00, 0x00, 0x00, 
  0x00, 0x00, 0x00, 0x00, 0x00, 0x00, 0x00, 0x00, 0x00, 0x00, 0x00, 0x00, 0x00, 0x00, 0x00, 0x00, 
  0x00, 0x00, 0x00, 0x00, 0x00, 0x00, 0x00, 0x00, 0x00, 0x00, 0x00, 0x00, 0x00, 0x00, 0x00, 0x00, 
  0x00, 0x00, 0x00, 0x00, 0x00, 0x00, 0x00, 0x00, 0x00, 0x00, 0x00, 0x00, 0x00, 0x00, 0x00, 0x00, 
  0x00, 0x00, 0x00, 0x00, 0x00, 0x00, 0x00, 0x00, 0x00, 0x00, 0x00, 0x00, 0x00, 0x00, 0x00, 0x00, 
  0x00, 0x00, 0x00, 0x00, 0x00, 0x00, 0x00, 0x00, 0x00, 0x00, 0x00, 0x00, 0x00, 0x00, 0x00, 0x00, 
  0x00, 0x00, 0x00, 0x00, 0x00, 0x00, 0x00, 0x00, 0x00, 0x00, 0x00, 0x00, 0x00, 0x00, 0x00, 0x00, 
  0x00, 0x00, 0x00, 0x00, 0x00, 0x00, 0x00, 0x00, 0x00, 0x00, 0x00, 0x00, 0x00, 0x00, 0x00, 0x00, 
  0x00, 0x00, 0x00, 0x00, 0x00, 0x00, 0x00, 0x00, 0x00, 0x00, 0x00, 0x00, 0x00, 0x00, 0x00, 0x00, 
  0x00, 0x00, 0x00, 0x00, 0x00, 0x00, 0x00, 0x00, 0x00, 0x00, 0x00, 0x00, 0x00, 0x00, 0x00, 0x00, 
  0x00, 0x00, 0x00, 0x00, 0x00, 0x00, 0x00, 0x00, 0x00, 0x00, 0x00, 0x00, 0x00, 0x00, 0x00, 0x00, 
  0x00, 0x00, 0x00, 0x00, 0x00, 0x00, 0x00, 0x00, 0x00, 0x00, 0x00, 0x00, 0x00, 0x00, 0x00, 0x00, 
  0x00, 0x00, 0x00, 0x00, 0x00, 0x00, 0x00, 0x00, 0x00, 0x00, 0x00, 0x00, 0x00, 0x00, 0x00, 0x00, 
  0x00, 0x00, 0x00, 0x00, 0x00, 0x00, 0x00, 0x00, 0x00, 0x00, 0x00, 0x00, 0x00, 0x00, 0x00, 0x00, 
  0x00, 0x00, 0x00, 0x00, 0x00, 0x00, 0x00, 0x00, 0x00, 0x00, 0x00, 0x00, 0x00, 0x00, 0x00, 0x00, 
  0x00, 0x00, 0x00, 0x00, 0x00, 0x00, 0x00, 0x00, 0x00, 0x00, 0x00, 0x00, 0x00, 0x00, 0x00, 0x00, 
  0x00, 0x00, 0x00, 0x00, 0x00, 0x00, 0x00, 0x00, 0x00, 0x00, 0x00, 0x00, 0x00, 0x00, 0x00, 0x00, 
  0x00, 0x00, 0x00, 0x00, 0x00, 0x00, 0x00, 0x00, 0x00, 0x00, 0x00, 0x00, 0x00, 0x00, 0x00, 0x00, 
  0x00, 0x00, 0x00, 0x00, 0x00, 0x00, 0x00, 0x00, 0x00, 0x00, 0x00, 0x00, 0x00, 0x00, 0x00, 0x00, 
  0x00, 0x00, 0x00, 0x00, 0x00, 0x00, 0x00, 0x00, 0x00, 0x00, 0x00, 0x00, 0x00, 0x00, 0x00, 0x00, 
  0x00, 0x00, 0x00, 0x00, 0x00, 0x00, 0x00, 0x00, 0x00, 0x00, 0x00, 0x00, 0x00, 0x00, 0x00, 0x00, 
  0x00, 0x00, 0x00, 0x00, 0x00, 0x00, 0x00, 0x00, 0x00, 0x00, 0x00, 0x00, 0x00, 0x00, 0x00, 0x00, 
  0x00, 0x00, 0x00, 0x00, 0x00, 0x00, 0x00, 0x00, 0x00, 0x00, 0x00, 0x00, 0x00, 0x00, 0x00, 0x00, 
  0x00, 0x00, 0x00, 0x00, 0x00, 0x00, 0x00, 0x00, 0x00, 0x00, 0x00, 0x00, 0x00, 0x00, 0x00, 0x00, 
  0x00, 0x00, 0x00, 0x00, 0x00, 0x00, 0x00, 0x00, 0x00, 0x00, 0x00, 0x00, 0x00, 0x00, 0x00, 0x00, 
  0x00, 0x00, 0x00, 0x00, 0x00, 0x00, 0x00, 0x00, 0x00, 0x00, 0x00, 0x00, 0x00, 0x00, 0x00, 0x00, 
  0x00, 0x00, 0x00, 0x00, 0x00, 0x00, 0x00, 0x00, 0x00, 0x00, 0x00, 0x00, 0x00, 0x00, 0x00, 0x00, 
  0x00, 0x00, 0x00, 0x00, 0x00, 0x00, 0x00, 0x00, 0x00, 0x00, 0x00, 0x00, 0x00, 0x00, 0x00, 0x00, 
  0x00, 0x00, 0x00, 0x00, 0x00, 0x00, 0x00, 0x00, 0x00, 0x00, 0x00, 0x00, 0x00, 0x00, 0x00, 0x00, 
  0x00, 0x00, 0x00, 0x00, 0x00, 0x00, 0x00, 0x00, 0x00, 0x00, 0x00, 0x00, 0x00, 0x00, 0x00, 0x00, 
  0x00, 0x00, 0x00, 0x00, 0x00, 0x00, 0x00, 0x00, 0x00, 0x00, 0x00, 0x00, 0x00, 0x00, 0x00, 0x00, 
  0x00, 0x00, 0x00, 0x00, 0x00, 0x00, 0x00, 0x00, 0x00, 0x00, 0x00, 0x00, 0x00, 0x00, 0x00, 0x00, 
  0x00, 0x00, 0x00, 0x00, 0x00, 0x00, 0x00, 0x00, 0x00, 0x00, 0x00, 0x00, 0x00, 0x00, 0x00, 0x00, 
  0x00, 0x00, 0x00, 0x00, 0x00, 0x00, 0x00, 0x00, 0x00, 0x00, 0x00, 0x00, 0x00, 0x00, 0x00, 0x00, 
  0x00, 0x00, 0x00, 0x00, 0x00, 0x00, 0x00, 0x00, 0x00, 0x00, 0x00, 0x00, 0x00, 0x00, 0x00, 0x00, 
  0x00, 0x00, 0x00, 0x00, 0x00, 0x00, 0x00, 0x00, 0x00, 0x00, 0x00, 0x00, 0x00, 0x00, 0x00, 0x00, 
  0x00, 0x00, 0x00, 0x00, 0x00, 0x00, 0x00, 0x00, 0x00, 0x00, 0x00, 0x00, 0x00, 0x00, 0x00, 0x00, 
  0x00, 0x00, 0x00, 0x00, 0x00, 0x00, 0x00, 0x00, 0x00, 0x00, 0x00, 0x00, 0x00, 0x00, 0x00, 0x00, 
  0x00, 0x00, 0x00, 0x00, 0x00, 0x00, 0x00, 0x00, 0x00, 0x00, 0x00, 0x00, 0x00, 0x00, 0x00, 0x00, 
  0x00, 0x00, 0x00, 0x00, 0x00, 0x00, 0x00, 0x00, 0x00, 0x00, 0x00, 0x00, 0x00, 0x00, 0x00, 0x00, 
  0x00, 0x00, 0x00, 0x00, 0x00, 0x00, 0x00, 0x00, 0x00, 0x00, 0x00, 0x00, 0x00, 0x00, 0x00, 0x00, 
  0x00, 0x00, 0x00, 0x00, 0x00, 0x00, 0x00, 0x00, 0x00, 0x00, 0x00, 0x00, 0x00, 0x00, 0x00, 0x00, 
  0x00, 0x00, 0x00, 0x00, 0x00, 0x00, 0x00, 0x00, 0x00, 0x00, 0x00, 0x00, 0x00, 0x00, 0x00, 0x00, 
  0x00, 0x00, 0x00, 0x00, 0x00, 0x00, 0x00, 0x00, 0x00, 0x00, 0x00, 0x00, 0x00, 0x00, 0x00, 0x00, 
  0x00, 0x00, 0x00, 0x00, 0x00, 0x00, 0x00, 0x00, 0x00, 0x00, 0x00, 0x00, 0x00, 0x00, 0x00, 0x00, 
  0x00, 0x00, 0x00, 0x00, 0x00, 0x00, 0x00, 0x00, 0x00, 0x00, 0x00, 0x00, 0x00, 0x00, 0x00, 0x00, 
  0x00, 0x00, 0x00, 0x00, 0x00, 0x00, 0x00, 0x00, 0x00, 0x00, 0x00, 0x00, 0x00, 0x00, 0x00, 0x00, 
  0x00, 0x00, 0x00, 0x00, 0x00, 0x00, 0x00, 0x00, 0x00, 0x00, 0x00, 0x00, 0x00, 0x00, 0x00, 0x00, 
  0x00, 0x00, 0x00, 0x00, 0x00, 0x00, 0x00, 0x00, 0x00, 0x00, 0x00, 0x00, 0x00, 0x00, 0x00, 0x00, 
  0x00, 0x00, 0x00, 0x00, 0x00, 0x00, 0x00, 0x00, 0x00, 0x00, 0x00, 0x00, 0x00, 0x00, 0x00, 0x00, 
  0x00, 0x00, 0x00, 0x00, 0x00, 0x00, 0x00, 0x00, 0x00, 0x00, 0x00, 0x00, 0x00, 0x00, 0x00, 0x00, 
  0x00, 0x00, 0x00, 0x00, 0x00, 0x00, 0x00, 0x00, 0x00, 0x00, 0x00, 0x00, 0x00, 0x00, 0x00, 0x00, 
  0x00, 0x00, 0x00, 0x00, 0x00, 0x00, 0x00, 0x00, 0x00, 0x00, 0x00, 0x00, 0x00, 0x00, 0x00, 0x00, 
  0x00, 0x00, 0x00, 0x00, 0x00, 0x00, 0x00, 0x00, 0x00, 0x00, 0x00, 0x00, 0x00, 0x00, 0x00, 0x00, 
  0x00, 0x00, 0x00, 0x00, 0x00, 0x00, 0x00, 0x00, 0x00, 0x00, 0x00, 0x00, 0x00, 0x00, 0x00, 0x00, 
  0x00, 0x00, 0x00, 0x00, 0x00, 0x00, 0x00, 0x00, 0x00, 0x00, 0x00, 0x00, 0x00, 0x00, 0x00, 0x00, 
  0x00, 0x00, 0x00, 0x00, 0x00, 0x00, 0x00, 0x00, 0x00, 0x00, 0x00, 0x00, 0x00, 0x00, 0x00, 0x00, 
  0x00, 0x00, 0x00, 0x00, 0x00, 0x00, 0x00, 0x00, 0x00, 0x00, 0x00, 0x00, 0x00, 0x00, 0x00, 0x00, 
  0x00, 0x00, 0x00, 0x00, 0x00, 0x00, 0x00, 0x00, 0x00, 0x00, 0x00, 0x00, 0x00, 0x00, 0x00, 0x00, 
  0x00, 0x00, 0x00, 0x00, 0x00, 0x00, 0x00, 0x00, 0x00, 0x00, 0x00, 0x00, 0x00, 0x00, 0x00, 0x00, 
  0x00, 0x00, 0x00, 0x00, 0x00, 0x00, 0x00, 0x00, 0x00, 0x00, 0x00, 0x00, 0x00, 0x00, 0x00, 0x00, 
  0x00, 0x00, 0x00, 0x00, 0x00, 0x00, 0x00, 0x00, 0x00, 0x00, 0x00, 0x00, 0x00, 0x00, 0x00, 0x00, 
  0x00, 0x00, 0x00, 0x00, 0x00, 0x00, 0x00, 0x00, 0x00, 0x00, 0x00, 0x00, 0x00, 0x00, 0x00, 0x00, 
  0x00, 0x00, 0x00, 0x00, 0x00, 0x00, 0x00, 0x00, 0x00, 0x00, 0x00, 0x00, 0x00, 0x00, 0x00, 0x00, 
  0x00, 0x00, 0x00, 0x00, 0x00, 0x00, 0x00, 0x00, 0x00, 0x00, 0x00, 0x00, 0x00, 0x00, 0x00, 0x00, 
  0x00, 0x00, 0x00, 0x00, 0x00, 0x00, 0x00, 0x00, 0x00, 0x00, 0x00, 0x00, 0x00, 0x00, 0x00, 0x00, 
  0x00, 0x00, 0x00, 0x00, 0x00, 0x00, 0x00, 0x00, 0x00, 0x00, 0x00, 0x00, 0x00, 0x00, 0x00, 0x00, 
  0x00, 0x00, 0x00, 0x00, 0x00, 0x00, 0x00, 0x00, 0x00, 0x00, 0x00, 0x00, 0x00, 0x00, 0x00, 0x00, 
  0x00, 0x00, 0x00, 0x00, 0x00, 0x00, 0x00, 0x00, 0x00, 0x00, 0x00, 0x00, 0x00, 0x00, 0x00, 0x00, 
  0x00, 0x00, 0x00, 0x00, 0x00, 0x00, 0x00, 0x00, 0x00, 0x00, 0x00, 0x00, 0x00, 0x00, 0x00, 0x00, 
  0x00, 0x00, 0x00, 0x00, 0x00, 0x00, 0x00, 0x00, 0x00, 0x00, 0x00, 0x00, 0x00, 0x00, 0x00, 0x00, 
  0x00, 0x00, 0x00, 0x00, 0x00, 0x00, 0x00, 0x00, 0x00, 0x00, 0x00, 0x00, 0x00, 0x00, 0x00, 0x00, 
  0x00, 0x00, 0x00, 0x00, 0x00, 0x00, 0x00, 0x00, 0x00, 0x00, 0x00, 0x00, 0x00, 0x00, 0x00, 0x00, 
  0x00, 0x00, 0x00, 0x00, 0x00, 0x00, 0x00, 0x00, 0x00, 0x00, 0x00, 0x00, 0x00, 0x00, 0x00, 0x00, 
  0x00, 0x00, 0x00, 0x00, 0x00, 0x00, 0x00, 0x00, 0x00, 0x00, 0x00, 0x00, 0x00, 0x00, 0x00, 0x00, 
  0x00, 0x00, 0x00, 0x00, 0x00, 0x00, 0x00, 0x00, 0x00, 0x00, 0x00, 0x00, 0x00, 0x00, 0x00, 0x00, 
  0x00, 0x00, 0x00, 0x00, 0x00, 0x00, 0x00, 0x00, 0x00, 0x00, 0x00, 0x00, 0x00, 0x00, 0x00, 0x00, 
  0x00, 0x00, 0x00, 0x00, 0x00, 0x00, 0x00, 0x00, 0x00, 0x00, 0x00, 0x00, 0x00, 0x00, 0x00, 0x00, 
  0x00, 0x00, 0x00, 0x00, 0x00, 0x00, 0x00, 0x00, 0x00, 0x00, 0x00, 0x00, 0x00, 0x00, 0x00, 0x00, 
  0x00, 0x00, 0x00, 0x00, 0x00, 0x00, 0x00, 0x00, 0x00, 0x00, 0x00, 0x00, 0x00, 0x00, 0x00, 0x00, 
  0x00, 0x00, 0x00, 0x00, 0x00, 0x00, 0x00, 0x00, 0x00, 0x00, 0x00, 0x00, 0x00, 0x00, 0x00, 0x00, 
  0x00, 0x00, 0x00, 0x00, 0x00, 0x00, 0x00, 0x00, 0x00, 0x00, 0x00, 0x00, 0x00, 0x00, 0x00, 0x00, 
  0x00, 0x00, 0x00, 0x00, 0x00, 0x00, 0x00, 0x00, 0x00, 0x00, 0x00, 0x00, 0x00, 0x00, 0x00, 0x00, 
  0x00, 0x00, 0x00, 0x00, 0x00, 0x00, 0x00, 0x00, 0x00, 0x00, 0x00, 0x00, 0x00, 0x00, 0x00, 0x00, 
  0x00, 0x00, 0x00, 0x00, 0x00, 0x00, 0x00, 0x00, 0x00, 0x00, 0x00, 0x00, 0x00, 0x00, 0x00, 0x00, 
  0x00, 0x00, 0x00, 0x00, 0x00, 0x00, 0x00, 0x00, 0x00, 0x00, 0x00, 0x00, 0x00, 0x00, 0x00, 0x00, 
  0x00, 0x00, 0x00, 0x00, 0x00, 0x00, 0x00, 0x00, 0x00, 0x00, 0x00, 0x00, 0x00, 0x00, 0x00, 0x00, 
  0x00, 0x00, 0x00, 0x00, 0x00, 0x00, 0x00, 0x00, 0x00, 0x00, 0x00, 0x00, 0x00, 0x00, 0x00, 0x00, 
  0x00, 0x00, 0x00, 0x00, 0x00, 0x00, 0x00, 0x00, 0x00, 0x00, 0x00, 0x00, 0x00, 0x00, 0x00, 0x00, 
  0x00, 0x00, 0x00, 0x00, 0x00, 0x00, 0x00, 0x00, 0x00, 0x00, 0x00, 0x00, 0x00, 0x00, 0x00, 0x00, 
  0x00, 0x00, 0x00, 0x00, 0x00, 0x00, 0x00, 0x00, 0x00, 0x00, 0x00, 0x00, 0x00, 0x00, 0x00, 0x00, 
  0x00, 0x00, 0x00, 0x00, 0x00, 0x00, 0x00, 0x00, 0x00, 0x00, 0x00, 0x00, 0x00, 0x00, 0x00, 0x00, 
  0x00, 0x00, 0x00, 0x00, 0x00, 0x00, 0x00, 0x00, 0x00, 0x00, 0x00, 0x00, 0x00, 0x00, 0x00, 0x00, 
  0x00, 0x00, 0x00, 0x00, 0x00, 0x00, 0x00, 0x00, 0x00, 0x00, 0x00, 0x00, 0x00, 0x00, 0x00, 0x00, 
  0x00, 0x00, 0x00, 0x00, 0x00, 0x00, 0x00, 0x00, 0x00, 0x00, 0x00, 0x00, 0x00, 0x00, 0x00, 0x00, 
  0x00, 0x00, 0x00, 0x00, 0x00, 0x00, 0x00, 0x00, 0x00, 0x00, 0x00, 0x00, 0x00, 0x00, 0x00, 0x00, 
  0x00, 0x00, 0x00, 0x00, 0x00, 0x00, 0x00, 0x00, 0x00, 0x00, 0x00, 0x00, 0x00, 0x00, 0x00, 0x00, 
  0x00, 0x00, 0x00, 0x00, 0x00, 0x00, 0x00, 0x00, 0x00, 0x00, 0x00, 0x00, 0x00, 0x00, 0x00, 0x00, 
  0x00, 0x00, 0x00, 0x00, 0x00, 0x00, 0x00, 0x00, 0x00, 0x00, 0x00, 0x00, 0x00, 0x00, 0x00, 0x00, 
  0x00, 0x00, 0x00, 0x00, 0x00, 0x00, 0x00, 0x00, 0x00, 0x00, 0x00, 0x00, 0x00, 0x00, 0x00, 0x00, 
  0x00, 0x00, 0x00, 0x00, 0x00, 0x00, 0x00, 0x00, 0x00, 0x00, 0x00, 0x00, 0x00, 0x00, 0x00, 0x00, 
  0x00, 0x00, 0x00, 0x00, 0x00, 0x00, 0x00, 0x00, 0x00, 0x00, 0x00, 0x00, 0x00, 0x00, 0x00, 0x00, 
  0x00, 0x00, 0x00, 0x00, 0x00, 0x00, 0x00, 0x00, 0x00, 0x00, 0x00, 0x00, 0x00, 0x00, 0x00, 0x00, 
  0x00, 0x00, 0x00, 0x00, 0x00, 0x00, 0x00, 0x00, 0x00, 0x00, 0x00, 0x00, 0x00, 0x00, 0x00, 0x00, 
  0x00, 0x00, 0x00, 0x00, 0x00, 0x00, 0x00, 0x00, 0x00, 0x00, 0x00, 0x00, 0x00, 0x00, 0x00, 0x00, 
  0x00, 0x00, 0x00, 0x00, 0x00, 0x00, 0x00, 0x00, 0x00, 0x00, 0x00, 0x00, 0x00, 0x00, 0x00, 0x00, 
  0x00, 0x00, 0x00, 0x00, 0x00, 0x00, 0x00, 0x00, 0x00, 0x00, 0x00, 0x00, 0x00, 0x00, 0x00, 0x00, 
  0x00, 0x00, 0x00, 0x00, 0x00, 0x00, 0x00, 0x00, 0x00, 0x00, 0x00, 0x00, 0x00, 0x00, 0x00, 0x00, 
  0x00, 0x00, 0x00, 0x00, 0x00, 0x00, 0x00, 0x00, 0x00, 0x00, 0x00, 0x00, 0x00, 0x00, 0x00, 0x00, 
  0x00, 0x00, 0x00, 0x00, 0x00, 0x00, 0x00, 0x00, 0x00, 0x00, 0x00, 0x00, 0x00, 0x00, 0x00, 0x00, 
  0x00, 0x00, 0x00, 0x00, 0x00, 0x00, 0x00, 0x00, 0x00, 0x00, 0x00, 0x00, 0x00, 0x00, 0x00, 0x00, 
  0x00, 0x00, 0x00, 0x00, 0x00, 0x00, 0x00, 0x00, 0x00, 0x00, 0x00, 0x00, 0x00, 0x00, 0x00, 0x00, 
  0x00, 0x00, 0x00, 0x00, 0x00, 0x00, 0x00, 0x00, 0x00, 0x00, 0x00, 0x00, 0x00, 0x00, 0x00, 0x00, 
  0x00, 0x00, 0x00, 0x00, 0x00, 0x00, 0x00, 0x00, 0x00, 0x00, 0x00, 0x00, 0x00, 0x00, 0x00, 0x00, 
  0x00, 0x00, 0x00, 0x00, 0x00, 0x00, 0x00, 0x00, 0x00, 0x00, 0x00, 0x00, 0x00, 0x00, 0x00, 0x00, 
  0x00, 0x00, 0x00, 0x00, 0x00, 0x00, 0x00, 0x00, 0x00, 0x00, 0x00, 0x00, 0x00, 0x00, 0x00, 0x00, 
  0x00, 0x00, 0x00, 0x00, 0x00, 0x00, 0x00, 0x00, 0x00, 0x00, 0x00, 0x00, 0x00, 0x00, 0x00, 0x00, 
  0x00, 0x00, 0x00, 0x00, 0x00, 0x00, 0x00, 0x00, 0x00, 0x00, 0x00, 0x00, 0x00, 0x00, 0x00, 0x00, 
  0x00, 0x00, 0x00, 0x00, 0x00, 0x00, 0x00, 0x00, 0x00, 0x00, 0x00, 0x00, 0x00, 0x00, 0x00, 0x00, 
  0x00, 0x00, 0x00, 0x00, 0x00, 0x00, 0x00, 0x00, 0x00, 0x00, 0x00, 0x00, 0x00, 0x00, 0x00, 0x00, 
  0x00, 0x00, 0x00, 0x00, 0x00, 0x00, 0x00, 0x00, 0x00, 0x00, 0x00, 0x00, 0x00, 0x00, 0x00, 0x00, 
  0x00, 0x00, 0x00, 0x00, 0x00, 0x00, 0x00, 0x00, 0x00, 0x00, 0x00, 0x00, 0x00, 0x00, 0x00, 0x00, 
  0x00, 0x00, 0x00, 0x00, 0x00, 0x00, 0x00, 0x00, 0x00, 0x00, 0x00, 0x00, 0x00, 0x00, 0x00, 0x00, 
  0x00, 0x00, 0x00, 0x00, 0x00, 0x00, 0x00, 0x00, 0x00, 0x00, 0x00, 0x00, 0x00, 0x00, 0x00, 0x00, 
  0x00, 0x00, 0x00, 0x00, 0x00, 0x00, 0x00, 0x00, 0x00, 0x00, 0x00, 0x00, 0x00, 0x00, 0x00, 0x00, 
  0x00, 0x00, 0x00, 0x00, 0x00, 0x00, 0x00, 0x00, 0x00, 0x00, 0x00, 0x00, 0x00, 0x00, 0x00, 0x00, 
  0x00, 0x00, 0x00, 0x00, 0x00, 0x00, 0x00, 0x00, 0x00, 0x00, 0x00, 0x00, 0x00, 0x00, 0x00, 0x00, 
  0x00, 0x00, 0x00, 0x00, 0x00, 0x00, 0x00, 0x00, 0x00, 0x00, 0x00, 0x00, 0x00, 0x00, 0x00, 0x00, 
  0x00, 0x00, 0x00, 0x00, 0x00, 0x00, 0x00, 0x00, 0x00, 0x00, 0x00, 0x00, 0x00, 0x00, 0x00, 0x00, 
  0x00, 0x00, 0x00, 0x00, 0x00, 0x00, 0x00, 0x00, 0x00, 0x00, 0x00, 0x00, 0x00, 0x00, 0x00, 0x00, 
  0x00, 0x00, 0x00, 0x00, 0x00, 0x00, 0x00, 0x00, 0x00, 0x00, 0x00, 0x00, 0x00, 0x00, 0x00, 0x00, 
  0x00, 0x00, 0x00, 0x00, 0x00, 0x00, 0x00, 0x00, 0x00, 0x00, 0x00, 0x00, 0x00, 0x00, 0x00, 0x00, 
  0x00, 0x00, 0x00, 0x00, 0x00, 0x00, 0x00, 0x00, 0x00, 0x00, 0x00, 0x00, 0x00, 0x00, 0x00, 0x00, 
  0x00, 0x00, 0x00, 0x00, 0x00, 0x00, 0x00, 0x00, 0x00, 0x00, 0x00, 0x00, 0x00, 0x00, 0x00, 0x00, 
  0x00, 0x00, 0x00, 0x00, 0x00, 0x00, 0x00, 0x00, 0x00, 0x00, 0x00, 0x00, 0x00, 0x00, 0x00, 0x00, 
  0x00, 0x00, 0x00, 0x00, 0x00, 0x00, 0x00, 0x00, 0x00, 0x00, 0x00, 0x00, 0x00, 0x00, 0x00, 0x00, 
  0x00, 0x00, 0x00, 0x00, 0x00, 0x00, 0x00, 0x00, 0x00, 0x00, 0x00, 0x00, 0x00, 0x00, 0x00, 0x00, 
  0x00, 0x00, 0x00, 0x00, 0x00, 0x00, 0x00, 0x00, 0x00, 0x00, 0x00, 0x00, 0x00, 0x00, 0x00, 0x00, 
  0x00, 0x00, 0x00, 0x00, 0x00, 0x00, 0x00, 0x00, 0x00, 0x00, 0x00, 0x00, 0x00, 0x00, 0x00, 0x00, 
  0x00, 0x00, 0x00, 0x00, 0x00, 0x00, 0x00, 0x00, 0x00, 0x00, 0x00, 0x00, 0x00, 0x00, 0x00, 0x00, 
  0x00, 0x00, 0x00, 0x00, 0x00, 0x00, 0x00, 0x00, 0x00, 0x00, 0x00, 0x00, 0x00, 0x00, 0x00, 0x00, 
  0x00, 0x00, 0x00, 0x00, 0x00, 0x00, 0x00, 0x00, 0x00, 0x00, 0x00, 0x00, 0x00, 0x00, 0x00, 0x00, 
  0x00, 0x00, 0x00, 0x00, 0x00, 0x00, 0x00, 0x00, 0x00, 0x00, 0x00, 0x00, 0x00, 0x00, 0x00, 0x00, 
  0x00, 0x00, 0x00, 0x00, 0x00, 0x00, 0x00, 0x00, 0x00, 0x00, 0x00, 0x00, 0x00, 0x00, 0x00, 0x00, 
  0x00, 0x00, 0x00, 0x00, 0x00, 0x00, 0x00, 0x00, 0x00, 0x00, 0x00, 0x00, 0x00, 0x00, 0x00, 0x00, 
  0x00, 0x00, 0x00, 0x00, 0x00, 0x00, 0x00, 0x00, 0x00, 0x00, 0x00, 0x00, 0x00, 0x00, 0x00, 0x00, 
  0x00, 0x00, 0x00, 0x00, 0x00, 0x00, 0x00, 0x00, 0x00, 0x00, 0x00, 0x00, 0x00, 0x00, 0x00, 0x00, 
  0x00, 0x00, 0x00, 0x00, 0x00, 0x00, 0x00, 0x00, 0x00, 0x00, 0x00, 0x00, 0x00, 0x00, 0x00, 0x00, 
  0x00, 0x00, 0x00, 0x00, 0x00, 0x00, 0x00, 0x00, 0x00, 0x00, 0x00, 0x00, 0x00, 0x00, 0x00, 0x00, 
  0x00, 0x00, 0x00, 0x00, 0x00, 0x00, 0x00, 0x00, 0x00, 0x00, 0x00, 0x00, 0x00, 0x00, 0x00, 0x00, 
  0x00, 0x00, 0x00, 0x00, 0x00, 0x00, 0x00, 0x00, 0x00, 0x00, 0x00, 0x00, 0x00, 0x00, 0x00, 0x00, 
  0x00, 0x00, 0x00, 0x00, 0x00, 0x00, 0x00, 0x00, 0x00, 0x00, 0x00, 0x00, 0x00, 0x00, 0x00, 0x00, 
  0x00, 0x00, 0x00, 0x00, 0x00, 0x00, 0x00, 0x00, 0x00, 0x00, 0x00, 0x00, 0x00, 0x00, 0x00, 0x00, 
  0x00, 0x00, 0x00, 0x00, 0x00, 0x00, 0x00, 0x00, 0x00, 0x00, 0x00, 0x00, 0x00, 0x00, 0x00, 0x00, 
  0x00, 0x00, 0x00, 0x00, 0x00, 0x00, 0x00, 0x00, 0x00, 0x00, 0x00, 0x00, 0x00, 0x00, 0x00, 0x00, 
  0x00, 0x00, 0x00, 0x00, 0x00, 0x00, 0x00, 0x00, 0x00, 0x00, 0x00, 0x00, 0x00, 0x00, 0x00, 0x00, 
  0x00, 0x00, 0x00, 0x00, 0x00, 0x00, 0x00, 0x00, 0x00, 0x00, 0x00, 0x00, 0x00, 0x00, 0x00, 0x00, 
  0x00, 0x00, 0x00, 0x00, 0x00, 0x00, 0x00, 0x00, 0x00, 0x00, 0x00, 0x00, 0x00, 0x00, 0x00, 0x00, 
  0x00, 0x00, 0x00, 0x00, 0x00, 0x00, 0x00, 0x00, 0x00, 0x00, 0x00, 0x00, 0x00, 0x00, 0x00, 0x00, 
  0x00, 0x00, 0x00, 0x00, 0x00, 0x00, 0x00, 0x00, 0x00, 0x00, 0x00, 0x00, 0x00, 0x00, 0x00, 0x00, 
  0x00, 0x00, 0x00, 0x00, 0x00, 0x00, 0x00, 0x00, 0x00, 0x00, 0x00, 0x00, 0x00, 0x00, 0x00, 0x00, 
  0x00, 0x00, 0x00, 0x00, 0x00, 0x00, 0x00, 0x00, 0x00, 0x00, 0x00, 0x00, 0x00, 0x00, 0x00, 0x00, 
  0x00, 0x00, 0x00, 0x00, 0x00, 0x00, 0x00, 0x00, 0x00, 0x00, 0x00, 0x00, 0x00, 0x00, 0x00, 0x00, 
  0x00, 0x00, 0x00, 0x00, 0x00, 0x00, 0x00, 0x00, 0x00, 0x00, 0x00, 0x00, 0x00, 0x00, 0x00, 0x00, 
  0x00, 0x00, 0x00, 0x00, 0x00, 0x00, 0x00, 0x00, 0x00, 0x00, 0x00, 0x00, 0x00, 0x00, 0x00, 0x00, 
  0x00, 0x00, 0x00, 0x00, 0x00, 0x00, 0x00, 0x00, 0x00, 0x00, 0x00, 0x00, 0x00, 0x00, 0x00, 0x00, 
  0x00, 0x00, 0x00, 0x00, 0x00, 0x00, 0x00, 0x00, 0x00, 0x00, 0x00, 0x00, 0x00, 0x00, 0x00, 0x00, 
  0x00, 0x00, 0x00, 0x00, 0x00, 0x00, 0x00, 0x00, 0x00, 0x00, 0x00, 0x00, 0x00, 0x00, 0x00, 0x00, 
  0x00, 0x00, 0x00, 0x00, 0x00, 0x00, 0x00, 0x00, 0x00, 0x00, 0x00, 0x00, 0x00, 0x00, 0x00, 0x00, 
  0x00, 0x00, 0x00, 0x00, 0x00, 0x00, 0x00, 0x00, 0x00, 0x00, 0x00, 0x00, 0x00, 0x00, 0x00, 0x00, 
  0x00, 0x00, 0x00, 0x00, 0x00, 0x00, 0x00, 0x00, 0x00, 0x00, 0x00, 0x00, 0x00, 0x00, 0x00, 0x00, 
  0x00, 0x00, 0x00, 0x00, 0x00, 0x00, 0x00, 0x00, 0x00, 0x00, 0x00, 0x00, 0x00, 0x00, 0x00, 0x00, 
  0x00, 0x00, 0x00, 0x00, 0x00, 0x00, 0x00, 0x00, 0x00, 0x00, 0x00, 0x00, 0x00, 0x00, 0x00, 0x00, 
  0x00, 0x00, 0x00, 0x00, 0x00, 0x00, 0x00, 0x00, 0x00, 0x00, 0x00, 0x00, 0x00, 0x00, 0x00, 0x00, 
  0x00, 0x00, 0x00, 0x00, 0x00, 0x00, 0x00, 0x00, 0x00, 0x00, 0x00, 0x00, 0x00, 0x00, 0x00, 0x00, 
  0x00, 0x00, 0x00, 0x00, 0x00, 0x00, 0x00, 0x00, 0x00, 0x00, 0x00, 0x00, 0x00, 0x00, 0x00, 0x00, 
  0x00, 0x00, 0x00, 0x00, 0x00, 0x00, 0x00, 0x00, 0x00, 0x00, 0x00, 0x00, 0x00, 0x00, 0x00, 0x00, 
  0x00, 0x00, 0x00, 0x00, 0x00, 0x00, 0x00, 0x00, 0x00, 0x00, 0x00, 0x00, 0x00, 0x00, 0x00, 0x00, 
  0x00, 0x00, 0x00, 0x00, 0x00, 0x00, 0x00, 0x00, 0x00, 0x00, 0x00, 0x00, 0x00, 0x00, 0x00, 0x00, 
  0x00, 0x00, 0x00, 0x00, 0x00, 0x00, 0x00, 0x00, 0x00, 0x00, 0x00, 0x00, 0x00, 0x00, 0x00, 0x00, 
  0x00, 0x00, 0x00, 0x00, 0x00, 0x00, 0x00, 0x00, 0x00, 0x00, 0x00, 0x00, 0x00, 0x00, 0x00, 0x00, 
  0x00, 0x00, 0x00, 0x00, 0x00, 0x00, 0x00, 0x00, 0x00, 0x00, 0x00, 0x00, 0x00, 0x00, 0x00, 0x00, 
  0x00, 0x00, 0x00, 0x00, 0x00, 0x00, 0x00, 0x00, 0x00, 0x00, 0x00, 0x00, 0x00, 0x00, 0x00, 0x00, 
  0x00, 0x00, 0x00, 0x00, 0x00, 0x00, 0x00, 0x00, 0x00, 0x00, 0x00, 0x00, 0x00, 0x00, 0x00, 0x00, 
  0x00, 0x00, 0x00, 0x00, 0x00, 0x00, 0x00, 0x00, 0x00, 0x00, 0x00, 0x00, 0x00, 0x00, 0x00, 0x00, 
  0x00, 0x00, 0x00, 0x00, 0x00, 0x00, 0x00, 0x00, 0x00, 0x00, 0x00, 0x00, 0x00, 0x00, 0x00, 0x00, 
  0x00, 0x00, 0x00, 0x00, 0x00, 0x00, 0x00, 0x00, 0x00, 0x00, 0x00, 0x00, 0x00, 0x00, 0x00, 0x00, 
  0x00, 0x00, 0x00, 0x00, 0x00, 0x00, 0x00, 0x00, 0x00, 0x00, 0x00, 0x00, 0x00, 0x00, 0x00, 0x00, 
  0x00, 0x00, 0x00, 0x00, 0x00, 0x00, 0x00, 0x00, 0x00, 0x00, 0x00, 0x00, 0x00, 0x00, 0x00, 0x00, 
  0x00, 0x00, 0x00, 0x00, 0x00, 0x00, 0x00, 0x00, 0x00, 0x00, 0x00, 0x00, 0x00, 0x00, 0x00, 0x00, 
  0x00, 0x00, 0x00, 0x00, 0x00, 0x00, 0x00, 0x00, 0x00, 0x00, 0x00, 0x00, 0x00, 0x00, 0x00, 0x00, 
  0x00, 0x00, 0x00, 0x00, 0x00, 0x00, 0x00, 0x00, 0x00, 0x00, 0x00, 0x00, 0x00, 0x00, 0x00, 0x00, 
  0x00, 0x00, 0x00, 0x00, 0x00, 0x00, 0x00, 0x00, 0x00, 0x00, 0x00, 0x00, 0x00, 0x00, 0x00, 0x00, 
  0x00, 0x00, 0x00, 0x00, 0x00, 0x00, 0x00, 0x00, 0x00, 0x00, 0x00, 0x00, 0x00, 0x00, 0x00, 0x00, 
  0x00, 0x00, 0x00, 0x00, 0x00, 0x00, 0x00, 0x00, 0x00, 0x00, 0x00, 0x00, 0x00, 0x00, 0x00, 0x00, 
  0x00, 0x00, 0x00, 0x00, 0x00, 0x00, 0x00, 0x00, 0x00, 0x00, 0x00, 0x00, 0x00, 0x00, 0x00, 0x00, 
  0x00, 0x00, 0x00, 0x00, 0x00, 0x00, 0x00, 0x00, 0x00, 0x00, 0x00, 0x00, 0x00, 0x00, 0x00, 0x00, 
  0x00, 0x00, 0x00, 0x00, 0x00, 0x00, 0x00, 0x00, 0x00, 0x00, 0x00, 0x00, 0x00, 0x00, 0x00, 0x00, 
  0x00, 0x00, 0x00, 0x00, 0x00, 0x00, 0x00, 0x00, 0x00, 0x00, 0x00, 0x00, 0x00, 0x00, 0x00, 0x00, 
  0x00, 0x00, 0x00, 0x00, 0x00, 0x00, 0x00, 0x00, 0x00, 0x00, 0x00, 0x00, 0x00, 0x00, 0x00, 0x00, 
  0x00, 0x00, 0x00, 0x00, 0x00, 0x00, 0x00, 0x00, 0x00, 0x00, 0x00, 0x00, 0x00, 0x00, 0x00, 0x00, 
  0x00, 0x00, 0x00, 0x00, 0x00, 0x00, 0x00, 0x00, 0x00, 0x00, 0x00, 0x00, 0x00, 0x00, 0x00, 0x00, 
  0x00, 0x00, 0x00, 0x00, 0x00, 0x00, 0x00, 0x00, 0x00, 0x00, 0x00, 0x00, 0x00, 0x00, 0x00, 0x00, 
  0x00, 0x00, 0x00, 0x00, 0x00, 0x00, 0x00, 0x00, 0x00, 0x00, 0x00, 0x00, 0x00, 0x00, 0x00, 0x00, 
  0x00, 0x00, 0x00, 0x00, 0x00, 0x00, 0x00, 0x00, 0x00, 0x00, 0x00, 0x00, 0x00, 0x00, 0x00, 0x00, 
  0x00, 0x00, 0x00, 0x00, 0x00, 0x00, 0x00, 0x00, 0x00, 0x00, 0x00, 0x00, 0x00, 0x00, 0x00, 0x00, 
  0x00, 0x00, 0x00, 0x00, 0x00, 0x00, 0x00, 0x00, 0x00, 0x00, 0x00, 0x00, 0x00, 0x00, 0x00, 0x00, 
  0x00, 0x00, 0x00, 0x00, 0x00, 0x00, 0x00, 0x00, 0x00, 0x00, 0x00, 0x00, 0x00, 0x00, 0x00, 0x00, 
  0x00, 0x00, 0x00, 0x00, 0x00, 0x00, 0x00, 0x00, 0x00, 0x00, 0x00, 0x00, 0x00, 0x00, 0x00, 0x00, 
  0x00, 0x00, 0x00, 0x00, 0x00, 0x00, 0x00, 0x00, 0x00, 0x00, 0x00, 0x00, 0x00, 0x00, 0x00, 0x00, 
  0x00, 0x00, 0x00, 0x00, 0x00, 0x00, 0x00, 0x00, 0x00, 0x00, 0x00, 0x00, 0x00, 0x00, 0x00, 0x00, 
  0x00, 0x00, 0x00, 0x00, 0x00, 0x00, 0x00, 0x00, 0x00, 0x00, 0x00, 0x00, 0x00, 0x00, 0x00, 0x00, 
  0x00, 0x00, 0x00, 0x00, 0x00, 0x00, 0x00, 0x00, 0x00, 0x00, 0x00, 0x00, 0x00, 0x00, 0x00, 0x00, 
  0x00, 0x00, 0x00, 0x00, 0x00, 0x00, 0x00, 0x00, 0x00, 0x00, 0x00, 0x00, 0x00, 0x00, 0x00, 0x00, 
  0x00, 0x00, 0x00, 0x00, 0x00, 0x00, 0x00, 0x00, 0x00, 0x00, 0x00, 0x00, 0x00, 0x00, 0x00, 0x00, 
  0x00, 0x00, 0x00, 0x00, 0x00, 0x00, 0x00, 0x00, 0x00, 0x00, 0x00, 0x00, 0x00, 0x00, 0x00, 0x00, 
  0x00, 0x00, 0x00, 0x00, 0x00, 0x00, 0x00, 0x00, 0x00, 0x00, 0x00, 0x00, 0x00, 0x00, 0x00, 0x00, 
  0x00, 0x00, 0x00, 0x00, 0x00, 0x00, 0x00, 0x00, 0x00, 0x00, 0x00, 0x00, 0x00, 0x00, 0x00, 0x00, 
  0x00, 0x00, 0x00, 0x00, 0x00, 0x00, 0x00, 0x00, 0x00, 0x00, 0x00, 0x00, 0x00, 0x00, 0x00, 0x00, 
  0x00, 0x00, 0x00, 0x00, 0x00, 0x00, 0x00, 0x00, 0x00, 0x00, 0x00, 0x00, 0x00, 0x00, 0x00, 0x00, 
  0x00, 0x00, 0x00, 0x00, 0x00, 0x00, 0x00, 0x00, 0x00, 0x00, 0x00, 0x00, 0x00, 0x00, 0x00, 0x00, 
  0x00, 0x00, 0x00, 0x00, 0x00, 0x00, 0x00, 0x00, 0x00, 0x00, 0x00, 0x00, 0x00, 0x00, 0x00, 0x00, 
  0x00, 0x00, 0x00, 0x00, 0x00, 0x00, 0x00, 0x00, 0x00, 0x00, 0x00, 0x00, 0x00, 0x00, 0x00, 0x00, 
  0x00, 0x00, 0x00, 0x00, 0x00, 0x00, 0x00, 0x00, 0x00, 0x00, 0x00, 0x00, 0x00, 0x00, 0x00, 0x00, 
  0x00, 0x00, 0x00, 0x00, 0x00, 0x00, 0x00, 0x00, 0x00, 0x00, 0x00, 0x00, 0x00, 0x00, 0x00, 0x00, 
  0x00, 0x00, 0x00, 0x00, 0x00, 0x00, 0x00, 0x00, 0x00, 0x00, 0x00, 0x00, 0x00, 0x00, 0x00, 0x00, 
  0x00, 0x00, 0x00, 0x00, 0x00, 0x00, 0x00, 0x00, 0x00, 0x00, 0x00, 0x00, 0x00, 0x00, 0x00, 0x00, 
  0x00, 0x00, 0x00, 0x00, 0x00, 0x00, 0x00, 0x00, 0x00, 0x00, 0x00, 0x00, 0x00, 0x00, 0x00, 0x00, 
  0x00, 0x00, 0x00, 0x00, 0x00, 0x00, 0x00, 0x00, 0x00, 0x00, 0x00, 0x00, 0x00, 0x00, 0x00, 0x00, 
  0x00, 0x00, 0x00, 0x00, 0x00, 0x00, 0x00, 0x00, 0x00, 0x00, 0x00, 0x00, 0x00, 0x00, 0x00, 0x00, 
  0x00, 0x00, 0x00, 0x00, 0x00, 0x00, 0x00, 0x00, 0x00, 0x00, 0x00, 0x00, 0x00, 0x00, 0x00, 0x00, 
  0x00, 0x00, 0x00, 0x00, 0x00, 0x00, 0x00, 0x00, 0x00, 0x00, 0x00, 0x00, 0x00, 0x00, 0x00, 0x00, 
  0x00, 0x00, 0x00, 0x00, 0x00, 0x00, 0x00, 0x00, 0x00, 0x00, 0x00, 0x00, 0x00, 0x00, 0x00, 0x00, 
  0x00, 0x00, 0x00, 0x00, 0x00, 0x00, 0x00, 0x00, 0x00, 0x00, 0x00, 0x00, 0x00, 0x00, 0x00, 0x00, 
  0x00, 0x00, 0x00, 0x00, 0x00, 0x00, 0x00, 0x00, 0x00, 0x00, 0x00, 0x00, 0x00, 0x00, 0x00, 0x00, 
  0x00, 0x00, 0x00, 0x00, 0x00, 0x00, 0x00, 0x00, 0x00, 0x00, 0x00, 0x00, 0x00, 0x00, 0x00, 0x00, 
  0x00, 0x00, 0x00, 0x00, 0x00, 0x00, 0x00, 0x00, 0x00, 0x00, 0x00, 0x00, 0x00, 0x00, 0x00, 0x00, 
  0x00, 0x00, 0x00, 0x00, 0x00, 0x00, 0x00, 0x00, 0x00, 0x00, 0x00, 0x00, 0x00, 0x00, 0x00, 0x00, 
  0x00, 0x00, 0x00, 0x00, 0x00, 0x00, 0x00, 0x00, 0x00, 0x00, 0x00, 0x00, 0x00, 0x00, 0x00, 0x00, 
  0x00, 0x00, 0x00, 0x00, 0x00, 0x00, 0x00, 0x00, 0x00, 0x00, 0x00, 0x00, 0x00, 0x00, 0x00, 0x00, 
  0x00, 0x00, 0x00, 0x00, 0x00, 0x00, 0x00, 0x00, 0x00, 0x00, 0x00, 0x00, 0x00, 0x00, 0x00, 0x00, 
  0x00, 0x00, 0x00, 0x00, 0x00, 0x00, 0x00, 0x00, 0x00, 0x00, 0x00, 0x00, 0x00, 0x00, 0x00, 0x00, 
  0x00, 0x00, 0x00, 0x00, 0x00, 0x00, 0x00, 0x00, 0x00, 0x00, 0x00, 0x00, 0x00, 0x00, 0x00, 0x00, 
  0x00, 0x00, 0x00, 0x00, 0x00, 0x00, 0x00, 0x00, 0x00, 0x00, 0x00, 0x00, 0x00, 0x00, 0x00, 0x00, 
  0x00, 0x00, 0x00, 0x00, 0x00, 0x00, 0x00, 0x00, 0x00, 0x00, 0x00, 0x00, 0x00, 0x00, 0x00, 0x00, 
  0x00, 0x00, 0x00, 0x00, 0x00, 0x00, 0x00, 0x00, 0x00, 0x00, 0x00, 0x00, 0x00, 0x00, 0x00, 0x00, 
  0x00, 0x00, 0x00, 0x00, 0x00, 0x00, 0x00, 0x00, 0x00, 0x00, 0x00, 0x00, 0x00, 0x00, 0x00, 0x00, 
  0x00, 0x00, 0x00, 0x00, 0x00, 0x00, 0x00, 0x00, 0x00, 0x00, 0x00, 0x00, 0x00, 0x00, 0x00, 0x00, 
  0x00, 0x00, 0x00, 0x00, 0x00, 0x00, 0x00, 0x00, 0x00, 0x00, 0x00, 0x00, 0x00, 0x00, 0x00, 0x00, 
  0x00, 0x00, 0x00, 0x00, 0x00, 0x00, 0x00, 0x00, 0x00, 0x00, 0x00, 0x00, 0x00, 0x00, 0x00, 0x00, 
  0x00, 0x00, 0x00, 0x00, 0x00, 0x00, 0x00, 0x00, 0x00, 0x00, 0x00, 0x00, 0x00, 0x00, 0x00, 0x00, 
  0x00, 0x00, 0x00, 0x00, 0x00, 0x00, 0x00, 0x00, 0x00, 0x00, 0x00, 0x00, 0x00, 0x00, 0x00, 0x00, 
  0x00, 0x00, 0x00, 0x00, 0x00, 0x00, 0x00, 0x00, 0x00, 0x00, 0x00, 0x00, 0x00, 0x00, 0x00, 0x00, 
  0x00, 0x00, 0x00, 0x00, 0x00, 0x00, 0x00, 0x00, 0x00, 0x00, 0x00, 0x00, 0x00, 0x00, 0x00, 0x00, 
  0x00, 0x00, 0x00, 0x00, 0x00, 0x00, 0x00, 0x00, 0x00, 0x00, 0x00, 0x00, 0x00, 0x00, 0x00, 0x00, 
  0x00, 0x00, 0x00, 0x00, 0x00, 0x00, 0x00, 0x00, 0x00, 0x00, 0x00, 0x00, 0x00, 0x00, 0x00, 0x00, 
  0x00, 0x00, 0x00, 0x00, 0x00, 0x00, 0x00, 0x00, 0x00, 0x00, 0x00, 0x00, 0x00, 0x00, 0x00, 0x00, 
  0x00, 0x00, 0x00, 0x00, 0x00, 0x00, 0x00, 0x00, 0x00, 0x00, 0x00, 0x00, 0x00, 0x00, 0x00, 0x00, 
  0x00, 0x00, 0x00, 0x00, 0x00, 0x00, 0x00, 0x00, 0x00, 0x00, 0x00, 0x00, 0x00, 0x00, 0x00, 0x00, 
  0x00, 0x00, 0x00, 0x00, 0x00, 0x00, 0x00, 0x00, 0x00, 0x00, 0x00, 0x00, 0x00, 0x00, 0x00, 0x00, 
  0x00, 0x00, 0x00, 0x00, 0x00, 0x00, 0x00, 0x00, 0x00, 0x00, 0x00, 0x00, 0x00, 0x00, 0x00, 0x00, 
  0x00, 0x00, 0x00, 0x00, 0x00, 0x00, 0x00, 0x00, 0x00, 0x00, 0x00, 0x00, 0x00, 0x00, 0x00, 0x00, 
  0x00, 0x00, 0x00, 0x00, 0x00, 0x00, 0x00, 0x00, 0x00, 0x00, 0x00, 0x00, 0x00, 0x00, 0x00, 0x00, 
  0x00, 0x00, 0x00, 0x00, 0x00, 0x00, 0x00, 0x00, 0x00, 0x00, 0x00, 0x00, 0x00, 0x00, 0x00, 0x00, 
  0x00, 0x00, 0x00, 0x00, 0x00, 0x00, 0x00, 0x00, 0x00, 0x00, 0x00, 0x00, 0x00, 0x00, 0x00, 0x00, 
  0x00, 0x00, 0x00, 0x00, 0x00, 0x00, 0x00, 0x00, 0x00, 0x00, 0x00, 0x00, 0x00, 0x00, 0x00, 0x00, 
  0x00, 0x00, 0x00, 0x00, 0x00, 0x00, 0x00, 0x00, 0x00, 0x00, 0x00, 0x00, 0x00, 0x00, 0x00, 0x00, 
  0x00, 0x00, 0x00, 0x00, 0x00, 0x00, 0x00, 0x00, 0x00, 0x00, 0x00, 0x00, 0x00, 0x00, 0x00, 0x00, 
  0x00, 0x00, 0x00, 0x00, 0x00, 0x00, 0x00, 0x00, 0x00, 0x00, 0x00, 0x00, 0x00, 0x00, 0x00, 0x00, 
  0x00, 0x00, 0x00, 0x00, 0x00, 0x00, 0x00, 0x00, 0x00, 0x00, 0x00, 0x00, 0x00, 0x00, 0x00, 0x00, 
  0x00, 0x00, 0x00, 0x00, 0x00, 0x00, 0x00, 0x00, 0x00, 0x00, 0x00, 0x00, 0x00, 0x00, 0x00, 0x00, 
  0x00, 0x00, 0x00, 0x00, 0x00, 0x00, 0x00, 0x00, 0x00, 0x00, 0x00, 0x00, 0x00, 0x00, 0x00, 0x00, 
  0x00, 0x00, 0x00, 0x00, 0x00, 0x00, 0x00, 0x00, 0x00, 0x00, 0x00, 0x00, 0x00, 0x00, 0x00, 0x00, 
  0x00, 0x00, 0x00, 0x00, 0x00, 0x00, 0x00, 0x00, 0x00, 0x00, 0x00, 0x00, 0x00, 0x00, 0x00, 0x00, 
  0x00, 0x00, 0x00, 0x00, 0x00, 0x00, 0x00, 0x00, 0x00, 0x00, 0x00, 0x00, 0x00, 0x00, 0x00, 0x00, 
  0x00, 0x00, 0x00, 0x00, 0x00, 0x00, 0x00, 0x00, 0x00, 0x00, 0x00, 0x00, 0x00, 0x00, 0x00, 0x00, 
  0x00, 0x00, 0x00, 0x00, 0x00, 0x00, 0x00, 0x00, 0x00, 0x00, 0x00, 0x00, 0x00, 0x00, 0x00, 0x00, 
  0x00, 0x00, 0x00, 0x00, 0x00, 0x00, 0x00, 0x00, 0x00, 0x00, 0x00, 0x00, 0x00, 0x00, 0x00, 0x00, 
  0x00, 0x00, 0x00, 0x00, 0x00, 0x00, 0x00, 0x00, 0x00, 0x00, 0x00, 0x00, 0x00, 0x00, 0x00, 0x00, 
  0x00, 0x00, 0x00, 0x00, 0x00, 0x00, 0x00, 0x00, 0x00, 0x00, 0x00, 0x00, 0x00, 0x00, 0x00, 0x00, 
  0x00, 0x00, 0x00, 0x00, 0x00, 0x00, 0x00, 0x00, 0x00, 0x00, 0x00, 0x00, 0x00, 0x00, 0x00, 0x00, 
  0x00, 0x00, 0x00, 0x00, 0x00, 0x00, 0x00, 0x00, 0x00, 0x00, 0x00, 0x00, 0x00, 0x00, 0x00, 0x00, 
  0x00, 0x00, 0x00, 0x00, 0x00, 0x00, 0x00, 0x00, 0x00, 0x00, 0x00, 0x00, 0x00, 0x00, 0x00, 0x00, 
  0x00, 0x00, 0x00, 0x00, 0x00, 0x00, 0x00, 0x00, 0x00, 0x00, 0x00, 0x00, 0x00, 0x00, 0x00, 0x00, 
  0x00, 0x00, 0x00, 0x00, 0x00, 0x00, 0x00, 0x00, 0x00, 0x00, 0x00, 0x00, 0x00, 0x00, 0x00, 0x00, 
  0x00, 0x00, 0x00, 0x00, 0x00, 0x00, 0x00, 0x00, 0x00, 0x00, 0x00, 0x00, 0x00, 0x00, 0x00, 0x00, 
  0x00, 0x00, 0x00, 0x00, 0x00, 0x00, 0x00, 0x00, 0x00, 0x00, 0x00, 0x00, 0x00, 0x00, 0x00, 0x00, 
  0x00, 0x00, 0x00, 0x00, 0x00, 0x00, 0x00, 0x00, 0x00, 0x00, 0x00, 0x00, 0x00, 0x00, 0x00, 0x00, 
  0x00, 0x00, 0x00, 0x00, 0x00, 0x00, 0x00, 0x00, 0x00, 0x00, 0x00, 0x00, 0x00, 0x00, 0x00, 0x00, 
  0x00, 0x00, 0x00, 0x00, 0x00, 0x00, 0x00, 0x00, 0x00, 0x00, 0x00, 0x00, 0x00, 0x00, 0x00, 0x00, 
  0x00, 0x00, 0x00, 0x00, 0x00, 0x00, 0x00, 0x00, 0x00, 0x00, 0x00, 0x00, 0x00, 0x00, 0x00, 0x00, 
  0x00, 0x00, 0x00, 0x00, 0x00, 0x00, 0x00, 0x00, 0x00, 0x00, 0x00, 0x00, 0x00, 0x00, 0x00, 0x00, 
  0x00, 0x00, 0x00, 0x00, 0x00, 0x00, 0x00, 0x00, 0x00, 0x00, 0x00, 0x00, 0x00, 0x00, 0x00, 0x00, 
  0x00, 0x00, 0x00, 0x00, 0x00, 0x00, 0x00, 0x00, 0x00, 0x00, 0x00, 0x00, 0x00, 0x00, 0x00, 0x00, 
  0x00, 0x00, 0x00, 0x00, 0x00, 0x00, 0x00, 0x00, 0x00, 0x00, 0x00, 0x00, 0x00, 0x00, 0x00, 0x00, 
  0x00, 0x00, 0x00, 0x00, 0x00, 0x00, 0x00, 0x00, 0x00, 0x00, 0x00, 0x00, 0x00, 0x00, 0x00, 0x00, 
  0x00, 0x00, 0x00, 0x00, 0x00, 0x00, 0x00, 0x00, 0x00, 0x00, 0x00, 0x00, 0x00, 0x00, 0x00, 0x00, 
  0x00, 0x00, 0x00, 0x00, 0x00, 0x00, 0x00, 0x00, 0x00, 0x00, 0x00, 0x00, 0x00, 0x00, 0x00, 0x00, 
  0x00, 0x00, 0x00, 0x00, 0x00, 0x00, 0x00, 0x00, 0x00, 0x00, 0x00, 0x00, 0x00, 0x00, 0x00, 0x00, 
  0x00, 0x00, 0x00, 0x00, 0x00, 0x00, 0x00, 0x00, 0x00, 0x00, 0x00, 0x00, 0x00, 0x00, 0x00, 0x00, 
  0x00, 0x00, 0x00, 0x00, 0x00, 0x00, 0x00, 0x00, 0x00, 0x00, 0x00, 0x00, 0x00, 0x00, 0x00, 0x00, 
  0x00, 0x00, 0x00, 0x00, 0x00, 0x00, 0x00, 0x00, 0x00, 0x00, 0x00, 0x00, 0x00, 0x00, 0x00, 0x00, 
  0x00, 0x00, 0x00, 0x00, 0x00, 0x00, 0x00, 0x00, 0x00, 0x00, 0x00, 0x00, 0x00, 0x00, 0x00, 0x00, 
  0x00, 0x00, 0x00, 0x00, 0x00, 0x00, 0x00, 0x00, 0x00, 0x00, 0x00, 0x00, 0x00, 0x00, 0x00, 0x00, 
  0x00, 0x00, 0x00, 0x00, 0x00, 0x00, 0x00, 0x00, 0x00, 0x00, 0x00, 0x00, 0x00, 0x00, 0x00, 0x00, 
  0x00, 0x00, 0x00, 0x00, 0x00, 0x00, 0x00, 0x00, 0x00, 0x00, 0x00, 0x00, 0x00, 0x00, 0x00, 0x00, 
  0x00, 0x00, 0x00, 0x00, 0x00, 0x00, 0x00, 0x00, 0x00, 0x00, 0x00, 0x00, 0x00, 0x00, 0x00, 0x00, 
  0x00, 0x00, 0x00, 0x00, 0x00, 0x00, 0x00, 0x00, 0x00, 0x00, 0x00, 0x00, 0x00, 0x00, 0x00, 0x00, 
  0x00, 0x00, 0x00, 0x00, 0x00, 0x00, 0x00, 0x00, 0x00, 0x00, 0x00, 0x00, 0x00, 0x00, 0x00, 0x00, 
  0x00, 0x00, 0x00, 0x00, 0x00, 0x00, 0x00, 0x00, 0x00, 0x00, 0x00, 0x00, 0x00, 0x00, 0x00, 0x00, 
  0x00, 0x00, 0x00, 0x00, 0x00, 0x00, 0x00, 0x00, 0x00, 0x00, 0x00, 0x00, 0x00, 0x00, 0x00, 0x00, 
  0x00, 0x00, 0x00, 0x00, 0x00, 0x00, 0x00, 0x00, 0x00, 0x00, 0x00, 0x00, 0x00, 0x00, 0x00, 0x00, 
  0x00, 0x00, 0x00, 0x00, 0x00, 0x00, 0x00, 0x00, 0x00, 0x00, 0x00, 0x00, 0x00, 0x00, 0x00, 0x00, 
  0x00, 0x00, 0x00, 0x00, 0x00, 0x00, 0x00, 0x00, 0x00, 0x00, 0x00, 0x00, 0x00, 0x00, 0x00, 0x00, 
  0x00, 0x00, 0x00, 0x00, 0x00, 0x00, 0x00, 0x00, 0x00, 0x00, 0x00, 0x00, 0x00, 0x00, 0x00, 0x00, 
  0x00, 0x00, 0x00, 0x00, 0x00, 0x00, 0x00, 0x00, 0x00, 0x00, 0x00, 0x00, 0x00, 0x00, 0x00, 0x00, 
  0x00, 0x00, 0x00, 0x00, 0x00, 0x00, 0x00, 0x00, 0x00, 0x00, 0x00, 0x00, 0x00, 0x00, 0x00, 0x00, 
  0x00, 0x00, 0x00, 0x00, 0x00, 0x00, 0x00, 0x00, 0x00, 0x00, 0x00, 0x00, 0x00, 0x00, 0x00, 0x00, 
  0x00, 0x00, 0x00, 0x00, 0x00, 0x00, 0x00, 0x00, 0x00, 0x00, 0x00, 0x00, 0x00, 0x00, 0x00, 0x00, 
  0x00, 0x00, 0x00, 0x00, 0x00, 0x00, 0x00, 0x00, 0x00, 0x00, 0x00, 0x00, 0x00, 0x00, 0x00, 0x00, 
  0x00, 0x00, 0x00, 0x00, 0x00, 0x00, 0x00, 0x00, 0x00, 0x00, 0x00, 0x00, 0x00, 0x00, 0x00, 0x00, 
  0x00, 0x00, 0x00, 0x00, 0x00, 0x00, 0x00, 0x00, 0x00, 0x00, 0x00, 0x00, 0x00, 0x00, 0x00, 0x00, 
  0x00, 0x00, 0x00, 0x00, 0x00, 0x00, 0x00, 0x00, 0x00, 0x00, 0x00, 0x00, 0x00, 0x00, 0x00, 0x00, 
  0x00, 0x00, 0x00, 0x00, 0x00, 0x00, 0x00, 0x00, 0x00, 0x00, 0x00, 0x00, 0x00, 0x00, 0x00, 0x00, 
  0x00, 0x00, 0x00, 0x00, 0x00, 0x00, 0x00, 0x00, 0x00, 0x00, 0x00, 0x00, 0x00, 0x00, 0x00, 0x00, 
  0x00, 0x00, 0x00, 0x00, 0x00, 0x00, 0x00, 0x00, 0x00, 0x00, 0x00, 0x00, 0x00, 0x00, 0x00, 0x00, 
  0x00, 0x00, 0x00, 0x00, 0x00, 0x00, 0x00, 0x00, 0x00, 0x00, 0x00, 0x00, 0x00, 0x00, 0x00, 0x00, 
  0x00, 0x00, 0x00, 0x00, 0x00, 0x00, 0x00, 0x00, 0x00, 0x00, 0x00, 0x00, 0x00, 0x00, 0x00, 0x00, 
  0x00, 0x00, 0x00, 0x00, 0x00, 0x00, 0x00, 0x00, 0x00, 0x00, 0x00, 0x00, 0x00, 0x00, 0x00, 0x00, 
  0x00, 0x00, 0x00, 0x00, 0x00, 0x00, 0x00, 0x00, 0x00, 0x00, 0x00, 0x00, 0x00, 0x00, 0x00, 0x00, 
  0x00, 0x00, 0x00, 0x00, 0x00, 0x00, 0x00, 0x00, 0x00, 0x00, 0x00, 0x00, 0x00, 0x00, 0x00, 0x00, 
  0x00, 0x00, 0x00, 0x00, 0x00, 0x00, 0x00, 0x00, 0x00, 0x00, 0x00, 0x00, 0x00, 0x00, 0x00, 0x00, 
  0x00, 0x00, 0x00, 0x00, 0x00, 0x00, 0x00, 0x00, 0x00, 0x00, 0x00, 0x00, 0x00, 0x00, 0x00, 0x00, 
  0x00, 0x00, 0x00, 0x00, 0x00, 0x00, 0x00, 0x00, 0x00, 0x00, 0x00, 0x00, 0x00, 0x00, 0x00, 0x00, 
  0x00, 0x00, 0x00, 0x00, 0x00, 0x00, 0x00, 0x00, 0x00, 0x00, 0x00, 0x00, 0x00, 0x00, 0x00, 0x00, 
  0x00, 0x00, 0x00, 0x00, 0x00, 0x00, 0x00, 0x00, 0x00, 0x00, 0x00, 0x00, 0x00, 0x00, 0x00, 0x00, 
  0x00, 0x00, 0x00, 0x00, 0x00, 0x00, 0x00, 0x00, 0x00, 0x00, 0x00, 0x00, 0x00, 0x00, 0x00, 0x00, 
  0x00, 0x00, 0x00, 0x00, 0x00, 0x00, 0x00, 0x00, 0x00, 0x00, 0x00, 0x00, 0x00, 0x00, 0x00, 0x00, 
  0x00, 0x00, 0x00, 0x00, 0x00, 0x00, 0x00, 0x00, 0x00, 0x00, 0x00, 0x00, 0x00, 0x00, 0x00, 0x00, 
  0x00, 0x00, 0x00, 0x00, 0x00, 0x00, 0x00, 0x00, 0x00, 0x00, 0x00, 0x00, 0x00, 0x00, 0x00, 0x00, 
  0x00, 0x00, 0x00, 0x00, 0x00, 0x00, 0x00, 0x00, 0x00, 0x00, 0x00, 0x00, 0x00, 0x00, 0x00, 0x00, 
  0x00, 0x00, 0x00, 0x00, 0x00, 0x00, 0x00, 0x00, 0x00, 0x00, 0x00, 0x00, 0x00, 0x00, 0x00, 0x00, 
  0x00, 0x00, 0x00, 0x00, 0x00, 0x00, 0x00, 0x00, 0x00, 0x00, 0x00, 0x00, 0x00, 0x00, 0x00, 0x00, 
  0x00, 0x00, 0x00, 0x00, 0x00, 0x00, 0x00, 0x00, 0x00, 0x00, 0x00, 0x00, 0x00, 0x00, 0x00, 0x00, 
  0x00, 0x00, 0x00, 0x00, 0x00, 0x00, 0x00, 0x00, 0x00, 0x00, 0x00, 0x00, 0x00, 0x00, 0x00, 0x00, 
  0x00, 0x00, 0x00, 0x00, 0x00, 0x00, 0x00, 0x00, 0x00, 0x00, 0x00, 0x00, 0x00, 0x00, 0x00, 0x00, 
  0x00, 0x00, 0x00, 0x00, 0x00, 0x00, 0x00, 0x00, 0x00, 0x00, 0x00, 0x00, 0x00, 0x00, 0x00, 0x00, 
  0x00, 0x00, 0x00, 0x00, 0x00, 0x00, 0x00, 0x00, 0x00, 0x00, 0x00, 0x00, 0x00, 0x00, 0x00, 0x00, 
  0x00, 0x00, 0x00, 0x00, 0x00, 0x00, 0x00, 0x00, 0x00, 0x00, 0x00, 0x00, 0x00, 0x00, 0x00, 0x00, 
  0x00, 0x00, 0x00, 0x00, 0x00, 0x00, 0x00, 0x00, 0x00, 0x00, 0x00, 0x00, 0x00, 0x00, 0x00, 0x00, 
  0x00, 0x00, 0x00, 0x00, 0x00, 0x00, 0x00, 0x00, 0x00, 0x00, 0x00, 0x00, 0x00, 0x00, 0x00, 0x00, 
  0x00, 0x00, 0x00, 0x00, 0x00, 0x00, 0x00, 0x00, 0x00, 0x00, 0x00, 0x00, 0x00, 0x00, 0x00, 0x00, 
  0x00, 0x00, 0x00, 0x00, 0x00, 0x00, 0x00, 0x00, 0x00, 0x00, 0x00, 0x00, 0x00, 0x00, 0x00, 0x00, 
  0x00, 0x00, 0x00, 0x00, 0x00, 0x00, 0x00, 0x00, 0x00, 0x00, 0x00, 0x00, 0x00, 0x00, 0x00, 0x00, 
  0x00, 0x00, 0x00, 0x00, 0x00, 0x00, 0x00, 0x00, 0x00, 0x00, 0x00, 0x00, 0x00, 0x00, 0x00, 0x00, 
  0x00, 0x00, 0x00, 0x00, 0x00, 0x00, 0x00, 0x00, 0x00, 0x00, 0x00, 0x00, 0x00, 0x00, 0x00, 0x00, 
  0x00, 0x00, 0x00, 0x00, 0x00, 0x00, 0x00, 0x00, 0x00, 0x00, 0x00, 0x00, 0x00, 0x00, 0x00, 0x00, 
  0x00, 0x00, 0x00, 0x00, 0x00, 0x00, 0x00, 0x00, 0x00, 0x00, 0x00, 0x00, 0x00, 0x00, 0x00, 0x00, 
  0x00, 0x00, 0x00, 0x00, 0x00, 0x00, 0x00, 0x00, 0x00, 0x00, 0x00, 0x00, 0x00, 0x00, 0x00, 0x00, 
  0x00, 0x00, 0x00, 0x00, 0x00, 0x00, 0x00, 0x00, 0x00, 0x00, 0x00, 0x00, 0x00, 0x00, 0x00, 0x00, 
  0x00, 0x00, 0x00, 0x00, 0x00, 0x00, 0x00, 0x00, 0x00, 0x00, 0x00, 0x00, 0x00, 0x00, 0x00, 0x00, 
  0x00, 0x00, 0x00, 0x00, 0x00, 0x00, 0x00, 0x00, 0x00, 0x00, 0x00, 0x00, 0x00, 0x00, 0x00, 0x00, 
  0x00, 0x00, 0x00, 0x00, 0x00, 0x00, 0x00, 0x00, 0x00, 0x00, 0x00, 0x00, 0x00, 0x00, 0x00, 0x00, 
  0x00, 0x00, 0x00, 0x00, 0x00, 0x00, 0x00, 0x00, 0x00, 0x00, 0x00, 0x00, 0x00, 0x00, 0x00, 0x00, 
  0x00, 0x00, 0x00, 0x00, 0x00, 0x00, 0x00, 0x00, 0x00, 0x00, 0x00, 0x00, 0x00, 0x00, 0x00, 0x00, 
  0x00, 0x00, 0x00, 0x00, 0x00, 0x00, 0x00, 0x00, 0x00, 0x00, 0x00, 0x00, 0x00, 0x00, 0x00, 0x00, 
  0x00, 0x00, 0x00, 0x00, 0x00, 0x00, 0x00, 0x00, 0x00, 0x00, 0x00, 0x00, 0x00, 0x00, 0x00, 0x00, 
  0x00, 0x00, 0x00, 0x00, 0x00, 0x00, 0x00, 0x00, 0x00, 0x00, 0x00, 0x00, 0x00, 0x00, 0x00, 0x00, 
  0x00, 0x00, 0x00, 0x00, 0x00, 0x00, 0x00, 0x00, 0x00, 0x00, 0x00, 0x00, 0x00, 0x00, 0x00, 0x00, 
  0x00, 0x00, 0x00, 0x00, 0x00, 0x00, 0x00, 0x00, 0x00, 0x00, 0x00, 0x00, 0x00, 0x00, 0x00, 0x00, 
  0x00, 0x00, 0x00, 0x00, 0x00, 0x00, 0x00, 0x00, 0x00, 0x00, 0x00, 0x00, 0x00, 0x00, 0x00, 0x00, 
  0x00, 0x00, 0x00, 0x00, 0x00, 0x00, 0x00, 0x00, 0x00, 0x00, 0x00, 0x00, 0x00, 0x00, 0x00, 0x00, 
  0x00, 0x00, 0x00, 0x00, 0x00, 0x00, 0x00, 0x00, 0x00, 0x00, 0x00, 0x00, 0x00, 0x00, 0x00, 0x00, 
  0x00, 0x00, 0x00, 0x00, 0x00, 0x00, 0x00, 0x00, 0x00, 0x00, 0x00, 0x00, 0x00, 0x00, 0x00, 0x00, 
  0x00, 0x00, 0x00, 0x00, 0x00, 0x00, 0x00, 0x00, 0x00, 0x00, 0x00, 0x00, 0x00, 0x00, 0x00, 0x00, 
  0x00, 0x00, 0x00, 0x00, 0x00, 0x00, 0x00, 0x00, 0x00, 0x00, 0x00, 0x00, 0x00, 0x00, 0x00, 0x00, 
  0x00, 0x00, 0x00, 0x00, 0x00, 0x00, 0x00, 0x00, 0x00, 0x00, 0x00, 0x00, 0x00, 0x00, 0x00, 0x00, 
  0x00, 0x00, 0x00, 0x00, 0x00, 0x00, 0x00, 0x00, 0x00, 0x00, 0x00, 0x00, 0x00, 0x00, 0x00, 0x00, 
  0x00, 0x00, 0x00, 0x00, 0x00, 0x00, 0x00, 0x00, 0x00, 0x00, 0x00, 0x00, 0x00, 0x00, 0x00, 0x00, 
  0x00, 0x00, 0x00, 0x00, 0x00, 0x00, 0x00, 0x00, 0x00, 0x00, 0x00, 0x00, 0x00, 0x00, 0x00, 0x00, 
  0x00, 0x00, 0x00, 0x00, 0x00, 0x00, 0x00, 0x00, 0x00, 0x00, 0x00, 0x00, 0x00, 0x00, 0x00, 0x00, 
  0x00, 0x00, 0x00, 0x00, 0x00, 0x00, 0x00, 0x00, 0x00, 0x00, 0x00, 0x00, 0x00, 0x00, 0x00, 0x00, 
  0x00, 0x00, 0x00, 0x00, 0x00, 0x00, 0x00, 0x00, 0x00, 0x00, 0x00, 0x00, 0x00, 0x00, 0x00, 0x00, 
  0x00, 0x00, 0x00, 0x00, 0x00, 0x00, 0x00, 0x00, 0x00, 0x00, 0x00, 0x00, 0x00, 0x00, 0x00, 0x00, 
  0x00, 0x00, 0x00, 0x00, 0x00, 0x00, 0x00, 0x00, 0x00, 0x00, 0x00, 0x00, 0x00, 0x00, 0x00, 0x00, 
  0x00, 0x00, 0x00, 0x00, 0x00, 0x00, 0x00, 0x00, 0x00, 0x00, 0x00, 0x00, 0x00, 0x00, 0x00, 0x00, 
  0x00, 0x00, 0x00, 0x00, 0x00, 0x00, 0x00, 0x00, 0x00, 0x00, 0x00, 0x00, 0x00, 0x00, 0x00, 0x00, 
  0x00, 0x00, 0x00, 0x00, 0x00, 0x00, 0x00, 0x00, 0x00, 0x00, 0x00, 0x00, 0x00, 0x00, 0x00, 0x00, 
  0x00, 0x00, 0x00, 0x00, 0x00, 0x00, 0x00, 0x00, 0x00, 0x00, 0x00, 0x00, 0x00, 0x00, 0x00, 0x00, 
  0x00, 0x00, 0x00, 0x00, 0x00, 0x00, 0x00, 0x00, 0x00, 0x00, 0x00, 0x00, 0x00, 0x00, 0x00, 0x00, 
  0x00, 0x00, 0x00, 0x00, 0x00, 0x00, 0x00, 0x00, 0x00, 0x00, 0x00, 0x00, 0x00, 0x00, 0x00, 0x00, 
  0x00, 0x00, 0x00, 0x00, 0x00, 0x00, 0x00, 0x00, 0x00, 0x00, 0x00, 0x00, 0x00, 0x00, 0x00, 0x00, 
  0x00, 0x00, 0x00, 0x00, 0x00, 0x00, 0x00, 0x00, 0x00, 0x00, 0x00, 0x00, 0x00, 0x00, 0x00, 0x00, 
  0x00, 0x00, 0x00, 0x00, 0x00, 0x00, 0x00, 0x00, 0x00, 0x00, 0x00, 0x00, 0x00, 0x00, 0x00, 0x00, 
  0x00, 0x00, 0x00, 0x00, 0x00, 0x00, 0x00, 0x00, 0x00, 0x00, 0x00, 0x00, 0x00, 0x00, 0x00, 0x00, 
  0x00, 0x00, 0x00, 0x00, 0x00, 0x00, 0x00, 0x00, 0x00, 0x00, 0x00, 0x00, 0x00, 0x00, 0x00, 0x00, 
  0x00, 0x00, 0x00, 0x00, 0x00, 0x00, 0x00, 0x00, 0x00, 0x00, 0x00, 0x00, 0x00, 0x00, 0x00, 0x00, 
  0x00, 0x00, 0x00, 0x00, 0x00, 0x00, 0x00, 0x00, 0x00, 0x00, 0x00, 0x00, 0x00, 0x00, 0x00, 0x00, 
  0x00, 0x00, 0x00, 0x00, 0x00, 0x00, 0x00, 0x00, 0x00, 0x00, 0x00, 0x00, 0x00, 0x00, 0x00, 0x00, 
  0x00, 0x00, 0x00, 0x00, 0x00, 0x00, 0x00, 0x00, 0x00, 0x00, 0x00, 0x00, 0x00, 0x00, 0x00, 0x00, 
  0x00, 0x00, 0x00, 0x00, 0x00, 0x00, 0x00, 0x00, 0x00, 0x00, 0x00, 0x00, 0x00, 0x00, 0x00, 0x00, 
  0x00, 0x00, 0x00, 0x00, 0x00, 0x00, 0x00, 0x00, 0x00, 0x00, 0x00, 0x00, 0x00, 0x00, 0x00, 0x00, 
  0x00, 0x00, 0x00, 0x00, 0x00, 0x00, 0x00, 0x00, 0x00, 0x00, 0x00, 0x00, 0x00, 0x00, 0x00, 0x00, 
  0x00, 0x00, 0x00, 0x00, 0x00, 0x00, 0x00, 0x00, 0x00, 0x00, 0x00, 0x00, 0x00, 0x00, 0x00, 0x00, 
  0x00, 0x00, 0x00, 0x00, 0x00, 0x00, 0x00, 0x00, 0x00, 0x00, 0x00, 0x00, 0x00, 0x00, 0x00, 0x00, 
  0x00, 0x00, 0x00, 0x00, 0x00, 0x00, 0x00, 0x00, 0x00, 0x00, 0x00, 0x00, 0x00, 0x00, 0x00, 0x00, 
  0x00, 0x00, 0x00, 0x00, 0x00, 0x00, 0x00, 0x00, 0x00, 0x00, 0x00, 0x00, 0x00, 0x00, 0x00, 0x00, 
  0x00, 0x00, 0x00, 0x00, 0x00, 0x00, 0x00, 0x00, 0x00, 0x00, 0x00, 0x00, 0x00, 0x00, 0x00, 0x00, 
  0x00, 0x00, 0x00, 0x00, 0x00, 0x00, 0x00, 0x00, 0x00, 0x00, 0x00, 0x00, 0x00, 0x00, 0x00, 0x00, 
  0x00, 0x00, 0x00, 0x00, 0x00, 0x00, 0x00, 0x00, 0x00, 0x00, 0x00, 0x00, 0x00, 0x00, 0x00, 0x00, 
  0x00, 0x00, 0x00, 0x00, 0x00, 0x00, 0x00, 0x00, 0x00, 0x00, 0x00, 0x00, 0x00, 0x00, 0x00, 0x00, 
  0x00, 0x00, 0x00, 0x00, 0x00, 0x00, 0x00, 0x00, 0x00, 0x00, 0x00, 0x00, 0x00, 0x00, 0x00, 0x00, 
  0x00, 0x00, 0x00, 0x00, 0x00, 0x00, 0x00, 0x00, 0x00, 0x00, 0x00, 0x00, 0x00, 0x00, 0x00, 0x00, 
  0x00, 0x00, 0x00, 0x00, 0x00, 0x00, 0x00, 0x00, 0x00, 0x00, 0x00, 0x00, 0x00, 0x00, 0x00, 0x00, 
  0x00, 0x00, 0x00, 0x00, 0x00, 0x00, 0x00, 0x00, 0x00, 0x00, 0x00, 0x00, 0x00, 0x00, 0x00, 0x00, 
  0x00, 0x00, 0x00, 0x00, 0x00, 0x00, 0x00, 0x00, 0x00, 0x00, 0x00, 0x00, 0x00, 0x00, 0x00, 0x00, 
  0x00, 0x00, 0x00, 0x00, 0x00, 0x00, 0x00, 0x00, 0x00, 0x00, 0x00, 0x00, 0x00, 0x00, 0x00, 0x00, 
  0x00, 0x00, 0x00, 0x00, 0x00, 0x00, 0x00, 0x00, 0x00, 0x00, 0x00, 0x00, 0x00, 0x00, 0x00, 0x00, 
  0x00, 0x00, 0x00, 0x00, 0x00, 0x00, 0x00, 0x00, 0x00, 0x00, 0x00, 0x00, 0x00, 0x00, 0x00, 0x00, 
  0x00, 0x00, 0x00, 0x00, 0x00, 0x00, 0x00, 0x00, 0x00, 0x00, 0x00, 0x00, 0x00, 0x00, 0x00, 0x00, 
  0x00, 0x00, 0x00, 0x00, 0x00, 0x00, 0x00, 0x00, 0x00, 0x00, 0x00, 0x00, 0x00, 0x00, 0x00, 0x00, 
  0x00, 0x00, 0x00, 0x00, 0x00, 0x00, 0x00, 0x00, 0x00, 0x00, 0x00, 0x00, 0x00, 0x00, 0x00, 0x00, 
  0x00, 0x00, 0x00, 0x00, 0x00, 0x00, 0x00, 0x00, 0x00, 0x00, 0x00, 0x00, 0x00, 0x00, 0x00, 0x00, 
  0x00, 0x00, 0x00, 0x00, 0x00, 0x00, 0x00, 0x00, 0x00, 0x00, 0x00, 0x00, 0x00, 0x00, 0x00, 0x00, 
  0x00, 0x00, 0x00, 0x00, 0x00, 0x00, 0x00, 0x00, 0x00, 0x00, 0x00, 0x00, 0x00, 0x00, 0x00, 0x00, 
  0x00, 0x00, 0x00, 0x00, 0x00, 0x00, 0x00, 0x00, 0x00, 0x00, 0x00, 0x00, 0x00, 0x00, 0x00, 0x00, 
  0x00, 0x00, 0x00, 0x00, 0x00, 0x00, 0x00, 0x00, 0x00, 0x00, 0x00, 0x00, 0x00, 0x00, 0x00, 0x00, 
  0x00, 0x00, 0x00, 0x00, 0x00, 0x00, 0x00, 0x00, 0x00, 0x00, 0x00, 0x00, 0x00, 0x00, 0x00, 0x00, 
  0x00, 0x00, 0x00, 0x00, 0x00, 0x00, 0x00, 0x00, 0x00, 0x00, 0x00, 0x00, 0x00, 0x00, 0x00, 0x00, 
  0x00, 0x00, 0x00, 0x00, 0x00, 0x00, 0x00, 0x00, 0x00, 0x00, 0x00, 0x00, 0x00, 0x00, 0x00, 0x00, 
  0x00, 0x00, 0x00, 0x00, 0x00, 0x00, 0x00, 0x00, 0x00, 0x00, 0x00, 0x00, 0x00, 0x00, 0x00, 0x00, 
  0x00, 0x00, 0x00, 0x00, 0x00, 0x00, 0x00, 0x00, 0x00, 0x00, 0x00, 0x00, 0x00, 0x00, 0x00, 0x00, 
  0x00, 0x00, 0x00, 0x00, 0x00, 0x00, 0x00, 0x00, 0x00, 0x00, 0x00, 0x00, 0x00, 0x00, 0x00, 0x00, 
  0x00, 0x00, 0x00, 0x00, 0x00, 0x00, 0x00, 0x00, 0x00, 0x00, 0x00, 0x00, 0x00, 0x00, 0x00, 0x00, 
  0x00, 0x00, 0x00, 0x00, 0x00, 0x00, 0x00, 0x00, 0x00, 0x00, 0x00, 0x00, 0x00, 0x00, 0x00, 0x00, 
  0x00, 0x00, 0x00, 0x00, 0x00, 0x00, 0x00, 0x00, 0x00, 0x00, 0x00, 0x00, 0x00, 0x00, 0x00, 0x00, 
  0x00, 0x00, 0x00, 0x00, 0x00, 0x00, 0x00, 0x00, 0x00, 0x00, 0x00, 0x00, 0x00, 0x00, 0x00, 0x00, 
  0x00, 0x00, 0x00, 0x00, 0x00, 0x00, 0x00, 0x00, 0x00, 0x00, 0x00, 0x00, 0x00, 0x00, 0x00, 0x00, 
  0x00, 0x00, 0x00, 0x00, 0x00, 0x00, 0x00, 0x00, 0x00, 0x00, 0x00, 0x00, 0x00, 0x00, 0x00, 0x00, 
  0x00, 0x00, 0x00, 0x00, 0x00, 0x00, 0x00, 0x00, 0x00, 0x00, 0x00, 0x00, 0x00, 0x00, 0x00, 0x00, 
  0x00, 0x00, 0x00, 0x00, 0x00, 0x00, 0x00, 0x00, 0x00, 0x00, 0x00, 0x00, 0x00, 0x00, 0x00, 0x00, 
  0x00, 0x00, 0x00, 0x00, 0x00, 0x00, 0x00, 0x00, 0x00, 0x00, 0x00, 0x00, 0x00, 0x00, 0x00, 0x00, 
  0x00, 0x00, 0x00, 0x00, 0x00, 0x00, 0x00, 0x00, 0x00, 0x00, 0x00, 0x00, 0x00, 0x00, 0x00, 0x00, 
  0x00, 0x00, 0x00, 0x00, 0x00, 0x00, 0x00, 0x00, 0x00, 0x00, 0x00, 0x00, 0x00, 0x00, 0x00, 0x00, 
  0x00, 0x00, 0x00, 0x00, 0x00, 0x00, 0x00, 0x00, 0x00, 0x00, 0x00, 0x00, 0x00, 0x00, 0x00, 0x00, 
  0x00, 0x00, 0x00, 0x00, 0x00, 0x00, 0x00, 0x00, 0x00, 0x00, 0x00, 0x00, 0x00, 0x00, 0x00, 0x00, 
  0x00, 0x00, 0x00, 0x00, 0x00, 0x00, 0x00, 0x00, 0x00, 0x00, 0x00, 0x00, 0x00, 0x00, 0x00, 0x00, 
  0x00, 0x00, 0x00, 0x00, 0x00, 0x00, 0x00, 0x00, 0x00, 0x00, 0x00, 0x00, 0x00, 0x00, 0x00, 0x00, 
  0x00, 0x00, 0x00, 0x00, 0x00, 0x00, 0x00, 0x00, 0x00, 0x00, 0x00, 0x00, 0x00, 0x00, 0x00, 0x00, 
  0x00, 0x00, 0x00, 0x00, 0x00, 0x00, 0x00, 0x00, 0x00, 0x00, 0x00, 0x00, 0x00, 0x00, 0x00, 0x00, 
  0x00, 0x00, 0x00, 0x00, 0x00, 0x00, 0x00, 0x00, 0x00, 0x00, 0x00, 0x00, 0x00, 0x00, 0x00, 0x00, 
  0x00, 0x00, 0x00, 0x00, 0x00, 0x00, 0x00, 0x00, 0x00, 0x00, 0x00, 0x00, 0x00, 0x00, 0x00, 0x00, 
  0x00, 0x00, 0x00, 0x00, 0x00, 0x00, 0x00, 0x00, 0x00, 0x00, 0x00, 0x00, 0x00, 0x00, 0x00, 0x00, 
  0x00, 0x00, 0x00, 0x00, 0x00, 0x00, 0x00, 0x00, 0x00, 0x00, 0x00, 0x00, 0x00, 0x00, 0x00, 0x00, 
  0x00, 0x00, 0x00, 0x00, 0x00, 0x00, 0x00, 0x00, 0x00, 0x00, 0x00, 0x00, 0x00, 0x00, 0x00, 0x00, 
  0x00, 0x00, 0x00, 0x00, 0x00, 0x00, 0x00, 0x00, 0x00, 0x00, 0x00, 0x00, 0x00, 0x00, 0x00, 0x00, 
  0x00, 0x00, 0x00, 0x00, 0x00, 0x00, 0x00, 0x00, 0x00, 0x00, 0x00, 0x00, 0x00, 0x00, 0x00, 0x00, 
  0x00, 0x00, 0x00, 0x00, 0x00, 0x00, 0x00, 0x00, 0x00, 0x00, 0x00, 0x00, 0x00, 0x00, 0x00, 0x00, 
  0x00, 0x00, 0x00, 0x00, 0x00, 0x00, 0x00, 0x00, 0x00, 0x00, 0x00, 0x00, 0x00, 0x00, 0x00, 0x00, 
  0x00, 0x00, 0x00, 0x00, 0x00, 0x00, 0x00, 0x00, 0x00, 0x00, 0x00, 0x00, 0x00, 0x00, 0x00, 0x00, 
  0x00, 0x00, 0x00, 0x00, 0x00, 0x00, 0x00, 0x00, 0x00, 0x00, 0x00, 0x00, 0x00, 0x00, 0x00, 0x00, 
  0x00, 0x00, 0x00, 0x00, 0x00, 0x00, 0x00, 0x00, 0x00, 0x00, 0x00, 0x00, 0x00, 0x00, 0x00, 0x00, 
  0x00, 0x00, 0x00, 0x00, 0x00, 0x00, 0x00, 0x00, 0x00, 0x00, 0x00, 0x00, 0x00, 0x00, 0x00, 0x00, 
  0x00, 0x00, 0x00, 0x00, 0x00, 0x00, 0x00, 0x00, 0x00, 0x00, 0x00, 0x00, 0x00, 0x00, 0x00, 0x00, 
  0x00, 0x00, 0x00, 0x00, 0x00, 0x00, 0x00, 0x00, 0x00, 0x00, 0x00, 0x00, 0x00, 0x00, 0x00, 0x00, 
  0x00, 0x00, 0x00, 0x00, 0x00, 0x00, 0x00, 0x00, 0x00, 0x00, 0x00, 0x00, 0x00, 0x00, 0x00, 0x00, 
  0x00, 0x00, 0x00, 0x00, 0x00, 0x00, 0x00, 0x00, 0x00, 0x00, 0x00, 0x00, 0x00, 0x00, 0x00, 0x00, 
  0x00, 0x00, 0x00, 0x00, 0x00, 0x00, 0x00, 0x00, 0x00, 0x00, 0x00, 0x00, 0x00, 0x00, 0x00, 0x00, 
  0x00, 0x00, 0x00, 0x00, 0x00, 0x00, 0x00, 0x00, 0x00, 0x00, 0x00, 0x00, 0x00, 0x00, 0x00, 0x00, 
  0x00, 0x00, 0x00, 0x00, 0x00, 0x00, 0x00, 0x00, 0x00, 0x00, 0x00, 0x00, 0x00, 0x00, 0x00, 0x00, 
  0x00, 0x00, 0x00, 0x00, 0x00, 0x00, 0x00, 0x00, 0x00, 0x00, 0x00, 0x00, 0x00, 0x00, 0x00, 0x00, 
  0x00, 0x00, 0x00, 0x00, 0x00, 0x00, 0x00, 0x00, 0x00, 0x00, 0x00, 0x00, 0x00, 0x00, 0x00, 0x00, 
  0x00, 0x00, 0x00, 0x00, 0x00, 0x00, 0x00, 0x00, 0x00, 0x00, 0x00, 0x00, 0x00, 0x00, 0x00, 0x00, 
  0x00, 0x00, 0x00, 0x00, 0x00, 0x00, 0x00, 0x00, 0x00, 0x00, 0x00, 0x00, 0x00, 0x00, 0x00, 0x00, 
  0x00, 0x00, 0x00, 0x00, 0x00, 0x00, 0x00, 0x00, 0x00, 0x00, 0x00, 0x00, 0x00, 0x00, 0x00, 0x00, 
  0x00, 0x00, 0x00, 0x00, 0x00, 0x00, 0x00, 0x00, 0x00, 0x00, 0x00, 0x00, 0x00, 0x00, 0x00, 0x00, 
  0x00, 0x00, 0x00, 0x00, 0x00, 0x00, 0x00, 0x00, 0x00, 0x00, 0x00, 0x00, 0x00, 0x00, 0x00, 0x00, 
  0x00, 0x00, 0x00, 0x00, 0x00, 0x00, 0x00, 0x00, 0x00, 0x00, 0x00, 0x00, 0x00, 0x00, 0x00, 0x00, 
  0x00, 0x00, 0x00, 0x00, 0x00, 0x00, 0x00, 0x00, 0x00, 0x00, 0x00, 0x00, 0x00, 0x00, 0x00, 0x00, 
  0x00, 0x00, 0x00, 0x00, 0x00, 0x00, 0x00, 0x00, 0x00, 0x00, 0x00, 0x00, 0x00, 0x00, 0x00, 0x00, 
  0x00, 0x00, 0x00, 0x00, 0x00, 0x00, 0x00, 0x00, 0x00, 0x00, 0x00, 0x00, 0x00, 0x00, 0x00, 0x00, 
  0x00, 0x00, 0x00, 0x00, 0x00, 0x00, 0x00, 0x00, 0x00, 0x00, 0x00, 0x00, 0x00, 0x00, 0x00, 0x00, 
  0x00, 0x00, 0x00, 0x00, 0x00, 0x00, 0x00, 0x00, 0x00, 0x00, 0x00, 0x00, 0x00, 0x00, 0x00, 0x00, 
  0x00, 0x00, 0x00, 0x00, 0x00, 0x00, 0x00, 0x00, 0x00, 0x00, 0x00, 0x00, 0x00, 0x00, 0x00, 0x00, 
  0x00, 0x00, 0x00, 0x00, 0x00, 0x00, 0x00, 0x00, 0x00, 0x00, 0x00, 0x00, 0x00, 0x00, 0x00, 0x00, 
  0x00, 0x00, 0x00, 0x00, 0x00, 0x00, 0x00, 0x00, 0x00, 0x00, 0x00, 0x00, 0x00, 0x00, 0x00, 0x00, 
  0x00, 0x00, 0x00, 0x00, 0x00, 0x00, 0x00, 0x00, 0x00, 0x00, 0x00, 0x00, 0x00, 0x00, 0x00, 0x00, 
  0x00, 0x00, 0x00, 0x00, 0x00, 0x00, 0x00, 0x00, 0x00, 0x00, 0x00, 0x00, 0x00, 0x00, 0x00, 0x00, 
  0x00, 0x00, 0x00, 0x00, 0x00, 0x00, 0x00, 0x00, 0x00, 0x00, 0x00, 0x00, 0x00, 0x00, 0x00, 0x00, 
  0x00, 0x00, 0x00, 0x00, 0x00, 0x00, 0x00, 0x00, 0x00, 0x00, 0x00, 0x00, 0x00, 0x00, 0x00, 0x00, 
  0x00, 0x00, 0x00, 0x00, 0x00, 0x00, 0x00, 0x00, 0x00, 0x00, 0x00, 0x00, 0x00, 0x00, 0x00, 0x00, 
  0x00, 0x00, 0x00, 0x00, 0x00, 0x00, 0x00, 0x00, 0x00, 0x00, 0x00, 0x00, 0x00, 0x00, 0x00, 0x00, 
  0x00, 0x00, 0x00, 0x00, 0x00, 0x00, 0x00, 0x00, 0x00, 0x00, 0x00, 0x00, 0x00, 0x00, 0x00, 0x00, 
  0x00, 0x00, 0x00, 0x00, 0x00, 0x00, 0x00, 0x00, 0x00, 0x00, 0x00, 0x00, 0x00, 0x00, 0x00, 0x00, 
  0x00, 0x00, 0x00, 0x00, 0x00, 0x00, 0x00, 0x00, 0x00, 0x00, 0x00, 0x00, 0x00, 0x00, 0x00, 0x00, 
  0x00, 0x00, 0x00, 0x00, 0x00, 0x00, 0x00, 0x00, 0x00, 0x00, 0x00, 0x00, 0x00, 0x00, 0x00, 0x00, 
  0x00, 0x00, 0x00, 0x00, 0x00, 0x00, 0x00, 0x00, 0x00, 0x00, 0x00, 0x00, 0x00, 0x00, 0x00, 0x00, 
  0x00, 0x00, 0x00, 0x00, 0x00, 0x00, 0x00, 0x00, 0x00, 0x00, 0x00, 0x00, 0x00, 0x00, 0x00, 0x00, 
  0x00, 0x00, 0x00, 0x00, 0x00, 0x00, 0x00, 0x00, 0x00, 0x00, 0x00, 0x00, 0x00, 0x00, 0x00, 0x00, 
  0x00, 0x00, 0x00, 0x00, 0x00, 0x00, 0x00, 0x00, 0x00, 0x00, 0x00, 0x00, 0x00, 0x00, 0x00, 0x00, 
  0x00, 0x00, 0x00, 0x00, 0x00, 0x00, 0x00, 0x00, 0x00, 0x00, 0x00, 0x00, 0x00, 0x00, 0x00, 0x00, 
  0x00, 0x00, 0x00, 0x00, 0x00, 0x00, 0x00, 0x00, 0x00, 0x00, 0x00, 0x00, 0x00, 0x00, 0x00, 0x00, 
  0x00, 0x00, 0x00, 0x00, 0x00, 0x00, 0x00, 0x00, 0x00, 0x00, 0x00, 0x00, 0x00, 0x00, 0x00, 0x00, 
  0x00, 0x00, 0x00, 0x00, 0x00, 0x00, 0x00, 0x00, 0x00, 0x00, 0x00, 0x00, 0x00, 0x00, 0x00, 0x00, 
  0x00, 0x00, 0x00, 0x00, 0x00, 0x00, 0x00, 0x00, 0x00, 0x00, 0x00, 0x00, 0x00, 0x00, 0x00, 0x00, 
  0x00, 0x00, 0x00, 0x00, 0x00, 0x00, 0x00, 0x00, 0x00, 0x00, 0x00, 0x00, 0x00, 0x00, 0x00, 0x00, 
  0x00, 0x00, 0x00, 0x00, 0x00, 0x00, 0x00, 0x00, 0x00, 0x00, 0x00, 0x00, 0x00, 0x00, 0x00, 0x00, 
  0x00, 0x00, 0x00, 0x00, 0x00, 0x00, 0x00, 0x00, 0x00, 0x00, 0x00, 0x00, 0x00, 0x00, 0x00, 0x00, 
  0x00, 0x00, 0x00, 0x00, 0x00, 0x00, 0x00, 0x00, 0x00, 0x00, 0x00, 0x00, 0x00, 0x00, 0x00, 0x00, 
  0x00, 0x00, 0x00, 0x00, 0x00, 0x00, 0x00, 0x00, 0x00, 0x00, 0x00, 0x00, 0x00, 0x00, 0x00, 0x00, 
  0x00, 0x00, 0x00, 0x00, 0x00, 0x00, 0x00, 0x00, 0x00, 0x00, 0x00, 0x00, 0x00, 0x00, 0x00, 0x00, 
  0x00, 0x00, 0x00, 0x00, 0x00, 0x00, 0x00, 0x00, 0x00, 0x00, 0x00, 0x00, 0x00, 0x00, 0x00, 0x00, 
  0x00, 0x00, 0x00, 0x00, 0x00, 0x00, 0x00, 0x00, 0x00, 0x00, 0x00, 0x00, 0x00, 0x00, 0x00, 0x00, 
  0x00, 0x00, 0x00, 0x00, 0x00, 0x00, 0x00, 0x00, 0x00, 0x00, 0x00, 0x00, 0x00, 0x00, 0x00, 0x00, 
  0x00, 0x00, 0x00, 0x00, 0x00, 0x00, 0x00, 0x00, 0x00, 0x00, 0x00, 0x00, 0x00, 0x00, 0x00, 0x00, 
  0x00, 0x00, 0x00, 0x00, 0x00, 0x00, 0x00, 0x00, 0x00, 0x00, 0x00, 0x00, 0x00, 0x00, 0x00, 0x00, 
  0x00, 0x00, 0x00, 0x00, 0x00, 0x00, 0x00, 0x00, 0x00, 0x00, 0x00, 0x00, 0x00, 0x00, 0x00, 0x00, 
  0x00, 0x00, 0x00, 0x00, 0x00, 0x00, 0x00, 0x00, 0x00, 0x00, 0x00, 0x00, 0x00, 0x00, 0x00, 0x00, 
  0x00, 0x00, 0x00, 0x00, 0x00, 0x00, 0x00, 0x00, 0x00, 0x00, 0x00, 0x00, 0x00, 0x00, 0x00, 0x00, 
  0x00, 0x00, 0x00, 0x00, 0x00, 0x00, 0x00, 0x00, 0x00, 0x00, 0x00, 0x00, 0x00, 0x00, 0x00, 0x00, 
  0x00, 0x00, 0x00, 0x00, 0x00, 0x00, 0x00, 0x00, 0x00, 0x00, 0x00, 0x00, 0x00, 0x00, 0x00, 0x00, 
  0x00, 0x00, 0x00, 0x00, 0x00, 0x00, 0x00, 0x00, 0x00, 0x00, 0x00, 0x00, 0x00, 0x00, 0x00, 0x00, 
  0x00, 0x00, 0x00, 0x00, 0x00, 0x00, 0x00, 0x00, 0x00, 0x00, 0x00, 0x00, 0x00, 0x00, 0x00, 0x00, 
  0x00, 0x00, 0x00, 0x00, 0x00, 0x00, 0x00, 0x00, 0x00, 0x00, 0x00, 0x00, 0x00, 0x00, 0x00, 0x00, 
  0x00, 0x00, 0x00, 0x00, 0x00, 0x00, 0x00, 0x00, 0x00, 0x00, 0x00, 0x00, 0x00, 0x00, 0x00, 0x00, 
  0x00, 0x00, 0x00, 0x00, 0x00, 0x00, 0x00, 0x00, 0x00, 0x00, 0x00, 0x00, 0x00, 0x00, 0x00, 0x00, 
  0x00, 0x00, 0x00, 0x00, 0x00, 0x00, 0x00, 0x00, 0x00, 0x00, 0x00, 0x00, 0x00, 0x00, 0x00, 0x00, 
  0x00, 0x00, 0x00, 0x00, 0x00, 0x00, 0x00, 0x00, 0x00, 0x00, 0x00, 0x00, 0x00, 0x00, 0x00, 0x00, 
  0x00, 0x00, 0x00, 0x00, 0x00, 0x00, 0x00, 0x00, 0x00, 0x00, 0x00, 0x00, 0x00, 0x00, 0x00, 0x00, 
  0x00, 0x00, 0x00, 0x00, 0x00, 0x00, 0x00, 0x00, 0x00, 0x00, 0x00, 0x00, 0x00, 0x00, 0x00, 0x00, 
  0x00, 0x00, 0x00, 0x00, 0x00, 0x00, 0x00, 0x00, 0x00, 0x00, 0x00, 0x00, 0x00, 0x00, 0x00, 0x00, 
  0x00, 0x00, 0x00, 0x00, 0x00, 0x00, 0x00, 0x00, 0x00, 0x00, 0x00, 0x00, 0x00, 0x00, 0x00, 0x00, 
  0x00, 0x00, 0x00, 0x00, 0x00, 0x00, 0x00, 0x00, 0x00, 0x00, 0x00, 0x00, 0x00, 0x00, 0x00, 0x00, 
  0x00, 0x00, 0x00, 0x00, 0x00, 0x00, 0x00, 0x00, 0x00, 0x00, 0x00, 0x00, 0x00, 0x00, 0x00, 0x00, 
  0x00, 0x00, 0x00, 0x00, 0x00, 0x00, 0x00, 0x00, 0x00, 0x00, 0x00, 0x00, 0x00, 0x00, 0x00, 0x00, 
  0x00, 0x00, 0x00, 0x00, 0x00, 0x00, 0x00, 0x00, 0x00, 0x00, 0x00, 0x00, 0x00, 0x00, 0x00, 0x00, 
  0x00, 0x00, 0x00, 0x00, 0x00, 0x00, 0x00, 0x00, 0x00, 0x00, 0x00, 0x00, 0x00, 0x00, 0x00, 0x00, 
  0x00, 0x00, 0x00, 0x00, 0x00, 0x00, 0x00, 0x00, 0x00, 0x00, 0x00, 0x00, 0x00, 0x00, 0x00, 0x00, 
  0x00, 0x00, 0x00, 0x00, 0x00, 0x00, 0x00, 0x00, 0x00, 0x00, 0x00, 0x00, 0x00, 0x00, 0x00, 0x00, 
  0x00, 0x00, 0x00, 0x00, 0x00, 0x00, 0x00, 0x00, 0x00, 0x00, 0x00, 0x00, 0x00, 0x00, 0x00, 0x00, 
  0x00, 0x00, 0x00, 0x00, 0x00, 0x00, 0x00, 0x00, 0x00, 0x00, 0x00, 0x00, 0x00, 0x00, 0x00, 0x00, 
  0x00, 0x00, 0x00, 0x00, 0x00, 0x00, 0x00, 0x00, 0x00, 0x00, 0x00, 0x00, 0x00, 0x00, 0x00, 0x00, 
  0x00, 0x00, 0x00, 0x00, 0x00, 0x00, 0x00, 0x00, 0x00, 0x00, 0x00, 0x00, 0x00, 0x00, 0x00, 0x00, 
  0x00, 0x00, 0x00, 0x00, 0x00, 0x00, 0x00, 0x00, 0x00, 0x00, 0x00, 0x00, 0x00, 0x00, 0x00, 0x00, 
  0x00, 0x00, 0x00, 0x00, 0x00, 0x00, 0x00, 0x00, 0x00, 0x00, 0x00, 0x00, 0x00, 0x00, 0x00, 0x00, 
  0x00, 0x00, 0x00, 0x00, 0x00, 0x00, 0x00, 0x00, 0x00, 0x00, 0x00, 0x00, 0x00, 0x00, 0x00, 0x00, 
  0x00, 0x00, 0x00, 0x00, 0x00, 0x00, 0x00, 0x00, 0x00, 0x00, 0x00, 0x00, 0x00, 0x00, 0x00, 0x00, 
  0x00, 0x00, 0x00, 0x00, 0x00, 0x00, 0x00, 0x00, 0x00, 0x00, 0x00, 0x00, 0x00, 0x00, 0x00, 0x00, 
  0x00, 0x00, 0x00, 0x00, 0x00, 0x00, 0x00, 0x00, 0x00, 0x00, 0x00, 0x00, 0x00, 0x00, 0x00, 0x00, 
  0x00, 0x00, 0x00, 0x00, 0x00, 0x00, 0x00, 0x00, 0x00, 0x00, 0x00, 0x00, 0x00, 0x00, 0x00, 0x00, 
  0x00, 0x00, 0x00, 0x00, 0x00, 0x00, 0x00, 0x00, 0x00, 0x00, 0x00, 0x00, 0x00, 0x00, 0x00, 0x00, 
  0x00, 0x00, 0x00, 0x00, 0x00, 0x00, 0x00, 0x00, 0x00, 0x00, 0x00, 0x00, 0x00, 0x00, 0x00, 0x00, 
  0x00, 0x00, 0x00, 0x00, 0x00, 0x00, 0x00, 0x00, 0x00, 0x00, 0x00, 0x00, 0x00, 0x00, 0x00, 0x00, 
  0x00, 0x00, 0x00, 0x00, 0x00, 0x00, 0x00, 0x00, 0x00, 0x00, 0x00, 0x00, 0x00, 0x00, 0x00, 0x00, 
  0x00, 0x00, 0x00, 0x00, 0x00, 0x00, 0x00, 0x00, 0x00, 0x00, 0x00, 0x00, 0x00, 0x00, 0x00, 0x00, 
  0x00, 0x00, 0x00, 0x00, 0x00, 0x00, 0x00, 0x00, 0x00, 0x00, 0x00, 0x00, 0x00, 0x00, 0x00, 0x00, 
  0x00, 0x00, 0x00, 0x00, 0x00, 0x00, 0x00, 0x00, 0x00, 0x00, 0x00, 0x00, 0x00, 0x00, 0x00, 0x00, 
  0x00, 0x00, 0x00, 0x00, 0x00, 0x00, 0x00, 0x00, 0x00, 0x00, 0x00, 0x00, 0x00, 0x00, 0x00, 0x00, 
  0x00, 0x00, 0x00, 0x00, 0x00, 0x00, 0x00, 0x00, 0x00, 0x00, 0x00, 0x00, 0x00, 0x00, 0x00, 0x00, 
  0x00, 0x00, 0x00, 0x00, 0x00, 0x00, 0x00, 0x00, 0x00, 0x00, 0x00, 0x00, 0x00, 0x00, 0x00, 0x00, 
  0x00, 0x00, 0x00, 0x00, 0x00, 0x00, 0x00, 0x00, 0x00, 0x00, 0x00, 0x00, 0x00, 0x00, 0x00, 0x00, 
  0x00, 0x00, 0x00, 0x00, 0x00, 0x00, 0x00, 0x00, 0x00, 0x00, 0x00, 0x00, 0x00, 0x00, 0x00, 0x00, 
  0x00, 0x00, 0x00, 0x00, 0x00, 0x00, 0x00, 0x00, 0x00, 0x00, 0x00, 0x00, 0x00, 0x00, 0x00, 0x00, 
  0x00, 0x00, 0x00, 0x00, 0x00, 0x00, 0x00, 0x00, 0x00, 0x00, 0x00, 0x00, 0x00, 0x00, 0x00, 0x00, 
  0x00, 0x00, 0x00, 0x00, 0x00, 0x00, 0x00, 0x00, 0x00, 0x00, 0x00, 0x00, 0x00, 0x00, 0x00, 0x00, 
  0x00, 0x00, 0x00, 0x00, 0x00, 0x00, 0x00, 0x00, 0x00, 0x00, 0x00, 0x00, 0x00, 0x00, 0x00, 0x00, 
  0x00, 0x00, 0x00, 0x00, 0x00, 0x00, 0x00, 0x00, 0x00, 0x00, 0x00, 0x00, 0x00, 0x00, 0x00, 0x00, 
  0x00, 0x00, 0x00, 0x00, 0x00, 0x00, 0x00, 0x00, 0x00, 0x00, 0x00, 0x00, 0x00, 0x00, 0x00, 0x00, 
  0x00, 0x00, 0x00, 0x00, 0x00, 0x00, 0x00, 0x00, 0x00, 0x00, 0x00, 0x00, 0x00, 0x00, 0x00, 0x00, 
  0x00, 0x00, 0x00, 0x00, 0x00, 0x00, 0x00, 0x00, 0x00, 0x00, 0x00, 0x00, 0x00, 0x00, 0x00, 0x00, 
  0x00, 0x00, 0x00, 0x00, 0x00, 0x00, 0x00, 0x00, 0x00, 0x00, 0x00, 0x00, 0x00, 0x00, 0x00, 0x00, 
  0x00, 0x00, 0x00, 0x00, 0x00, 0x00, 0x00, 0x00, 0x00, 0x00, 0x00, 0x00, 0x00, 0x00, 0x00, 0x00, 
  0x00, 0x00, 0x00, 0x00, 0x00, 0x00, 0x00, 0x00, 0x00, 0x00, 0x00, 0x00, 0x00, 0x00, 0x00, 0x00, 
  0x00, 0x00, 0x00, 0x00, 0x00, 0x00, 0x00, 0x00, 0x00, 0x00, 0x00, 0x00, 0x00, 0x00, 0x00, 0x00, 
  0x00, 0x00, 0x00, 0x00, 0x00, 0x00, 0x00, 0x00, 0x00, 0x00, 0x00, 0x00, 0x00, 0x00, 0x00, 0x00, 
  0x00, 0x00, 0x00, 0x00, 0x00, 0x00, 0x00, 0x00, 0x00, 0x00, 0x00, 0x00, 0x00, 0x00, 0x00, 0x00, 
  0x00, 0x00, 0x00, 0x00, 0x00, 0x00, 0x00, 0x00, 0x00, 0x00, 0x00, 0x00, 0x00, 0x00, 0x00, 0x00, 
  0x00, 0x00, 0x00, 0x00, 0x00, 0x00, 0x00, 0x00, 0x00, 0x00, 0x00, 0x00, 0x00, 0x00, 0x00, 0x00, 
  0x00, 0x00, 0x00, 0x00, 0x00, 0x00, 0x00, 0x00, 0x00, 0x00, 0x00, 0x00, 0x00, 0x00, 0x00, 0x00, 
  0x00, 0x00, 0x00, 0x00, 0x00, 0x00, 0x00, 0x00, 0x00, 0x00, 0x00, 0x00, 0x00, 0x00, 0x00, 0x00, 
  0x00, 0x00, 0x00, 0x00, 0x00, 0x00, 0x00, 0x00, 0x00, 0x00, 0x00, 0x00, 0x00, 0x00, 0x00, 0x00, 
  0x00, 0x00, 0x00, 0x00, 0x00, 0x00, 0x00, 0x00, 0x00, 0x00, 0x00, 0x00, 0x00, 0x00, 0x00, 0x00, 
  0x00, 0x00, 0x00, 0x00, 0x00, 0x00, 0x00, 0x00, 0x00, 0x00, 0x00, 0x00, 0x00, 0x00, 0x00, 0x00, 
  0x00, 0x00, 0x00, 0x00, 0x00, 0x00, 0x00, 0x00, 0x00, 0x00, 0x00, 0x00, 0x00, 0x00, 0x00, 0x00, 
  0x00, 0x00, 0x00, 0x00, 0x00, 0x00, 0x00, 0x00, 0x00, 0x00, 0x00, 0x00, 0x00, 0x00, 0x00, 0x00, 
  0x00, 0x00, 0x00, 0x00, 0x00, 0x00, 0x00, 0x00, 0x00, 0x00, 0x00, 0x00, 0x00, 0x00, 0x00, 0x00, 
  0x00, 0x00, 0x00, 0x00, 0x00, 0x00, 0x00, 0x00, 0x00, 0x00, 0x00, 0x00, 0x00, 0x00, 0x00, 0x00, 
  0x00, 0x00, 0x00, 0x00, 0x00, 0x00, 0x00, 0x00, 0x00, 0x00, 0x00, 0x00, 0x00, 0x00, 0x00, 0x00, 
  0x00, 0x00, 0x00, 0x00, 0x00, 0x00, 0x00, 0x00, 0x00, 0x00, 0x00, 0x00, 0x00, 0x00, 0x00, 0x00, 
  0x00, 0x00, 0x00, 0x00, 0x00, 0x00, 0x00, 0x00, 0x00, 0x00, 0x00, 0x00, 0x00, 0x00, 0x00, 0x00, 
  0x00, 0x00, 0x00, 0x00, 0x00, 0x00, 0x00, 0x00, 0x00, 0x00, 0x00, 0x00, 0x00, 0x00, 0x00, 0x00, 
  0x00, 0x00, 0x00, 0x00, 0x00, 0x00, 0x00, 0x00, 0x00, 0x00, 0x00, 0x00, 0x00, 0x00, 0x00, 0x00, 
  0x00, 0x00, 0x00, 0x00, 0x00, 0x00, 0x00, 0x00, 0x00, 0x00, 0x00, 0x00, 0x00, 0x00, 0x00, 0x00, 
  0x00, 0x00, 0x00, 0x00, 0x00, 0x00, 0x00, 0x00, 0x00, 0x00, 0x00, 0x00, 0x00, 0x00, 0x00, 0x00, 
  0x00, 0x00, 0x00, 0x00, 0x00, 0x00, 0x00, 0x00, 0x00, 0x00, 0x00, 0x00, 0x00, 0x00, 0x00, 0x00, 
  0x00, 0x00, 0x00, 0x00, 0x00, 0x00, 0x00, 0x00, 0x00, 0x00, 0x00, 0x00, 0x00, 0x00, 0x00, 0x00, 
  0x00, 0x00, 0x00, 0x00, 0x00, 0x00, 0x00, 0x00, 0x00, 0x00, 0x00, 0x00, 0x00, 0x00, 0x00, 0x00, 
  0x00, 0x00, 0x00, 0x00, 0x00, 0x00, 0x00, 0x00, 0x00, 0x00, 0x00, 0x00, 0x00, 0x00, 0x00, 0x00, 
  0x00, 0x00, 0x00, 0x00, 0x00, 0x00, 0x00, 0x00, 0x00, 0x00, 0x00, 0x00, 0x00, 0x00, 0x00, 0x00, 
  0x00, 0x00, 0x00, 0x00, 0x00, 0x00, 0x00, 0x00, 0x00, 0x00, 0x00, 0x00, 0x00, 0x00, 0x00, 0x00, 
  0x00, 0x00, 0x00, 0x00, 0x00, 0x00, 0x00, 0x00, 0x00, 0x00, 0x00, 0x00, 0x00, 0x00, 0x00, 0x00, 
  0x00, 0x00, 0x00, 0x00, 0x00, 0x00, 0x00, 0x00, 0x00, 0x00, 0x00, 0x00, 0x00, 0x00, 0x00, 0x00, 
  0x00, 0x00, 0x00, 0x00, 0x00, 0x00, 0x00, 0x00, 0x00, 0x00, 0x00, 0x00, 0x00, 0x00, 0x00, 0x00, 
  0x00, 0x00, 0x00, 0x00, 0x00, 0x00, 0x00, 0x00, 0x00, 0x00, 0x00, 0x00, 0x00, 0x00, 0x00, 0x00, 
  0x00, 0x00, 0x00, 0x00, 0x00, 0x00, 0x00, 0x00, 0x00, 0x00, 0x00, 0x00, 0x00, 0x00, 0x00, 0x00, 
  0x00, 0x00, 0x00, 0x00, 0x00, 0x00, 0x00, 0x00, 0x00, 0x00, 0x00, 0x00, 0x00, 0x00, 0x00, 0x00, 
  0x00, 0x00, 0x00, 0x00, 0x00, 0x00, 0x00, 0x00, 0x00, 0x00, 0x00, 0x00, 0x00, 0x00, 0x00, 0x00, 
  0x00, 0x00, 0x00, 0x00, 0x00, 0x00, 0x00, 0x00, 0x00, 0x00, 0x00, 0x00, 0x00, 0x00, 0x00, 0x00, 
  0x00, 0x00, 0x00, 0x00, 0x00, 0x00, 0x00, 0x00, 0x00, 0x00, 0x00, 0x00, 0x00, 0x00, 0x00, 0x00, 
  0x00, 0x00, 0x00, 0x00, 0x00, 0x00, 0x00, 0x00, 0x00, 0x00, 0x00, 0x00, 0x00, 0x00, 0x00, 0x00, 
  0x00, 0x00, 0x00, 0x00, 0x00, 0x00, 0x00, 0x00, 0x00, 0x00, 0x00, 0x00, 0x00, 0x00, 0x00, 0x00, 
  0x00, 0x00, 0x00, 0x00, 0x00, 0x00, 0x00, 0x00, 0x00, 0x00, 0x00, 0x00, 0x00, 0x00, 0x00, 0x00, 
  0x00, 0x00, 0x00, 0x00, 0x00, 0x00, 0x00, 0x00, 0x00, 0x00, 0x00, 0x00, 0x00, 0x00, 0x00, 0x00, 
  0x00, 0x00, 0x00, 0x00, 0x00, 0x00, 0x00, 0x00, 0x00, 0x00, 0x00, 0x00, 0x00, 0x00, 0x00, 0x00, 
  0x00, 0x00, 0x00, 0x00, 0x00, 0x00, 0x00, 0x00, 0x00, 0x00, 0x00, 0x00, 0x00, 0x00, 0x00, 0x00, 
  0x00, 0x00, 0x00, 0x00, 0x00, 0x00, 0x00, 0x00, 0x00, 0x00, 0x00, 0x00, 0x00, 0x00, 0x00, 0x00, 
  0x00, 0x00, 0x00, 0x00, 0x00, 0x00, 0x00, 0x00, 0x00, 0x00, 0x00, 0x00, 0x00, 0x00, 0x00, 0x00, 
  0x00, 0x00, 0x00, 0x00, 0x00, 0x00, 0x00, 0x00, 0x00, 0x00, 0x00, 0x00, 0x00, 0x00, 0x00, 0x00, 
  0x00, 0x00, 0x00, 0x00, 0x00, 0x00, 0x00, 0x00, 0x00, 0x00, 0x00, 0x00, 0x00, 0x00, 0x00, 0x00, 
  0x00, 0x00, 0x00, 0x00, 0x00, 0x00, 0x00, 0x00, 0x00, 0x00, 0x00, 0x00, 0x00, 0x00, 0x00, 0x00, 
  0x00, 0x00, 0x00, 0x00, 0x00, 0x00, 0x00, 0x00, 0x00, 0x00, 0x00, 0x00, 0x00, 0x00, 0x00, 0x00, 
  0x00, 0x00, 0x00, 0x00, 0x00, 0x00, 0x00, 0x00, 0x00, 0x00, 0x00, 0x00, 0x00, 0x00, 0x00, 0x00, 
  0x00, 0x00, 0x00, 0x00, 0x00, 0x00, 0x00, 0x00, 0x00, 0x00, 0x00, 0x00, 0x00, 0x00, 0x00, 0x00, 
  0x00, 0x00, 0x00, 0x00, 0x00, 0x00, 0x00, 0x00, 0x00, 0x00, 0x00, 0x00, 0x00, 0x00, 0x00, 0x00, 
  0x00, 0x00, 0x00, 0x00, 0x00, 0x00, 0x00, 0x00, 0x00, 0x00, 0x00, 0x00, 0x00, 0x00, 0x00, 0x00, 
  0x00, 0x00, 0x00, 0x00, 0x00, 0x00, 0x00, 0x00, 0x00, 0x00, 0x00, 0x00, 0x00, 0x00, 0x00, 0x00, 
  0x00, 0x00, 0x00, 0x00, 0x00, 0x00, 0x00, 0x00, 0x00, 0x00, 0x00, 0x00, 0x00, 0x00, 0x00, 0x00, 
  0x00, 0x00, 0x00, 0x00, 0x00, 0x00, 0x00, 0x00, 0x00, 0x00, 0x00, 0x00, 0x00, 0x00, 0x00, 0x00, 
  0x00, 0x00, 0x00, 0x00, 0x00, 0x00, 0x00, 0x00, 0x00, 0x00, 0x00, 0x00, 0x00, 0x00, 0x00, 0x00, 
  0x00, 0x00, 0x00, 0x00, 0x00, 0x00, 0x00, 0x00, 0x00, 0x00, 0x00, 0x00, 0x00, 0x00, 0x00, 0x00, 
  0x00, 0x00, 0x00, 0x00, 0x00, 0x00, 0x00, 0x00, 0x00, 0x00, 0x00, 0x00, 0x00, 0x00, 0x00, 0x00, 
  0x00, 0x00, 0x00, 0x00, 0x00, 0x00, 0x00, 0x00, 0x00, 0x00, 0x00, 0x00, 0x00, 0x00, 0x00, 0x00, 
  0x00, 0x00, 0x00, 0x00, 0x00, 0x00, 0x00, 0x00, 0x00, 0x00, 0x00, 0x00, 0x00, 0x00, 0x00, 0x00, 
  0x00, 0x00, 0x00, 0x00, 0x00, 0x00, 0x00, 0x00, 0x00, 0x00, 0x00, 0x00, 0x00, 0x00, 0x00, 0x00, 
  0x00, 0x00, 0x00, 0x00, 0x00, 0x00, 0x00, 0x00, 0x00, 0x00, 0x00, 0x00, 0x00, 0x00, 0x00, 0x00, 
  0x00, 0x00, 0x00, 0x00, 0x00, 0x00, 0x00, 0x00, 0x00, 0x00, 0x00, 0x00, 0x00, 0x00, 0x00, 0x00, 
  0x00, 0x00, 0x00, 0x00, 0x00, 0x00, 0x00, 0x00, 0x00, 0x00, 0x00, 0x00, 0x00, 0x00, 0x00, 0x00, 
  0x00, 0x00, 0x00, 0x00, 0x00, 0x00, 0x00, 0x00, 0x00, 0x00, 0x00, 0x00, 0x00, 0x00, 0x00, 0x00, 
  0x00, 0x00, 0x00, 0x00, 0x00, 0x00, 0x00, 0x00, 0x00, 0x00, 0x00, 0x00, 0x00, 0x00, 0x00, 0x00, 
  0x00, 0x00, 0x00, 0x00, 0x00, 0x00, 0x00, 0x00, 0x00, 0x00, 0x00, 0x00, 0x00, 0x00, 0x00, 0x00, 
  0x00, 0x00, 0x00, 0x00, 0x00, 0x00, 0x00, 0x00, 0x00, 0x00, 0x00, 0x00, 0x00, 0x00, 0x00, 0x00, 
  0x00, 0x00, 0x00, 0x00, 0x00, 0x00, 0x00, 0x00, 0x00, 0x00, 0x00, 0x00, 0x00, 0x00, 0x00, 0x00, 
  0x00, 0x00, 0x00, 0x00, 0x00, 0x00, 0x00, 0x00, 0x00, 0x00, 0x00, 0x00, 0x00, 0x00, 0x00, 0x00, 
  0x00, 0x00, 0x00, 0x00, 0x00, 0x00, 0x00, 0x00, 0x00, 0x00, 0x00, 0x00, 0x00, 0x00, 0x00, 0x00, 
  0x00, 0x00, 0x00, 0x00, 0x00, 0x00, 0x00, 0x00, 0x00, 0x00, 0x00, 0x00, 0x00, 0x00, 0x00, 0x00, 
  0x00, 0x00, 0x00, 0x00, 0x00, 0x00, 0x00, 0x00, 0x00, 0x00, 0x00, 0x00, 0x00, 0x00, 0x00, 0x00, 
  0x00, 0x00, 0x00, 0x00, 0x00, 0x00, 0x00, 0x00, 0x00, 0x00, 0x00, 0x00, 0x00, 0x00, 0x00, 0x00, 
  0x00, 0x00, 0x00, 0x00, 0x00, 0x00, 0x00, 0x00, 0x00, 0x00, 0x00, 0x00, 0x00, 0x00, 0x00, 0x00, 
  0x00, 0x00, 0x00, 0x00, 0x00, 0x00, 0x00, 0x00, 0x00, 0x00, 0x00, 0x00, 0x00, 0x00, 0x00, 0x00, 
  0x00, 0x00, 0x00, 0x00, 0x00, 0x00, 0x00, 0x00, 0x00, 0x00, 0x00, 0x00, 0x00, 0x00, 0x00, 0x00, 
  0x00, 0x00, 0x00, 0x00, 0x00, 0x00, 0x00, 0x00, 0x00, 0x00, 0x00, 0x00, 0x00, 0x00, 0x00, 0x00, 
  0x00, 0x00, 0x00, 0x00, 0x00, 0x00, 0x00, 0x00, 0x00, 0x00, 0x00, 0x00, 0x00, 0x00, 0x00, 0x00, 
  0x00, 0x00, 0x00, 0x00, 0x00, 0x00, 0x00, 0x00, 0x00, 0x00, 0x00, 0x00, 0x00, 0x00, 0x00, 0x00, 
  0x00, 0x00, 0x00, 0x00, 0x00, 0x00, 0x00, 0x00, 0x00, 0x00, 0x00, 0x00, 0x00, 0x00, 0x00, 0x00, 
  0x00, 0x00, 0x00, 0x00, 0x00, 0x00, 0x00, 0x00, 0x00, 0x00, 0x00, 0x00, 0x00, 0x00, 0x00, 0x00, 
  0x00, 0x00, 0x00, 0x00, 0x00, 0x00, 0x00, 0x00, 0x00, 0x00, 0x00, 0x00, 0x00, 0x00, 0x00, 0x00, 
  0x00, 0x00, 0x00, 0x00, 0x00, 0x00, 0x00, 0x00, 0x00, 0x00, 0x00, 0x00, 0x00, 0x00, 0x00, 0x00, 
  0x00, 0x00, 0x00, 0x00, 0x00, 0x00, 0x00, 0x00, 0x00, 0x00, 0x00, 0x00, 0x00, 0x00, 0x00, 0x00, 
  0x00, 0x00, 0x00, 0x00, 0x00, 0x00, 0x00, 0x00, 0x00, 0x00, 0x00, 0x00, 0x00, 0x00, 0x00, 0x00, 
  0x00, 0x00, 0x00, 0x00, 0x00, 0x00, 0x00, 0x00, 0x00, 0x00, 0x00, 0x00, 0x00, 0x00, 0x00, 0x00, 
  0x00, 0x00, 0x00, 0x00, 0x00, 0x00, 0x00, 0x00, 0x00, 0x00, 0x00, 0x00, 0x00, 0x00, 0x00, 0x00, 
  0x00, 0x00, 0x00, 0x00, 0x00, 0x00, 0x00, 0x00, 0x00, 0x00, 0x00, 0x00, 0x00, 0x00, 0x00, 0x00, 
  0x00, 0x00, 0x00, 0x00, 0x00, 0x00, 0x00, 0x00, 0x00, 0x00, 0x00, 0x00, 0x00, 0x00, 0x00, 0x00, 
  0x00, 0x00, 0x00, 0x00, 0x00, 0x00, 0x00, 0x00, 0x00, 0x00, 0x00, 0x00, 0x00, 0x00, 0x00, 0x00, 
  0x00, 0x00, 0x00, 0x00, 0x00, 0x00, 0x00, 0x00, 0x00, 0x00, 0x00, 0x00, 0x00, 0x00, 0x00, 0x00, 
  0x00, 0x00, 0x00, 0x00, 0x00, 0x00, 0x00, 0x00, 0x00, 0x00, 0x00, 0x00, 0x00, 0x00, 0x00, 0x00, 
  0x00, 0x00, 0x00, 0x00, 0x00, 0x00, 0x00, 0x00, 0x00, 0x00, 0x00, 0x00, 0x00, 0x00, 0x00, 0x00, 
  0x00, 0x00, 0x00, 0x00, 0x00, 0x00, 0x00, 0x00, 0x00, 0x00, 0x00, 0x00, 0x00, 0x00, 0x00, 0x00, 
  0x00, 0x00, 0x00, 0x00, 0x00, 0x00, 0x00, 0x00, 0x00, 0x00, 0x00, 0x00, 0x00, 0x00, 0x00, 0x00, 
  0x00, 0x00, 0x00, 0x00, 0x00, 0x00, 0x00, 0x00, 0x00, 0x00, 0x00, 0x00, 0x00, 0x00, 0x00, 0x00, 
  0x00, 0x00, 0x00, 0x00, 0x00, 0x00, 0x00, 0x00, 0x00, 0x00, 0x00, 0x00, 0x00, 0x00, 0x00, 0x00, 
  0x00, 0x00, 0x00, 0x00, 0x00, 0x00, 0x00, 0x00, 0x00, 0x00, 0x00, 0x00, 0x00, 0x00, 0x00, 0x00, 
  0x00, 0x00, 0x00, 0x00, 0x00, 0x00, 0x00, 0x00, 0x00, 0x00, 0x00, 0x00, 0x00, 0x00, 0x00, 0x00, 
  0x00, 0x00, 0x00, 0x00, 0x00, 0x00, 0x00, 0x00, 0x00, 0x00, 0x00, 0x00, 0x00, 0x00, 0x00, 0x00, 
  0x00, 0x00, 0x00, 0x00, 0x00, 0x00, 0x00, 0x00, 0x00, 0x00, 0x00, 0x00, 0x00, 0x00, 0x00, 0x00, 
  0x00, 0x00, 0x00, 0x00, 0x00, 0x00, 0x00, 0x00, 0x00, 0x00, 0x00, 0x00, 0x00, 0x00, 0x00, 0x00, 
  0x00, 0x00, 0x00, 0x00, 0x00, 0x00, 0x00, 0x00, 0x00, 0x00, 0x00, 0x00, 0x00, 0x00, 0x00, 0x00, 
  0x00, 0x00, 0x00, 0x00, 0x00, 0x00, 0x00, 0x00, 0x00, 0x00, 0x00, 0x00, 0x00, 0x00, 0x00, 0x00, 
  0x00, 0x00, 0x00, 0x00, 0x00, 0x00, 0x00, 0x00, 0x00, 0x00, 0x00, 0x00, 0x00, 0x00, 0x00, 0x00, 
  0x00, 0x00, 0x00, 0x00, 0x00, 0x00, 0x00, 0x00, 0x00, 0x00, 0x00, 0x00, 0x00, 0x00, 0x00, 0x00, 
  0x00, 0x00, 0x00, 0x00, 0x00, 0x00, 0x00, 0x00, 0x00, 0x00, 0x00, 0x00, 0x00, 0x00, 0x00, 0x00, 
  0x00, 0x00, 0x00, 0x00, 0x00, 0x00, 0x00, 0x00, 0x00, 0x00, 0x00, 0x00, 0x00, 0x00, 0x00, 0x00, 
  0x00, 0x00, 0x00, 0x00, 0x00, 0x00, 0x00, 0x00, 0x00, 0x00, 0x00, 0x00, 0x00, 0x00, 0x00, 0x00, 
  0x00, 0x00, 0x00, 0x00, 0x00, 0x00, 0x00, 0x00, 0x00, 0x00, 0x00, 0x00, 0x00, 0x00, 0x00, 0x00, 
  0x00, 0x00, 0x00, 0x00, 0x00, 0x00, 0x00, 0x00, 0x00, 0x00, 0x00, 0x00, 0x00, 0x00, 0x00, 0x00, 
  0x00, 0x00, 0x00, 0x00, 0x00, 0x00, 0x00, 0x00, 0x00, 0x00, 0x00, 0x00, 0x00, 0x00, 0x00, 0x00, 
  0x00, 0x00, 0x00, 0x00, 0x00, 0x00, 0x00, 0x00, 0x00, 0x00, 0x00, 0x00, 0x00, 0x00, 0x00, 0x00, 
  0x00, 0x00, 0x00, 0x00, 0x00, 0x00, 0x00, 0x00, 0x00, 0x00, 0x00, 0x00, 0x00, 0x00, 0x00, 0x00, 
  0x00, 0x00, 0x00, 0x00, 0x00, 0x00, 0x00, 0x00, 0x00, 0x00, 0x00, 0x00, 0x00, 0x00, 0x00, 0x00, 
  0x00, 0x00, 0x00, 0x00, 0x00, 0x00, 0x00, 0x00, 0x00, 0x00, 0x00, 0x00, 0x00, 0x00, 0x00, 0x00, 
  0x00, 0x00, 0x00, 0x00, 0x00, 0x00, 0x00, 0x00, 0x00, 0x00, 0x00, 0x00, 0x00, 0x00, 0x00, 0x00, 
  0x00, 0x00, 0x00, 0x00, 0x00, 0x00, 0x00, 0x00, 0x00, 0x00, 0x00, 0x00, 0x00, 0x00, 0x00, 0x00, 
  0x00, 0x00, 0x00, 0x00, 0x00, 0x00, 0x00, 0x00, 0x00, 0x00, 0x00, 0x00, 0x00, 0x00, 0x00, 0x00, 
  0x00, 0x00, 0x00, 0x00, 0x00, 0x00, 0x00, 0x00, 0x00, 0x00, 0x00, 0x00, 0x00, 0x00, 0x00, 0x00, 
  0x00, 0x00, 0x00, 0x00, 0x00, 0x00, 0x00, 0x00, 0x00, 0x00, 0x00, 0x00, 0x00, 0x00, 0x00, 0x00, 
  0x00, 0x00, 0x00, 0x00, 0x00, 0x00, 0x00, 0x00, 0x00, 0x00, 0x00, 0x00, 0x00, 0x00, 0x00, 0x00, 
  0x00, 0x00, 0x00, 0x00, 0x00, 0x00, 0x00, 0x00, 0x00, 0x00, 0x00, 0x00, 0x00, 0x00, 0x00, 0x00, 
  0x00, 0x00, 0x00, 0x00, 0x00, 0x00, 0x00, 0x00, 0x00, 0x00, 0x00, 0x00, 0x00, 0x00, 0x00, 0x00, 
  0x00, 0x00, 0x00, 0x00, 0x00, 0x00, 0x00, 0x00, 0x00, 0x00, 0x00, 0x00, 0x00, 0x00, 0x00, 0x00, 
  0x00, 0x00, 0x00, 0x00, 0x00, 0x00, 0x00, 0x00, 0x00, 0x00, 0x00, 0x00, 0x00, 0x00, 0x00, 0x00, 
  0x00, 0x00, 0x00, 0x00, 0x00, 0x00, 0x00, 0x00, 0x00, 0x00, 0x00, 0x00, 0x00, 0x00, 0x00, 0x00, 
  0x00, 0x00, 0x00, 0x00, 0x00, 0x00, 0x00, 0x00, 0x00, 0x00, 0x00, 0x00, 0x00, 0x00, 0x00, 0x00, 
  0x00, 0x00, 0x00, 0x00, 0x00, 0x00, 0x00, 0x00, 0x00, 0x00, 0x00, 0x00, 0x00, 0x00, 0x00, 0x00, 
  0x00, 0x00, 0x00, 0x00, 0x00, 0x00, 0x00, 0x00, 0x00, 0x00, 0x00, 0x00, 0x00, 0x00, 0x00, 0x00, 
  0x00, 0x00, 0x00, 0x00, 0x00, 0x00, 0x00, 0x00, 0x00, 0x00, 0x00, 0x00, 0x00, 0x00, 0x00, 0x00, 
  0x00, 0x00, 0x00, 0x00, 0x00, 0x00, 0x00, 0x00, 0x00, 0x00, 0x00, 0x00, 0x00, 0x00, 0x00, 0x00, 
  0x00, 0x00, 0x00, 0x00, 0x00, 0x00, 0x00, 0x00, 0x00, 0x00, 0x00, 0x00, 0x00, 0x00, 0x00, 0x00, 
  0x00, 0x00, 0x00, 0x00, 0x00, 0x00, 0x00, 0x00, 0x00, 0x00, 0x00, 0x00, 0x00, 0x00, 0x00, 0x00, 
  0x00, 0x00, 0x00, 0x00, 0x00, 0x00, 0x00, 0x00, 0x00, 0x00, 0x00, 0x00, 0x00, 0x00, 0x00, 0x00, 
  0x00, 0x00, 0x00, 0x00, 0x00, 0x00, 0x00, 0x00, 0x00, 0x00, 0x00, 0x00, 0x00, 0x00, 0x00, 0x00, 
  0x00, 0x00, 0x00, 0x00, 0x00, 0x00, 0x00, 0x00, 0x00, 0x00, 0x00, 0x00, 0x00, 0x00, 0x00, 0x00, 
  0x00, 0x00, 0x00, 0x00, 0x00, 0x00, 0x00, 0x00, 0x00, 0x00, 0x00, 0x00, 0x00, 0x00, 0x00, 0x00, 
  0x00, 0x00, 0x00, 0x00, 0x00, 0x00, 0x00, 0x00, 0x00, 0x00, 0x00, 0x00, 0x00, 0x00, 0x00, 0x00, 
  0x00, 0x00, 0x00, 0x00, 0x00, 0x00, 0x00, 0x00, 0x00, 0x00, 0x00, 0x00, 0x00, 0x00, 0x00, 0x00, 
  0x00, 0x00, 0x00, 0x00, 0x00, 0x00, 0x00, 0x00, 0x00, 0x00, 0x00, 0x00, 0x00, 0x00, 0x00, 0x00, 
  0x00, 0x00, 0x00, 0x00, 0x00, 0x00, 0x00, 0x00, 0x00, 0x00, 0x00, 0x00, 0x00, 0x00, 0x00, 0x00, 
  0x00, 0x00, 0x00, 0x00, 0x00, 0x00, 0x00, 0x00, 0x00, 0x00, 0x00, 0x00, 0x00, 0x00, 0x00, 0x00, 
  0x00, 0x00, 0x00, 0x00, 0x00, 0x00, 0x00, 0x00, 0x00, 0x00, 0x00, 0x00, 0x00, 0x00, 0x00, 0x00, 
  0x00, 0x00, 0x00, 0x00, 0x00, 0x00, 0x00, 0x00, 0x00, 0x00, 0x00, 0x00, 0x00, 0x00, 0x00, 0x00, 
  0x00, 0x00, 0x00, 0x00, 0x00, 0x00, 0x00, 0x00, 0x00, 0x00, 0x00, 0x00, 0x00, 0x00, 0x00, 0x00, 
  0x00, 0x00, 0x00, 0x00, 0x00, 0x00, 0x00, 0x00, 0x00, 0x00, 0x00, 0x00, 0x00, 0x00, 0x00, 0x00, 
  0x00, 0x00, 0x00, 0x00, 0x00, 0x00, 0x00, 0x00, 0x00, 0x00, 0x00, 0x00, 0x00, 0x00, 0x00, 0x00, 
  0x00, 0x00, 0x00, 0x00, 0x00, 0x00, 0x00, 0x00, 0x00, 0x00, 0x00, 0x00, 0x00, 0x00, 0x00, 0x00, 
  0x00, 0x00, 0x00, 0x00, 0x00, 0x00, 0x00, 0x00, 0x00, 0x00, 0x00, 0x00, 0x00, 0x00, 0x00, 0x00, 
  0x00, 0x00, 0x00, 0x00, 0x00, 0x00, 0x00, 0x00, 0x00, 0x00, 0x00, 0x00, 0x00, 0x00, 0x00, 0x00, 
  0x00, 0x00, 0x00, 0x00, 0x00, 0x00, 0x00, 0x00, 0x00, 0x00, 0x00, 0x00, 0x00, 0x00, 0x00, 0x00, 
  0x00, 0x00, 0x00, 0x00, 0x00, 0x00, 0x00, 0x00, 0x00, 0x00, 0x00, 0x00, 0x00, 0x00, 0x00, 0x00, 
  0x00, 0x00, 0x00, 0x00, 0x00, 0x00, 0x00, 0x00, 0x00, 0x00, 0x00, 0x00, 0x00, 0x00, 0x00, 0x00, 
  0x00, 0x00, 0x00, 0x00, 0x00, 0x00, 0x00, 0x00, 0x00, 0x00, 0x00, 0x00, 0x00, 0x00, 0x00, 0x00, 
  0x00, 0x00, 0x00, 0x00, 0x00, 0x00, 0x00, 0x00, 0x00, 0x00, 0x00, 0x00, 0x00, 0x00, 0x00, 0x00, 
  0x00, 0x00, 0x00, 0x00, 0x00, 0x00, 0x00, 0x00, 0x00, 0x00, 0x00, 0x00, 0x00, 0x00, 0x00, 0x00, 
  0x00, 0x00, 0x00, 0x00, 0x00, 0x00, 0x00, 0x00, 0x00, 0x00, 0x00, 0x00, 0x00, 0x00, 0x00, 0x00, 
  0x00, 0x00, 0x00, 0x00, 0x00, 0x00, 0x00, 0x00, 0x00, 0x00, 0x00, 0x00, 0x00, 0x00, 0x00, 0x00, 
  0x00, 0x00, 0x00, 0x00, 0x00, 0x00, 0x00, 0x00, 0x00, 0x00, 0x00, 0x00, 0x00, 0x00, 0x00, 0x00, 
  0x00, 0x00, 0x00, 0x00, 0x00, 0x00, 0x00, 0x00, 0x00, 0x00, 0x00, 0x00, 0x00, 0x00, 0x00, 0x00, 
  0x00, 0x00, 0x00, 0x00, 0x00, 0x00, 0x00, 0x00, 0x00, 0x00, 0x00, 0x00, 0x00, 0x00, 0x00, 0x00, 
  0x00, 0x00, 0x00, 0x00, 0x00, 0x00, 0x00, 0x00, 0x00, 0x00, 0x00, 0x00, 0x00, 0x00, 0x00, 0x00, 
  0x00, 0x00, 0x00, 0x00, 0x00, 0x00, 0x00, 0x00, 0x00, 0x00, 0x00, 0x00, 0x00, 0x00, 0x00, 0x00, 
  0x00, 0x00, 0x00, 0x00, 0x00, 0x00, 0x00, 0x00, 0x00, 0x00, 0x00, 0x00, 0x00, 0x00, 0x00, 0x00, 
  0x00, 0x00, 0x00, 0x00, 0x00, 0x00, 0x00, 0x00, 0x00, 0x00, 0x00, 0x00, 0x00, 0x00, 0x00, 0x00, 
  0x00, 0x00, 0x00, 0x00, 0x00, 0x00, 0x00, 0x00, 0x00, 0x00, 0x00, 0x00, 0x00, 0x00, 0x00, 0x00, 
  0x00, 0x00, 0x00, 0x00, 0x00, 0x00, 0x00, 0x00, 0x00, 0x00, 0x00, 0x00, 0x00, 0x00, 0x00, 0x00, 
  0x00, 0x00, 0x00, 0x00, 0x00, 0x00, 0x00, 0x00, 0x00, 0x00, 0x00, 0x00, 0x00, 0x00, 0x00, 0x00, 
  0x00, 0x00, 0x00, 0x00, 0x00, 0x00, 0x00, 0x00, 0x00, 0x00, 0x00, 0x00, 0x00, 0x00, 0x00, 0x00, 
  0x00, 0x00, 0x00, 0x00, 0x00, 0x00, 0x00, 0x00, 0x00, 0x00, 0x00, 0x00, 0x00, 0x00, 0x00, 0x00, 
  0x00, 0x00, 0x00, 0x00, 0x00, 0x00, 0x00, 0x00, 0x00, 0x00, 0x00, 0x00, 0x00, 0x00, 0x00, 0x00, 
  0x00, 0x00, 0x00, 0x00, 0x00, 0x00, 0x00, 0x00, 0x00, 0x00, 0x00, 0x00, 0x00, 0x00, 0x00, 0x00, 
  0x00, 0x00, 0x00, 0x00, 0x00, 0x00, 0x00, 0x00, 0x00, 0x00, 0x00, 0x00, 0x00, 0x00, 0x00, 0x00, 
  0x00, 0x00, 0x00, 0x00, 0x00, 0x00, 0x00, 0x00, 0x00, 0x00, 0x00, 0x00, 0x00, 0x00, 0x00, 0x00, 
  0x00, 0x00, 0x00, 0x00, 0x00, 0x00, 0x00, 0x00, 0x00, 0x00, 0x00, 0x00, 0x00, 0x00, 0x00, 0x00, 
  0x00, 0x00, 0x00, 0x00, 0x00, 0x00, 0x00, 0x00, 0x00, 0x00, 0x00, 0x00, 0x00, 0x00, 0x00, 0x00, 
  0x00, 0x00, 0x00, 0x00, 0x00, 0x00, 0x00, 0x00, 0x00, 0x00, 0x00, 0x00, 0x00, 0x00, 0x00, 0x00, 
  0x00, 0x00, 0x00, 0x00, 0x00, 0x00, 0x00, 0x00, 0x00, 0x00, 0x00, 0x00, 0x00, 0x00, 0x00, 0x00, 
  0x00, 0x00, 0x00, 0x00, 0x00, 0x00, 0x00, 0x00, 0x00, 0x00, 0x00, 0x00, 0x00, 0x00, 0x00, 0x00, 
  0x00, 0x00, 0x00, 0x00, 0x00, 0x00, 0x00, 0x00, 0x00, 0x00, 0x00, 0x00, 0x00, 0x00, 0x00, 0x00, 
  0x00, 0x00, 0x00, 0x00, 0x00, 0x00, 0x00, 0x00, 0x00, 0x00, 0x00, 0x00, 0x00, 0x00, 0x00, 0x00, 
  0x00, 0x00, 0x00, 0x00, 0x00, 0x00, 0x00, 0x00, 0x00, 0x00, 0x00, 0x00, 0x00, 0x00, 0x00, 0x00, 
  0x00, 0x00, 0x00, 0x00, 0x00, 0x00, 0x00, 0x00, 0x00, 0x00, 0x00, 0x00, 0x00, 0x00, 0x00, 0x00, 
  0x00, 0x00, 0x00, 0x00, 0x00, 0x00, 0x00, 0x00, 0x00, 0x00, 0x00, 0x00, 0x00, 0x00, 0x00, 0x00, 
  0x00, 0x00, 0x00, 0x00, 0x00, 0x00, 0x00, 0x00, 0x00, 0x00, 0x00, 0x00, 0x00, 0x00, 0x00, 0x00, 
  0x00, 0x00, 0x00, 0x00, 0x00, 0x00, 0x00, 0x00, 0x00, 0x00, 0x00, 0x00, 0x00, 0x00, 0x00, 0x00, 
  0x00, 0x00, 0x00, 0x00, 0x00, 0x00, 0x00, 0x00, 0x00, 0x00, 0x00, 0x00, 0x00, 0x00, 0x00, 0x00, 
  0x00, 0x00, 0x00, 0x00, 0x00, 0x00, 0x00, 0x00, 0x00, 0x00, 0x00, 0x00, 0x00, 0x00, 0x00, 0x00, 
  0x00, 0x00, 0x00, 0x00, 0x00, 0x00, 0x00, 0x00, 0x00, 0x00, 0x00, 0x00, 0x00, 0x00, 0x00, 0x00, 
  0x00, 0x00, 0x00, 0x00, 0x00, 0x00, 0x00, 0x00, 0x00, 0x00, 0x00, 0x00, 0x00, 0x00, 0x00, 0x00, 
  0x00, 0x00, 0x00, 0x00, 0x00, 0x00, 0x00, 0x00, 0x00, 0x00, 0x00, 0x00, 0x00, 0x00, 0x00, 0x00, 
  0x00, 0x00, 0x00, 0x00, 0x00, 0x00, 0x00, 0x00, 0x00, 0x00, 0x00, 0x00, 0x00, 0x00, 0x00, 0x00, 
  0x00, 0x00, 0x00, 0x00, 0x00, 0x00, 0x00, 0x00, 0x00, 0x00, 0x00, 0x00, 0x00, 0x00, 0x00, 0x00, 
  0x00, 0x00, 0x00, 0x00, 0x00, 0x00, 0x00, 0x00, 0x00, 0x00, 0x00, 0x00, 0x00, 0x00, 0x00, 0x00, 
  0x00, 0x00, 0x00, 0x00, 0x00, 0x00, 0x00, 0x00, 0x00, 0x00, 0x00, 0x00, 0x00, 0x00, 0x00, 0x00, 
  0x00, 0x00, 0x00, 0x00, 0x00, 0x00, 0x00, 0x00, 0x00, 0x00, 0x00, 0x00, 0x00, 0x00, 0x00, 0x00, 
  0x00, 0x00, 0x00, 0x00, 0x00, 0x00, 0x00, 0x00, 0x00, 0x00, 0x00, 0x00, 0x00, 0x00, 0x00, 0x00, 
  0x00, 0x00, 0x00, 0x00, 0x00, 0x00, 0x00, 0x00, 0x00, 0x00, 0x00, 0x00, 0x00, 0x00, 0x00, 0x00, 
  0x00, 0x00, 0x00, 0x00, 0x00, 0x00, 0x00, 0x00, 0x00, 0x00, 0x00, 0x00, 0x00, 0x00, 0x00, 0x00, 
  0x00, 0x00, 0x00, 0x00, 0x00, 0x00, 0x00, 0x00, 0x00, 0x00, 0x00, 0x00, 0x00, 0x00, 0x00, 0x00, 
  0x00, 0x00, 0x00, 0x00, 0x00, 0x00, 0x00, 0x00, 0x00, 0x00, 0x00, 0x00, 0x00, 0x00, 0x00, 0x00, 
  0x00, 0x00, 0x00, 0x00, 0x00, 0x00, 0x00, 0x00, 0x00, 0x00, 0x00, 0x00, 0x00, 0x00, 0x00, 0x00, 
  0x00, 0x00, 0x00, 0x00, 0x00, 0x00, 0x00, 0x00, 0x00, 0x00, 0x00, 0x00, 0x00, 0x00, 0x00, 0x00, 
  0x00, 0x00, 0x00, 0x00, 0x00, 0x00, 0x00, 0x00, 0x00, 0x00, 0x00, 0x00, 0x00, 0x00, 0x00, 0x00, 
  0x00, 0x00, 0x00, 0x00, 0x00, 0x00, 0x00, 0x00, 0x00, 0x00, 0x00, 0x00, 0x00, 0x00, 0x00, 0x00, 
  0x00, 0x00, 0x00, 0x00, 0x00, 0x00, 0x00, 0x00, 0x00, 0x00, 0x00, 0x00, 0x00, 0x00, 0x00, 0x00, 
  0x00, 0x00, 0x00, 0x00, 0x00, 0x00, 0x00, 0x00, 0x00, 0x00, 0x00, 0x00, 0x00, 0x00, 0x00, 0x00, 
  0x00, 0x00, 0x00, 0x00, 0x00, 0x00, 0x00, 0x00, 0x00, 0x00, 0x00, 0x00, 0x00, 0x00, 0x00, 0x00, 
  0x00, 0x00, 0x00, 0x00, 0x00, 0x00, 0x00, 0x00, 0x00, 0x00, 0x00, 0x00, 0x00, 0x00, 0x00, 0x00, 
  0x00, 0x00, 0x00, 0x00, 0x00, 0x00, 0x00, 0x00, 0x00, 0x00, 0x00, 0x00, 0x00, 0x00, 0x00, 0x00, 
  0x00, 0x00, 0x00, 0x00, 0x00, 0x00, 0x00, 0x00, 0x00, 0x00, 0x00, 0x00, 0x00, 0x00, 0x00, 0x00, 
  0x00, 0x00, 0x00, 0x00, 0x00, 0x00, 0x00, 0x00, 0x00, 0x00, 0x00, 0x00, 0x00, 0x00, 0x00, 0x00, 
  0x00, 0x00, 0x00, 0x00, 0x00, 0x00, 0x00, 0x00, 0x00, 0x00, 0x00, 0x00, 0x00, 0x00, 0x00, 0x00, 
  0x00, 0x00, 0x00, 0x00, 0x00, 0x00, 0x00, 0x00, 0x00, 0x00, 0x00, 0x00, 0x00, 0x00, 0x00, 0x00, 
  0x00, 0x00, 0x00, 0x00, 0x00, 0x00, 0x00, 0x00, 0x00, 0x00, 0x00, 0x00, 0x00, 0x00, 0x00, 0x00, 
  0x00, 0x00, 0x00, 0x00, 0x00, 0x00, 0x00, 0x00, 0x00, 0x00, 0x00, 0x00, 0x00, 0x00, 0x00, 0x00, 
  0x00, 0x00, 0x00, 0x00, 0x00, 0x00, 0x00, 0x00, 0x00, 0x00, 0x00, 0x00, 0x00, 0x00, 0x00, 0x00, 
  0x00, 0x00, 0x00, 0x00, 0x00, 0x00, 0x00, 0x00, 0x00, 0x00, 0x00, 0x00, 0x00, 0x00, 0x00, 0x00, 
  0x00, 0x00, 0x00, 0x00, 0x00, 0x00, 0x00, 0x00, 0x00, 0x00, 0x00, 0x00, 0x00, 0x00, 0x00, 0x00, 
  0x00, 0x00, 0x00, 0x00, 0x00, 0x00, 0x00, 0x00, 0x00, 0x00, 0x00, 0x00, 0x00, 0x00, 0x00, 0x00, 
  0x00, 0x00, 0x00, 0x00, 0x00, 0x00, 0x00, 0x00, 0x00, 0x00, 0x00, 0x00, 0x00, 0x00, 0x00, 0x00, 
  0x00, 0x00, 0x00, 0x00, 0x00, 0x00, 0x00, 0x00, 0x00, 0x00, 0x00, 0x00, 0x00, 0x00, 0x00, 0x00, 
  0x00, 0x00, 0x00, 0x00, 0x00, 0x00, 0x00, 0x00, 0x00, 0x00, 0x00, 0x00, 0x00, 0x00, 0x00, 0x00, 
  0x00, 0x00, 0x00, 0x00, 0x00, 0x00, 0x00, 0x00, 0x00, 0x00, 0x00, 0x00, 0x00, 0x00, 0x00, 0x00, 
  0x00, 0x00, 0x00, 0x00, 0x00, 0x00, 0x00, 0x00, 0x00, 0x00, 0x00, 0x00, 0x00, 0x00, 0x00, 0x00, 
  0x00, 0x00, 0x00, 0x00, 0x00, 0x00, 0x00, 0x00, 0x00, 0x00, 0x00, 0x00, 0x00, 0x00, 0x00, 0x00, 
  0x00, 0x00, 0x00, 0x00, 0x00, 0x00, 0x00, 0x00, 0x00, 0x00, 0x00, 0x00, 0x00, 0x00, 0x00, 0x00, 
  0x00, 0x00, 0x00, 0x00, 0x00, 0x00, 0x00, 0x00, 0x00, 0x00, 0x00, 0x00, 0x00, 0x00, 0x00, 0x00, 
  0x00, 0x00, 0x00, 0x00, 0x00, 0x00, 0x00, 0x00, 0x00, 0x00, 0x00, 0x00, 0x00, 0x00, 0x00, 0x00, 
  0x00, 0x00, 0x00, 0x00, 0x00, 0x00, 0x00, 0x00, 0x00, 0x00, 0x00, 0x00, 0x00, 0x00, 0x00, 0x00, 
  0x00, 0x00, 0x00, 0x00, 0x00, 0x00, 0x00, 0x00, 0x00, 0x00, 0x00, 0x00, 0x00, 0x00, 0x00, 0x00, 
  0x00, 0x00, 0x00, 0x00, 0x00, 0x00, 0x00, 0x00, 0x00, 0x00, 0x00, 0x00, 0x00, 0x00, 0x00, 0x00, 
  0x00, 0x00, 0x00, 0x00, 0x00, 0x00, 0x00, 0x00, 0x00, 0x00, 0x00, 0x00, 0x00, 0x00, 0x00, 0x00, 
  0x00, 0x00, 0x00, 0x00, 0x00, 0x00, 0x00, 0x00, 0x00, 0x00, 0x00, 0x00, 0x00, 0x00, 0x00, 0x00, 
  0x00, 0x00, 0x00, 0x00, 0x00, 0x00, 0x00, 0x00, 0x00, 0x00, 0x00, 0x00, 0x00, 0x00, 0x00, 0x00, 
  0x00, 0x00, 0x00, 0x00, 0x00, 0x00, 0x00, 0x00, 0x00, 0x00, 0x00, 0x00, 0x00, 0x00, 0x00, 0x00, 
  0x00, 0x00, 0x00, 0x00, 0x00, 0x00, 0x00, 0x00, 0x00, 0x00, 0x00, 0x00, 0x00, 0x00, 0x00, 0x00, 
  0x00, 0x00, 0x00, 0x00, 0x00, 0x00, 0x00, 0x00, 0x00, 0x00, 0x00, 0x00, 0x00, 0x00, 0x00, 0x00, 
  0x00, 0x00, 0x00, 0x00, 0x00, 0x00, 0x00, 0x00, 0x00, 0x00, 0x00, 0x00, 0x00, 0x00, 0x00, 0x00, 
  0x00, 0x00, 0x00, 0x00, 0x00, 0x00, 0x00, 0x00, 0x00, 0x00, 0x00, 0x00, 0x00, 0x00, 0x00, 0x00, 
  0x00, 0x00, 0x00, 0x00, 0x00, 0x00, 0x00, 0x00, 0x00, 0x00, 0x00, 0x00, 0x00, 0x00, 0x00, 0x00, 
  0x00, 0x00, 0x00, 0x00, 0x00, 0x00, 0x00, 0x00, 0x00, 0x00, 0x00, 0x00, 0x00, 0x00, 0x00, 0x00, 
  0x00, 0x00, 0x00, 0x00, 0x00, 0x00, 0x00, 0x00, 0x00, 0x00, 0x00, 0x00, 0x00, 0x00, 0x00, 0x00, 
  0x00, 0x00, 0x00, 0x00, 0x00, 0x00, 0x00, 0x00, 0x00, 0x00, 0x00, 0x00, 0x00, 0x00, 0x00, 0x00, 
  0x00, 0x00, 0x00, 0x00, 0x00, 0x00, 0x00, 0x00, 0x00, 0x00, 0x00, 0x00, 0x00, 0x00, 0x00, 0x00, 
  0x00, 0x00, 0x00, 0x00, 0x00, 0x00, 0x00, 0x00, 0x00, 0x00, 0x00, 0x00, 0x00, 0x00, 0x00, 0x00, 
  0x00, 0x00, 0x00, 0x00, 0x00, 0x00, 0x00, 0x00, 0x00, 0x00, 0x00, 0x00, 0x00, 0x00, 0x00, 0x00, 
  0x00, 0x00, 0x00, 0x00, 0x00, 0x00, 0x00, 0x00, 0x00, 0x00, 0x00, 0x00, 0x00, 0x00, 0x00, 0x00, 
  0x00, 0x00, 0x00, 0x00, 0x00, 0x00, 0x00, 0x00, 0x00, 0x00, 0x00, 0x00, 0x00, 0x00, 0x00, 0x00, 
  0x00, 0x00, 0x00, 0x00, 0x00, 0x00, 0x00, 0x00, 0x00, 0x00, 0x00, 0x00, 0x00, 0x00, 0x00, 0x00, 
  0x00, 0x00, 0x00, 0x00, 0x00, 0x00, 0x00, 0x00, 0x00, 0x00, 0x00, 0x00, 0x00, 0x00, 0x00, 0x00, 
  0x00, 0x00, 0x00, 0x00, 0x00, 0x00, 0x00, 0x00, 0x00, 0x00, 0x00, 0x00, 0x00, 0x00, 0x00, 0x00, 
  0x00, 0x00, 0x00, 0x00, 0x00, 0x00, 0x00, 0x00, 0x00, 0x00, 0x00, 0x00, 0x00, 0x00, 0x00, 0x00, 
  0x00, 0x00, 0x00, 0x00, 0x00, 0x00, 0x00, 0x00, 0x00, 0x00, 0x00, 0x00, 0x00, 0x00, 0x00, 0x00, 
  0x00, 0x00, 0x00, 0x00, 0x00, 0x00, 0x00, 0x00, 0x00, 0x00, 0x00, 0x00, 0x00, 0x00, 0x00, 0x00, 
  0x00, 0x00, 0x00, 0x00, 0x00, 0x00, 0x00, 0x00, 0x00, 0x00, 0x00, 0x00, 0x00, 0x00, 0x00, 0x00, 
  0x00, 0x00, 0x00, 0x00, 0x00, 0x00, 0x00, 0x00, 0x00, 0x00, 0x00, 0x00, 0x00, 0x00, 0x00, 0x00, 
  0x00, 0x00, 0x00, 0x00, 0x00, 0x00, 0x00, 0x00, 0x00, 0x00, 0x00, 0x00, 0x00, 0x00, 0x00, 0x00, 
  0x00, 0x00, 0x00, 0x00, 0x00, 0x00, 0x00, 0x00, 0x00, 0x00, 0x00, 0x00, 0x00, 0x00, 0x00, 0x00, 
  0x00, 0x00, 0x00, 0x00, 0x00, 0x00, 0x00, 0x00, 0x00, 0x00, 0x00, 0x00, 0x00, 0x00, 0x00, 0x00, 
  0x00, 0x00, 0x00, 0x00, 0x00, 0x00, 0x00, 0x00, 0x00, 0x00, 0x00, 0x00, 0x00, 0x00, 0x00, 0x00, 
  0x00, 0x00, 0x00, 0x00, 0x00, 0x00, 0x00, 0x00, 0x00, 0x00, 0x00, 0x00, 0x00, 0x00, 0x00, 0x00, 
  0x00, 0x00, 0x00, 0x00, 0x00, 0x00, 0x00, 0x00, 0x00, 0x00, 0x00, 0x00, 0x00, 0x00, 0x00, 0x00, 
  0x00, 0x00, 0x00, 0x00, 0x00, 0x00, 0x00, 0x00, 0x00, 0x00, 0x00, 0x00, 0x00, 0x00, 0x00, 0x00, 
  0x00, 0x00, 0x00, 0x00, 0x00, 0x00, 0x00, 0x00, 0x00, 0x00, 0x00, 0x00, 0x00, 0x00, 0x00, 0x00, 
  0x00, 0x00, 0x00, 0x00, 0x00, 0x00, 0x00, 0x00, 0x00, 0x00, 0x00, 0x00, 0x00, 0x00, 0x00, 0x00, 
  0x00, 0x00, 0x00, 0x00, 0x00, 0x00, 0x00, 0x00, 0x00, 0x00, 0x00, 0x00, 0x00, 0x00, 0x00, 0x00, 
  0x00, 0x00, 0x00, 0x00, 0x00, 0x00, 0x00, 0x00, 0x00, 0x00, 0x00, 0x00, 0x00, 0x00, 0x00, 0x00, 
  0x00, 0x00, 0x00, 0x00, 0x00, 0x00, 0x00, 0x00, 0x00, 0x00, 0x00, 0x00, 0x00, 0x00, 0x00, 0x00, 
  0x00, 0x00, 0x00, 0x00, 0x00, 0x00, 0x00, 0x00, 0x00, 0x00, 0x00, 0x00, 0x00, 0x00, 0x00, 0x00, 
  0x00, 0x00, 0x00, 0x00, 0x00, 0x00, 0x00, 0x00, 0x00, 0x00, 0x00, 0x00, 0x00, 0x00, 0x00, 0x00, 
  0x00, 0x00, 0x00, 0x00, 0x00, 0x00, 0x00, 0x00, 0x00, 0x00, 0x00, 0x00, 0x00, 0x00, 0x00, 0x00, 
  0x00, 0x00, 0x00, 0x00, 0x00, 0x00, 0x00, 0x00, 0x00, 0x00, 0x00, 0x00, 0x00, 0x00, 0x00, 0x00, 
  0x00, 0x00, 0x00, 0x00, 0x00, 0x00, 0x00, 0x00, 0x00, 0x00, 0x00, 0x00, 0x00, 0x00, 0x00, 0x00, 
  0x00, 0x00, 0x00, 0x00, 0x00, 0x00, 0x00, 0x00, 0x00, 0x00, 0x00, 0x00, 0x00, 0x00, 0x00, 0x00, 
  0x00, 0x00, 0x00, 0x00, 0x00, 0x00, 0x00, 0x00, 0x00, 0x00, 0x00, 0x00, 0x00, 0x00, 0x00, 0x00, 
  0x00, 0x00, 0x00, 0x00, 0x00, 0x00, 0x00, 0x00, 0x00, 0x00, 0x00, 0x00, 0x00, 0x00, 0x00, 0x00, 
  0x00, 0x00, 0x00, 0x00, 0x00, 0x00, 0x00, 0x00, 0x00, 0x00, 0x00, 0x00, 0x00, 0x00, 0x00, 0x00, 
  0x00, 0x00, 0x00, 0x00, 0x00, 0x00, 0x00, 0x00, 0x00, 0x00, 0x00, 0x00, 0x00, 0x00, 0x00, 0x00, 
  0x00, 0x00, 0x00, 0x00, 0x00, 0x00, 0x00, 0x00, 0x00, 0x00, 0x00, 0x00, 0x00, 0x00, 0x00, 0x00, 
  0x00, 0x00, 0x00, 0x00, 0x00, 0x00, 0x00, 0x00, 0x00, 0x00, 0x00, 0x00, 0x00, 0x00, 0x00, 0x00, 
  0x00, 0x00, 0x00, 0x00, 0x00, 0x00, 0x00, 0x00, 0x00, 0x00, 0x00, 0x00, 0x00, 0x00, 0x00, 0x00, 
  0x00, 0x00, 0x00, 0x00, 0x00, 0x00, 0x00, 0x00, 0x00, 0x00, 0x00, 0x00, 0x00, 0x00, 0x00, 0x00, 
  0x00, 0x00, 0x00, 0x00, 0x00, 0x00, 0x00, 0x00, 0x00, 0x00, 0x00, 0x00, 0x00, 0x00, 0x00, 0x00, 
  0x00, 0x00, 0x00, 0x00, 0x00, 0x00, 0x00, 0x00, 0x00, 0x00, 0x00, 0x00, 0x00, 0x00, 0x00, 0x00, 
  0x00, 0x00, 0x00, 0x00, 0x00, 0x00, 0x00, 0x00, 0x00, 0x00, 0x00, 0x00, 0x00, 0x00, 0x00, 0x00, 
  0x00, 0x00, 0x00, 0x00, 0x00, 0x00, 0x00, 0x00, 0x00, 0x00, 0x00, 0x00, 0x00, 0x00, 0x00, 0x00, 
  0x00, 0x00, 0x00, 0x00, 0x00, 0x00, 0x00, 0x00, 0x00, 0x00, 0x00, 0x00, 0x00, 0x00, 0x00, 0x00, 
  0x00, 0x00, 0x00, 0x00, 0x00, 0x00, 0x00, 0x00, 0x00, 0x00, 0x00, 0x00, 0x00, 0x00, 0x00, 0x00, 
  0x00, 0x00, 0x00, 0x00, 0x00, 0x00, 0x00, 0x00, 0x00, 0x00, 0x00, 0x00, 0x00, 0x00, 0x00, 0x00, 
  0x00, 0x00, 0x00, 0x00, 0x00, 0x00, 0x00, 0x00, 0x00, 0x00, 0x00, 0x00, 0x00, 0x00, 0x00, 0x00, 
  0x00, 0x00, 0x00, 0x00, 0x00, 0x00, 0x00, 0x00, 0x00, 0x00, 0x00, 0x00, 0x00, 0x00, 0x00, 0x00, 
  0x00, 0x00, 0x00, 0x00, 0x00, 0x00, 0x00, 0x00, 0x00, 0x00, 0x00, 0x00, 0x00, 0x00, 0x00, 0x00, 
  0x00, 0x00, 0x00, 0x00, 0x00, 0x00, 0x00, 0x00, 0x00, 0x00, 0x00, 0x00, 0x00, 0x00, 0x00, 0x00, 
  0x00, 0x00, 0x00, 0x00, 0x00, 0x00, 0x00, 0x00, 0x00, 0x00, 0x00, 0x00, 0x00, 0x00, 0x00, 0x00, 
  0x00, 0x00, 0x00, 0x00, 0x00, 0x00, 0x00, 0x00, 0x00, 0x00, 0x00, 0x00, 0x00, 0x00, 0x00, 0x00, 
  0x00, 0x00, 0x00, 0x00, 0x00, 0x00, 0x00, 0x00, 0x00, 0x00, 0x00, 0x00, 0x00, 0x00, 0x00, 0x00, 
  0x00, 0x00, 0x00, 0x00, 0x00, 0x00, 0x00, 0x00, 0x00, 0x00, 0x00, 0x00, 0x00, 0x00, 0x00, 0x00, 
  0x00, 0x00, 0x00, 0x00, 0x00, 0x00, 0x00, 0x00, 0x00, 0x00, 0x00, 0x00, 0x00, 0x00, 0x00, 0x00, 
  0x00, 0x00, 0x00, 0x00, 0x00, 0x00, 0x00, 0x00, 0x00, 0x00, 0x00, 0x00, 0x00, 0x00, 0x00, 0x00, 
  0x00, 0x00, 0x00, 0x00, 0x00, 0x00, 0x00, 0x00, 0x00, 0x00, 0x00, 0x00, 0x00, 0x00, 0x00, 0x00, 
  0x00, 0x00, 0x00, 0x00, 0x00, 0x00, 0x00, 0x00, 0x00, 0x00, 0x00, 0x00, 0x00, 0x00, 0x00, 0x00, 
  0x00, 0x00, 0x00, 0x00, 0x00, 0x00, 0x00, 0x00, 0x00, 0x00, 0x00, 0x00, 0x00, 0x00, 0x00, 0x00, 
  0x00, 0x00, 0x00, 0x00, 0x00, 0x00, 0x00, 0x00, 0x00, 0x00, 0x00, 0x00, 0x00, 0x00, 0x00, 0x00, 
  0x00, 0x00, 0x00, 0x00, 0x00, 0x00, 0x00, 0x00, 0x00, 0x00, 0x00, 0x00, 0x00, 0x00, 0x00, 0x00, 
  0x00, 0x00, 0x00, 0x00, 0x00, 0x00, 0x00, 0x00, 0x00, 0x00, 0x00, 0x00, 0x00, 0x00, 0x00, 0x00, 
  0x00, 0x00, 0x00, 0x00, 0x00, 0x00, 0x00, 0x00, 0x00, 0x00, 0x00, 0x00, 0x00, 0x00, 0x00, 0x00, 
  0x00, 0x00, 0x00, 0x00, 0x00, 0x00, 0x00, 0x00, 0x00, 0x00, 0x00, 0x00, 0x00, 0x00, 0x00, 0x00, 
  0x00, 0x00, 0x00, 0x00, 0x00, 0x00, 0x00, 0x00, 0x00, 0x00, 0x00, 0x00, 0x00, 0x00, 0x00, 0x00, 
  0x00, 0x00, 0x00, 0x00, 0x00, 0x00, 0x00, 0x00, 0x00, 0x00, 0x00, 0x00, 0x00, 0x00, 0x00, 0x00, 
  0x00, 0x00, 0x00, 0x00, 0x00, 0x00, 0x00, 0x00, 0x00, 0x00, 0x00, 0x00, 0x00, 0x00, 0x00, 0x00, 
  0x00, 0x00, 0x00, 0x00, 0x00, 0x00, 0x00, 0x00, 0x00, 0x00, 0x00, 0x00, 0x00, 0x00, 0x00, 0x00, 
  0x00, 0x00, 0x00, 0x00, 0x00, 0x00, 0x00, 0x00, 0x00, 0x00, 0x00, 0x00, 0x00, 0x00, 0x00, 0x00, 
  0x00, 0x00, 0x00, 0x00, 0x00, 0x00, 0x00, 0x00, 0x00, 0x00, 0x00, 0x00, 0x00, 0x00, 0x00, 0x00, 
  0x00, 0x00, 0x00, 0x00, 0x00, 0x00, 0x00, 0x00, 0x00, 0x00, 0x00, 0x00, 0x00, 0x00, 0x00, 0x00, 
  0x00, 0x00, 0x00, 0x00, 0x00, 0x00, 0x00, 0x00, 0x00, 0x00, 0x00, 0x00, 0x00, 0x00, 0x00, 0x00, 
  0x00, 0x00, 0x00, 0x00, 0x00, 0x00, 0x00, 0x00, 0x00, 0x00, 0x00, 0x00, 0x00, 0x00, 0x00, 0x00, 
  0x00, 0x00, 0x00, 0x00, 0x00, 0x00, 0x00, 0x00, 0x00, 0x00, 0x00, 0x00, 0x00, 0x00, 0x00, 0x00, 
  0x00, 0x00, 0x00, 0x00, 0x00, 0x00, 0x00, 0x00, 0x00, 0x00, 0x00, 0x00, 0x00, 0x00, 0x00, 0x00, 
  0x00, 0x00, 0x00, 0x00, 0x00, 0x00, 0x00, 0x00, 0x00, 0x00, 0x00, 0x00, 0x00, 0x00, 0x00, 0x00, 
  0x00, 0x00, 0x00, 0x00, 0x00, 0x00, 0x00, 0x00, 0x00, 0x00, 0x00, 0x00, 0x00, 0x00, 0x00, 0x00, 
  0x00, 0x00, 0x00, 0x00, 0x00, 0x00, 0x00, 0x00, 0x00, 0x00, 0x00, 0x00, 0x00, 0x00, 0x00, 0x00, 
  0x00, 0x00, 0x00, 0x00, 0x00, 0x00, 0x00, 0x00, 0x00, 0x00, 0x00, 0x00, 0x00, 0x00, 0x00, 0x00, 
  0x00, 0x00, 0x00, 0x00, 0x00, 0x00, 0x00, 0x00, 0x00, 0x00, 0x00, 0x00, 0x00, 0x00, 0x00, 0x00, 
  0x00, 0x00, 0x00, 0x00, 0x00, 0x00, 0x00, 0x00, 0x00, 0x00, 0x00, 0x00, 0x00, 0x00, 0x00, 0x00, 
  0x00, 0x00, 0x00, 0x00, 0x00, 0x00, 0x00, 0x00, 0x00, 0x00, 0x00, 0x00, 0x00, 0x00, 0x00, 0x00, 
  0x00, 0x00, 0x00, 0x00, 0x00, 0x00, 0x00, 0x00, 0x00, 0x00, 0x00, 0x00, 0x00, 0x00, 0x00, 0x00, 
  0x00, 0x00, 0x00, 0x00, 0x00, 0x00, 0x00, 0x00, 0x00, 0x00, 0x00, 0x00, 0x00, 0x00, 0x00, 0x00, 
  0x00, 0x00, 0x00, 0x00, 0x00, 0x00, 0x00, 0x00, 0x00, 0x00, 0x00, 0x00, 0x00, 0x00, 0x00, 0x00, 
  0x00, 0x00, 0x00, 0x00, 0x00, 0x00, 0x00, 0x00, 0x00, 0x00, 0x00, 0x00, 0x00, 0x00, 0x00, 0x00, 
  0x00, 0x00, 0x00, 0x00, 0x00, 0x00, 0x00, 0x00, 0x00, 0x00, 0x00, 0x00, 0x00, 0x00, 0x00, 0x00, 
  0x00, 0x00, 0x00, 0x00, 0x00, 0x00, 0x00, 0x00, 0x00, 0x00, 0x00, 0x00, 0x00, 0x00, 0x00, 0x00, 
  0x00, 0x00, 0x00, 0x00, 0x00, 0x00, 0x00, 0x00, 0x00, 0x00, 0x00, 0x00, 0x00, 0x00, 0x00, 0x00, 
  0x00, 0x00, 0x00, 0x00, 0x00, 0x00, 0x00, 0x00, 0x00, 0x00, 0x00, 0x00, 0x00, 0x00, 0x00, 0x00, 
  0x00, 0x00, 0x00, 0x00, 0x00, 0x00, 0x00, 0x00, 0x00, 0x00, 0x00, 0x00, 0x00, 0x00, 0x00, 0x00, 
  0x00, 0x00, 0x00, 0x00, 0x00, 0x00, 0x00, 0x00, 0x00, 0x00, 0x00, 0x00, 0x00, 0x00, 0x00, 0x00, 
  0x00, 0x00, 0x00, 0x00, 0x00, 0x00, 0x00, 0x00, 0x00, 0x00, 0x00, 0x00, 0x00, 0x00, 0x00, 0x00, 
  0x00, 0x00, 0x00, 0x00, 0x00, 0x00, 0x00, 0x00, 0x00, 0x00, 0x00, 0x00, 0x00, 0x00, 0x00, 0x00, 
  0x00, 0x00, 0x00, 0x00, 0x00, 0x00, 0x00, 0x00, 0x00, 0x00, 0x00, 0x00, 0x00, 0x00, 0x00, 0x00, 
  0x00, 0x00, 0x00, 0x00, 0x00, 0x00, 0x00, 0x00, 0x00, 0x00, 0x00, 0x00, 0x00, 0x00, 0x00, 0x00, 
  0x00, 0x00, 0x00, 0x00, 0x00, 0x00, 0x00, 0x00, 0x00, 0x00, 0x00, 0x00, 0x00, 0x00, 0x00, 0x00, 
  0x00, 0x00, 0x00, 0x00, 0x00, 0x00, 0x00, 0x00, 0x00, 0x00, 0x00, 0x00, 0x00, 0x00, 0x00, 0x00, 
  0x00, 0x00, 0x00, 0x00, 0x00, 0x00, 0x00, 0x00, 0x00, 0x00, 0x00, 0x00, 0x00, 0x00, 0x00, 0x00, 
  0x00, 0x00, 0x00, 0x00, 0x00, 0x00, 0x00, 0x00, 0x00, 0x00, 0x00, 0x00, 0x00, 0x00, 0x00, 0x00, 
  0x00, 0x00, 0x00, 0x00, 0x00, 0x00, 0x00, 0x00, 0x00, 0x00, 0x00, 0x00, 0x00, 0x00, 0x00, 0x00, 
  0x00, 0x00, 0x00, 0x00, 0x00, 0x00, 0x00, 0x00, 0x00, 0x00, 0x00, 0x00, 0x00, 0x00, 0x00, 0x00, 
  0x00, 0x00, 0x00, 0x00, 0x00, 0x00, 0x00, 0x00, 0x00, 0x00, 0x00, 0x00, 0x00, 0x00, 0x00, 0x00, 
  0x00, 0x00, 0x00, 0x00, 0x00, 0x00, 0x00, 0x00, 0x00, 0x00, 0x00, 0x00, 0x00, 0x00, 0x00, 0x00, 
  0x00, 0x00, 0x00, 0x00, 0x00, 0x00, 0x00, 0x00, 0x00, 0x00, 0x00, 0x00, 0x00, 0x00, 0x00, 0x00, 
  0x00, 0x00, 0x00, 0x00, 0x00, 0x00, 0x00, 0x00, 0x00, 0x00, 0x00, 0x00, 0x00, 0x00, 0x00, 0x00, 
  0x00, 0x00, 0x00, 0x00, 0x00, 0x00, 0x00, 0x00, 0x00, 0x00, 0x00, 0x00, 0x00, 0x00, 0x00, 0x00, 
  0x00, 0x00, 0x00, 0x00, 0x00, 0x00, 0x00, 0x00, 0x00, 0x00, 0x00, 0x00, 0x00, 0x00, 0x00, 0x00, 
  0x00, 0x00, 0x00, 0x00, 0x00, 0x00, 0x00, 0x00, 0x00, 0x00, 0x00, 0x00, 0x00, 0x00, 0x00, 0x00, 
  0x00, 0x00, 0x00, 0x00, 0x00, 0x00, 0x00, 0x00, 0x00, 0x00, 0x00, 0x00, 0x00, 0x00, 0x00, 0x00, 
  0x00, 0x00, 0x00, 0x00, 0x00, 0x00, 0x00, 0x00, 0x00, 0x00, 0x00, 0x00, 0x00, 0x00, 0x00, 0x00, 
  0x00, 0x00, 0x00, 0x00, 0x00, 0x00, 0x00, 0x00, 0x00, 0x00, 0x00, 0x00, 0x00, 0x00, 0x00, 0x00, 
  0x00, 0x00, 0x00, 0x00, 0x00, 0x00, 0x00, 0x00, 0x00, 0x00, 0x00, 0x00, 0x00, 0x00, 0x00, 0x00, 
  0x00, 0x00, 0x00, 0x00, 0x00, 0x00, 0x00, 0x00, 0x00, 0x00, 0x00, 0x00, 0x00, 0x00, 0x00, 0x00, 
  0x00, 0x00, 0x00, 0x00, 0x00, 0x00, 0x00, 0x00, 0x00, 0x00, 0x00, 0x00, 0x00, 0x00, 0x00, 0x00, 
  0x00, 0x00, 0x00, 0x00, 0x00, 0x00, 0x00, 0x00, 0x00, 0x00, 0x00, 0x00, 0x00, 0x00, 0x00, 0x00, 
  0x00, 0x00, 0x00, 0x00, 0x00, 0x00, 0x00, 0x00, 0x00, 0x00, 0x00, 0x00, 0x00, 0x00, 0x00, 0x00, 
  0x00, 0x00, 0x00, 0x00, 0x00, 0x00, 0x00, 0x00, 0x00, 0x00, 0x00, 0x00, 0x00, 0x00, 0x00, 0x00, 
  0x00, 0x00, 0x00, 0x00, 0x00, 0x00, 0x00, 0x00, 0x00, 0x00, 0x00, 0x00, 0x00, 0x00, 0x00, 0x00, 
  0x00, 0x00, 0x00, 0x00, 0x00, 0x00, 0x00, 0x00, 0x00, 0x00, 0x00, 0x00, 0x00, 0x00, 0x00, 0x00, 
  0x00, 0x00, 0x00, 0x00, 0x00, 0x00, 0x00, 0x00, 0x00, 0x00, 0x00, 0x00, 0x00, 0x00, 0x00, 0x00, 
  0x00, 0x00, 0x00, 0x00, 0x00, 0x00, 0x00, 0x00, 0x00, 0x00, 0x00, 0x00, 0x00, 0x00, 0x00, 0x00, 
  0x00, 0x00, 0x00, 0x00, 0x00, 0x00, 0x00, 0x00, 0x00, 0x00, 0x00, 0x00, 0x00, 0x00, 0x00, 0x00, 
  0x00, 0x00, 0x00, 0x00, 0x00, 0x00, 0x00, 0x00, 0x00, 0x00, 0x00, 0x00, 0x00, 0x00, 0x00, 0x00, 
  0x00, 0x00, 0x00, 0x00, 0x00, 0x00, 0x00, 0x00, 0x00, 0x00, 0x00, 0x00, 0x00, 0x00, 0x00, 0x00, 
  0x00, 0x00, 0x00, 0x00, 0x00, 0x00, 0x00, 0x00, 0x00, 0x00, 0x00, 0x00, 0x00, 0x00, 0x00, 0x00, 
  0x00, 0x00, 0x00, 0x00, 0x00, 0x00, 0x00, 0x00, 0x00, 0x00, 0x00, 0x00, 0x00, 0x00, 0x00, 0x00, 
  0x00, 0x00, 0x00, 0x00, 0x00, 0x00, 0x00, 0x00, 0x00, 0x00, 0x00, 0x00, 0x00, 0x00, 0x00, 0x00, 
  0x00, 0x00, 0x00, 0x00, 0x00, 0x00, 0x00, 0x00, 0x00, 0x00, 0x00, 0x00, 0x00, 0x00, 0x00, 0x00, 
  0x00, 0x00, 0x00, 0x00, 0x00, 0x00, 0x00, 0x00, 0x00, 0x00, 0x00, 0x00, 0x00, 0x00, 0x00, 0x00, 
  0x00, 0x00, 0x00, 0x00, 0x00, 0x00, 0x00, 0x00, 0x00, 0x00, 0x00, 0x00, 0x00, 0x00, 0x00, 0x00, 
  0x00, 0x00, 0x00, 0x00, 0x00, 0x00, 0x00, 0x00, 0x00, 0x00, 0x00, 0x00, 0x00, 0x00, 0x00, 0x00, 
  0x00, 0x00, 0x00, 0x00, 0x00, 0x00, 0x00, 0x00, 0x00, 0x00, 0x00, 0x00, 0x00, 0x00, 0x00, 0x00, 
  0x00, 0x00, 0x00, 0x00, 0x00, 0x00, 0x00, 0x00, 0x00, 0x00, 0x00, 0x00, 0x00, 0x00, 0x00, 0x00, 
  0x00, 0x00, 0x00, 0x00, 0x00, 0x00, 0x00, 0x00, 0x00, 0x00, 0x00, 0x00, 0x00, 0x00, 0x00, 0x00, 
  0x00, 0x00, 0x00, 0x00, 0x00, 0x00, 0x00, 0x00, 0x00, 0x00, 0x00, 0x00, 0x00, 0x00, 0x00, 0x00, 
  0x00, 0x00, 0x00, 0x00, 0x00, 0x00, 0x00, 0x00, 0x00, 0x00, 0x00, 0x00, 0x00, 0x00, 0x00, 0x00, 
  0x00, 0x00, 0x00, 0x00, 0x00, 0x00, 0x00, 0x00, 0x00, 0x00, 0x00, 0x00, 0x00, 0x00, 0x00, 0x00, 
  0x00, 0x00, 0x00, 0x00, 0x00, 0x00, 0x00, 0x00, 0x00, 0x00, 0x00, 0x00, 0x00, 0x00, 0x00, 0x00, 
  0x00, 0x00, 0x00, 0x00, 0x00, 0x00, 0x00, 0x00, 0x00, 0x00, 0x00, 0x00, 0x00, 0x00, 0x00, 0x00, 
  0x00, 0x00, 0x00, 0x00, 0x00, 0x00, 0x00, 0x00, 0x00, 0x00, 0x00, 0x00, 0x00, 0x00, 0x00, 0x00, 
  0x00, 0x00, 0x00, 0x00, 0x00, 0x00, 0x00, 0x00, 0x00, 0x00, 0x00, 0x00, 0x00, 0x00, 0x00, 0x00, 
  0x00, 0x00, 0x00, 0x00, 0x00, 0x00, 0x00, 0x00, 0x00, 0x00, 0x00, 0x00, 0x00, 0x00, 0x00, 0x00, 
  0x00, 0x00, 0x00, 0x00, 0x00, 0x00, 0x00, 0x00, 0x00, 0x00, 0x00, 0x00, 0x00, 0x00, 0x00, 0x00, 
  0x00, 0x00, 0x00, 0x00, 0x00, 0x00, 0x00, 0x00, 0x00, 0x00, 0x00, 0x00, 0x00, 0x00, 0x00, 0x00, 
  0x00, 0x00, 0x00, 0x00, 0x00, 0x00, 0x00, 0x00, 0x00, 0x00, 0x00, 0x00, 0x00, 0x00, 0x00, 0x00, 
  0x00, 0x00, 0x00, 0x00, 0x00, 0x00, 0x00, 0x00, 0x00, 0x00, 0x00, 0x00, 0x00, 0x00, 0x00, 0x00, 
  0x00, 0x00, 0x00, 0x00, 0x00, 0x00, 0x00, 0x00, 0x00, 0x00, 0x00, 0x00, 0x00, 0x00, 0x00, 0x00, 
  0x00, 0x00, 0x00, 0x00, 0x00, 0x00, 0x00, 0x00, 0x00, 0x00, 0x00, 0x00, 0x00, 0x00, 0x00, 0x00, 
  0x00, 0x00, 0x00, 0x00, 0x00, 0x00, 0x00, 0x00, 0x00, 0x00, 0x00, 0x00, 0x00, 0x00, 0x00, 0x00, 
  0x00, 0x00, 0x00, 0x00, 0x00, 0x00, 0x00, 0x00, 0x00, 0x00, 0x00, 0x00, 0x00, 0x00, 0x00, 0x00, 
  0x00, 0x00, 0x00, 0x00, 0x00, 0x00, 0x00, 0x00, 0x00, 0x00, 0x00, 0x00, 0x00, 0x00, 0x00, 0x00, 
  0x00, 0x00, 0x00, 0x00, 0x00, 0x00, 0x00, 0x00, 0x00, 0x00, 0x00, 0x00, 0x00, 0x00, 0x00, 0x00, 
  0x00, 0x00, 0x00, 0x00, 0x00, 0x00, 0x00, 0x00, 0x00, 0x00, 0x00, 0x00, 0x00, 0x00, 0x00, 0x00, 
  0x00, 0x00, 0x00, 0x00, 0x00, 0x00, 0x00, 0x00, 0x00, 0x00, 0x00, 0x00, 0x00, 0x00, 0x00, 0x00, 
  0x00, 0x00, 0x00, 0x00, 0x00, 0x00, 0x00, 0x00, 0x00, 0x00, 0x00, 0x00, 0x00, 0x00, 0x00, 0x00, 
  0x00, 0x00, 0x00, 0x00, 0x00, 0x00, 0x00, 0x00, 0x00, 0x00, 0x00, 0x00, 0x00, 0x00, 0x00, 0x00, 
  0x00, 0x00, 0x00, 0x00, 0x00, 0x00, 0x00, 0x00, 0x00, 0x00, 0x00, 0x00, 0x00, 0x00, 0x00, 0x00, 
  0x00, 0x00, 0x00, 0x00, 0x00, 0x00, 0x00, 0x00, 0x00, 0x00, 0x00, 0x00, 0x00, 0x00, 0x00, 0x00, 
  0x00, 0x00, 0x00, 0x00, 0x00, 0x00, 0x00, 0x00, 0x00, 0x00, 0x00, 0x00, 0x00, 0x00, 0x00, 0x00, 
  0x00, 0x00, 0x00, 0x00, 0x00, 0x00, 0x00, 0x00, 0x00, 0x00, 0x00, 0x00, 0x00, 0x00, 0x00, 0x00, 
  0x00, 0x00, 0x00, 0x00, 0x00, 0x00, 0x00, 0x00, 0x00, 0x00, 0x00, 0x00, 0x00, 0x00, 0x00, 0x00, 
  0x00, 0x00, 0x00, 0x00, 0x00, 0x00, 0x00, 0x00, 0x00, 0x00, 0x00, 0x00, 0x00, 0x00, 0x00, 0x00, 
  0x00, 0x00, 0x00, 0x00, 0x00, 0x00, 0x00, 0x00, 0x00, 0x00, 0x00, 0x00, 0x00, 0x00, 0x00, 0x00, 
  0x00, 0x00, 0x00, 0x00, 0x00, 0x00, 0x00, 0x00, 0x00, 0x00, 0x00, 0x00, 0x00, 0x00, 0x00, 0x00, 
  0x00, 0x00, 0x00, 0x00, 0x00, 0x00, 0x00, 0x00, 0x00, 0x00, 0x00, 0x00, 0x00, 0x00, 0x00, 0x00, 
  0x00, 0x00, 0x00, 0x00, 0x00, 0x00, 0x00, 0x00, 0x00, 0x00, 0x00, 0x00, 0x00, 0x00, 0x00, 0x00, 
  0x00, 0x00, 0x00, 0x00, 0x00, 0x00, 0x00, 0x00, 0x00, 0x00, 0x00, 0x00, 0x00, 0x00, 0x00, 0x00, 
  0x00, 0x00, 0x00, 0x00, 0x00, 0x00, 0x00, 0x00, 0x00, 0x00, 0x00, 0x00, 0x00, 0x00, 0x00, 0x00, 
  0x00, 0x00, 0x00, 0x00, 0x00, 0x00, 0x00, 0x00, 0x00, 0x00, 0x00, 0x00, 0x00, 0x00, 0x00, 0x00, 
  0x00, 0x00, 0x00, 0x00, 0x00, 0x00, 0x00, 0x00, 0x00, 0x00, 0x00, 0x00, 0x00, 0x00, 0x00, 0x00, 
  0x00, 0x00, 0x00, 0x00, 0x00, 0x00, 0x00, 0x00, 0x00, 0x00, 0x00, 0x00, 0x00, 0x00, 0x00, 0x00, 
  0x00, 0x00, 0x00, 0x00, 0x00, 0x00, 0x00, 0x00, 0x00, 0x00, 0x00, 0x00, 0x00, 0x00, 0x00, 0x00, 
  0x00, 0x00, 0x00, 0x00, 0x00, 0x00, 0x00, 0x00, 0x00, 0x00, 0x00, 0x00, 0x00, 0x00, 0x00, 0x00, 
  0x00, 0x00, 0x00, 0x00, 0x00, 0x00, 0x00, 0x00, 0x00, 0x00, 0x00, 0x00, 0x00, 0x00, 0x00, 0x00, 
  0x00, 0x00, 0x00, 0x00, 0x00, 0x00, 0x00, 0x00, 0x00, 0x00, 0x00, 0x00, 0x00, 0x00, 0x00, 0x00, 
  0x00, 0x00, 0x00, 0x00, 0x00, 0x00, 0x00, 0x00, 0x00, 0x00, 0x00, 0x00, 0x00, 0x00, 0x00, 0x00, 
  0x00, 0x00, 0x00, 0x00, 0x00, 0x00, 0x00, 0x00, 0x00, 0x00, 0x00, 0x00, 0x00, 0x00, 0x00, 0x00, 
  0x00, 0x00, 0x00, 0x00, 0x00, 0x00, 0x00, 0x00, 0x00, 0x00, 0x00, 0x00, 0x00, 0x00, 0x00, 0x00, 
  0x00, 0x00, 0x00, 0x00, 0x00, 0x00, 0x00, 0x00, 0x00, 0x00, 0x00, 0x00, 0x00, 0x00, 0x00, 0x00, 
  0x00, 0x00, 0x00, 0x00, 0x00, 0x00, 0x00, 0x00, 0x00, 0x00, 0x00, 0x00, 0x00, 0x00, 0x00, 0x00, 
  0x00, 0x00, 0x00, 0x00, 0x00, 0x00, 0x00, 0x00, 0x00, 0x00, 0x00, 0x00, 0x00, 0x00, 0x00, 0x00, 
  0x00, 0x00, 0x00, 0x00, 0x00, 0x00, 0x00, 0x00, 0x00, 0x00, 0x00, 0x00, 0x00, 0x00, 0x00, 0x00, 
  0x00, 0x00, 0x00, 0x00, 0x00, 0x00, 0x00, 0x00, 0x00, 0x00, 0x00, 0x00, 0x00, 0x00, 0x00, 0x00, 
  0x00, 0x00, 0x00, 0x00, 0x00, 0x00, 0x00, 0x00, 0x00, 0x00, 0x00, 0x00, 0x00, 0x00, 0x00, 0x00, 
  0x00, 0x00, 0x00, 0x00, 0x00, 0x00, 0x00, 0x00, 0x00, 0x00, 0x00, 0x00, 0x00, 0x00, 0x00, 0x00, 
  0x00, 0x00, 0x00, 0x00, 0x00, 0x00, 0x00, 0x00, 0x00, 0x00, 0x00, 0x00, 0x00, 0x00, 0x00, 0x00, 
  0x00, 0x00, 0x00, 0x00, 0x00, 0x00, 0x00, 0x00, 0x00, 0x00, 0x00, 0x00, 0x00, 0x00, 0x00, 0x00, 
  0x00, 0x00, 0x00, 0x00, 0x00, 0x00, 0x00, 0x00, 0x00, 0x00, 0x00, 0x00, 0x00, 0x00, 0x00, 0x00, 
  0x00, 0x00, 0x00, 0x00, 0x00, 0x00, 0x00, 0x00, 0x00, 0x00, 0x00, 0x00, 0x00, 0x00, 0x00, 0x00, 
  0x00, 0x00, 0x00, 0x00, 0x00, 0x00, 0x00, 0x00, 0x00, 0x00, 0x00, 0x00, 0x00, 0x00, 0x00, 0x00, 
  0x00, 0x00, 0x00, 0x00, 0x00, 0x00, 0x00, 0x00, 0x00, 0x00, 0x00, 0x00, 0x00, 0x00, 0x00, 0x00, 
  0x00, 0x00, 0x00, 0x00, 0x00, 0x00, 0x00, 0x00, 0x00, 0x00, 0x00, 0x00, 0x00, 0x00, 0x00, 0x00, 
  0x00, 0x00, 0x00, 0x00, 0x00, 0x00, 0x00, 0x00, 0x00, 0x00, 0x00, 0x00, 0x00, 0x00, 0x00, 0x00, 
  0x00, 0x00, 0x00, 0x00, 0x00, 0x00, 0x00, 0x00, 0x00, 0x00, 0x00, 0x00, 0x00, 0x00, 0x00, 0x00, 
  0x00, 0x00, 0x00, 0x00, 0x00, 0x00, 0x00, 0x00, 0x00, 0x00, 0x00, 0x00, 0x00, 0x00, 0x00, 0x00, 
  0x00, 0x00, 0x00, 0x00, 0x00, 0x00, 0x00, 0x00, 0x00, 0x00, 0x00, 0x00, 0x00, 0x00, 0x00, 0x00, 
  0x00, 0x00, 0x00, 0x00, 0x00, 0x00, 0x00, 0x00, 0x00, 0x00, 0x00, 0x00, 0x00, 0x00, 0x00, 0x00, 
  0x00, 0x00, 0x00, 0x00, 0x00, 0x00, 0x00, 0x00, 0x00, 0x00, 0x00, 0x00, 0x00, 0x00, 0x00, 0x00, 
  0x00, 0x00, 0x00, 0x00, 0x00, 0x00, 0x00, 0x00, 0x00, 0x00, 0x00, 0x00, 0x00, 0x00, 0x00, 0x00, 
  0x00, 0x00, 0x00, 0x00, 0x00, 0x00, 0x00, 0x00, 0x00, 0x00, 0x00, 0x00, 0x00, 0x00, 0x00, 0x00, 
  0x00, 0x00, 0x00, 0x00, 0x00, 0x00, 0x00, 0x00, 0x00, 0x00, 0x00, 0x00, 0x00, 0x00, 0x00, 0x00, 
  0x00, 0x00, 0x00, 0x00, 0x00, 0x00, 0x00, 0x00, 0x00, 0x00, 0x00, 0x00, 0x00, 0x00, 0x00, 0x00, 
  0x00, 0x00, 0x00, 0x00, 0x00, 0x00, 0x00, 0x00, 0x00, 0x00, 0x00, 0x00, 0x00, 0x00, 0x00, 0x00, 
  0x00, 0x00, 0x00, 0x00, 0x00, 0x00, 0x00, 0x00, 0x00, 0x00, 0x00, 0x00, 0x00, 0x00, 0x00, 0x00, 
  0x00, 0x00, 0x00, 0x00, 0x00, 0x00, 0x00, 0x00, 0x00, 0x00, 0x00, 0x00, 0x00, 0x00, 0x00, 0x00, 
  0x00, 0x00, 0x00, 0x00, 0x00, 0x00, 0x00, 0x00, 0x00, 0x00, 0x00, 0x00, 0x00, 0x00, 0x00, 0x00, 
  0x00, 0x00, 0x00, 0x00, 0x00, 0x00, 0x00, 0x00, 0x00, 0x00, 0x00, 0x00, 0x00, 0x00, 0x00, 0x00, 
  0x00, 0x00, 0x00, 0x00, 0x00, 0x00, 0x00, 0x00, 0x00, 0x00, 0x00, 0x00, 0x00, 0x00, 0x00, 0x00, 
  0x00, 0x00, 0x00, 0x00, 0x00, 0x00, 0x00, 0x00, 0x00, 0x00, 0x00, 0x00, 0x00, 0x00, 0x00, 0x00, 
  0x00, 0x00, 0x00, 0x00, 0x00, 0x00, 0x00, 0x00, 0x00, 0x00, 0x00, 0x00, 0x00, 0x00, 0x00, 0x00, 
  0x00, 0x00, 0x00, 0x00, 0x00, 0x00, 0x00, 0x00, 0x00, 0x00, 0x00, 0x00, 0x00, 0x00, 0x00, 0x00, 
  0x00, 0x00, 0x00, 0x00, 0x00, 0x00, 0x00, 0x00, 0x00, 0x00, 0x00, 0x00, 0x00, 0x00, 0x00, 0x00, 
  0x00, 0x00, 0x00, 0x00, 0x00, 0x00, 0x00, 0x00, 0x00, 0x00, 0x00, 0x00, 0x00, 0x00, 0x00, 0x00, 
  0x00, 0x00, 0x00, 0x00, 0x00, 0x00, 0x00, 0x00, 0x00, 0x00, 0x00, 0x00, 0x00, 0x00, 0x00, 0x00, 
  0x00, 0x00, 0x00, 0x00, 0x00, 0x00, 0x00, 0x00, 0x00, 0x00, 0x00, 0x00, 0x00, 0x00, 0x00, 0x00, 
  0x00, 0x00, 0x00, 0x00, 0x00, 0x00, 0x00, 0x00, 0x00, 0x00, 0x00, 0x00, 0x00, 0x00, 0x00, 0x00, 
  0x00, 0x00, 0x00, 0x00, 0x00, 0x00, 0x00, 0x00, 0x00, 0x00, 0x00, 0x00, 0x00, 0x00, 0x00, 0x00, 
  0x00, 0x00, 0x00, 0x00, 0x00, 0x00, 0x00, 0x00, 0x00, 0x00, 0x00, 0x00, 0x00, 0x00, 0x00, 0x00, 
  0x00, 0x00, 0x00, 0x00, 0x00, 0x00, 0x00, 0x00, 0x00, 0x00, 0x00, 0x00, 0x00, 0x00, 0x00, 0x00, 
  0x00, 0x00, 0x00, 0x00, 0x00, 0x00, 0x00, 0x00, 0x00, 0x00, 0x00, 0x00, 0x00, 0x00, 0x00, 0x00, 
  0x00, 0x00, 0x00, 0x00, 0x00, 0x00, 0x00, 0x00, 0x00, 0x00, 0x00, 0x00, 0x00, 0x00, 0x00, 0x00, 
  0x00, 0x00, 0x00, 0x00, 0x00, 0x00, 0x00, 0x00, 0x00, 0x00, 0x00, 0x00, 0x00, 0x00, 0x00, 0x00, 
  0x00, 0x00, 0x00, 0x00, 0x00, 0x00, 0x00, 0x00, 0x00, 0x00, 0x00, 0x00, 0x00, 0x00, 0x00, 0x00, 
  0x00, 0x00, 0x00, 0x00, 0x00, 0x00, 0x00, 0x00, 0x00, 0x00, 0x00, 0x00, 0x00, 0x00, 0x00, 0x00, 
  0x00, 0x00, 0x00, 0x00, 0x00, 0x00, 0x00, 0x00, 0x00, 0x00, 0x00, 0x00, 0x00, 0x00, 0x00, 0x00, 
  0x00, 0x00, 0x00, 0x00, 0x00, 0x00, 0x00, 0x00, 0x00, 0x00, 0x00, 0x00, 0x00, 0x00, 0x00, 0x00, 
  0x00, 0x00, 0x00, 0x00, 0x00, 0x00, 0x00, 0x00, 0x00, 0x00, 0x00, 0x00, 0x00, 0x00, 0x00, 0x00, 
  0x00, 0x00, 0x00, 0x00, 0x00, 0x00, 0x00, 0x00, 0x00, 0x00, 0x00, 0x00, 0x00, 0x00, 0x00, 0x00, 
  0x00, 0x00, 0x00, 0x00, 0x00, 0x00, 0x00, 0x00, 0x00, 0x00, 0x00, 0x00, 0x00, 0x00, 0x00, 0x00, 
  0x00, 0x00, 0x00, 0x00, 0x00, 0x00, 0x00, 0x00, 0x00, 0x00, 0x00, 0x00, 0x00, 0x00, 0x00, 0x00, 
  0x00, 0x00, 0x00, 0x00, 0x00, 0x00, 0x00, 0x00, 0x00, 0x00, 0x00, 0x00, 0x00, 0x00, 0x00, 0x00, 
  0x00, 0x00, 0x00, 0x00, 0x00, 0x00, 0x00, 0x00, 0x00, 0x00, 0x00, 0x00, 0x00, 0x00, 0x00, 0x00, 
  0x00, 0x00, 0x00, 0x00, 0x00, 0x00, 0x00, 0x00, 0x00, 0x00, 0x00, 0x00, 0x00, 0x00, 0x00, 0x00, 
  0x00, 0x00, 0x00, 0x00, 0x00, 0x00, 0x00, 0x00, 0x00, 0x00, 0x00, 0x00, 0x00, 0x00, 0x00, 0x00, 
  0x00, 0x00, 0x00, 0x00, 0x00, 0x00, 0x00, 0x00, 0x00, 0x00, 0x00, 0x00, 0x00, 0x00, 0x00, 0x00, 
  0x00, 0x00, 0x00, 0x00, 0x00, 0x00, 0x00, 0x00, 0x00, 0x00, 0x00, 0x00, 0x00, 0x00, 0x00, 0x00, 
  0x00, 0x00, 0x00, 0x00, 0x00, 0x00, 0x00, 0x00, 0x00, 0x00, 0x00, 0x00, 0x00, 0x00, 0x00, 0x00, 
  0x00, 0x00, 0x00, 0x00, 0x00, 0x00, 0x00, 0x00, 0x00, 0x00, 0x00, 0x00, 0x00, 0x00, 0x00, 0x00, 
  0x00, 0x00, 0x00, 0x00, 0x00, 0x00, 0x00, 0x00, 0x00, 0x00, 0x00, 0x00, 0x00, 0x00, 0x00, 0x00, 
  0x00, 0x00, 0x00, 0x00, 0x00, 0x00, 0x00, 0x00, 0x00, 0x00, 0x00, 0x00, 0x00, 0x00, 0x00, 0x00, 
  0x00, 0x00, 0x00, 0x00, 0x00, 0x00, 0x00, 0x00, 0x00, 0x00, 0x00, 0x00, 0x00, 0x00, 0x00, 0x00, 
  0x00, 0x00, 0x00, 0x00, 0x00, 0x00, 0x00, 0x00, 0x00, 0x00, 0x00, 0x00, 0x00, 0x00, 0x00, 0x00, 
  0x00, 0x00, 0x00, 0x00, 0x00, 0x00, 0x00, 0x00, 0x00, 0x00, 0x00, 0x00, 0x00, 0x00, 0x00, 0x00, 
  0x00, 0x00, 0x00, 0x00, 0x00, 0x00, 0x00, 0x00, 0x00, 0x00, 0x00, 0x00, 0x00, 0x00, 0x00, 0x00, 
  0x00, 0x00, 0x00, 0x00, 0x00, 0x00, 0x00, 0x00, 0x00, 0x00, 0x00, 0x00, 0x00, 0x00, 0x00, 0x00, 
  0x00, 0x00, 0x00, 0x00, 0x00, 0x00, 0x00, 0x00, 0x00, 0x00, 0x00, 0x00, 0x00, 0x00, 0x00, 0x00, 
  0x00, 0x00, 0x00, 0x00, 0x00, 0x00, 0x00, 0x00, 0x00, 0x00, 0x00, 0x00, 0x00, 0x00, 0x00, 0x00, 
  0x00, 0x00, 0x00, 0x00, 0x00, 0x00, 0x00, 0x00, 0x00, 0x00, 0x00, 0x00, 0x00, 0x00, 0x00, 0x00, 
  0x00, 0x00, 0x00, 0x00, 0x00, 0x00, 0x00, 0x00, 0x00, 0x00, 0x00, 0x00, 0x00, 0x00, 0x00, 0x00, 
  0x00, 0x00, 0x00, 0x00, 0x00, 0x00, 0x00, 0x00, 0x00, 0x00, 0x00, 0x00, 0x00, 0x00, 0x00, 0x00, 
  0x00, 0x00, 0x00, 0x00, 0x00, 0x00, 0x00, 0x00, 0x00, 0x00, 0x00, 0x00, 0x00, 0x00, 0x00, 0x00, 
  0x00, 0x00, 0x00, 0x00, 0x00, 0x00, 0x00, 0x00, 0x00, 0x00, 0x00, 0x00, 0x00, 0x00, 0x00, 0x00, 
  0x00, 0x00, 0x00, 0x00, 0x00, 0x00, 0x00, 0x00, 0x00, 0x00, 0x00, 0x00, 0x00, 0x00, 0x00, 0x00, 
  0x00, 0x00, 0x00, 0x00, 0x00, 0x00, 0x00, 0x00, 0x00, 0x00, 0x00, 0x00, 0x00, 0x00, 0x00, 0x00, 
  0x00, 0x00, 0x00, 0x00, 0x00, 0x00, 0x00, 0x00, 0x00, 0x00, 0x00, 0x00, 0x00, 0x00, 0x00, 0x00, 
  0x00, 0x00, 0x00, 0x00, 0x00, 0x00, 0x00, 0x00, 0x00, 0x00, 0x00, 0x00, 0x00, 0x00, 0x00, 0x00, 
  0x00, 0x00, 0x00, 0x00, 0x00, 0x00, 0x00, 0x00, 0x00, 0x00, 0x00, 0x00, 0x00, 0x00, 0x00, 0x00, 
  0x00, 0x00, 0x00, 0x00, 0x00, 0x00, 0x00, 0x00, 0x00, 0x00, 0x00, 0x00, 0x00, 0x00, 0x00, 0x00, 
  0x00, 0x00, 0x00, 0x00, 0x00, 0x00, 0x00, 0x00, 0x00, 0x00, 0x00, 0x00, 0x00, 0x00, 0x00, 0x00, 
  0x00, 0x00, 0x00, 0x00, 0x00, 0x00, 0x00, 0x00, 0x00, 0x00, 0x00, 0x00, 0x00, 0x00, 0x00, 0x00, 
  0x00, 0x00, 0x00, 0x00, 0x00, 0x00, 0x00, 0x00, 0x00, 0x00, 0x00, 0x00, 0x00, 0x00, 0x00, 0x00, 
  0x00, 0x00, 0x00, 0x00, 0x00, 0x00, 0x00, 0x00, 0x00, 0x00, 0x00, 0x00, 0x00, 0x00, 0x00, 0x00, 
  0x00, 0x00, 0x00, 0x00, 0x00, 0x00, 0x00, 0x00, 0x00, 0x00, 0x00, 0x00, 0x00, 0x00, 0x00, 0x00, 
  0x00, 0x00, 0x00, 0x00, 0x00, 0x00, 0x00, 0x00, 0x00, 0x00, 0x00, 0x00, 0x00, 0x00, 0x00, 0x00, 
  0x00, 0x00, 0x00, 0x00, 0x00, 0x00, 0x00, 0x00, 0x00, 0x00, 0x00, 0x00, 0x00, 0x00, 0x00, 0x00, 
  0x00, 0x00, 0x00, 0x00, 0x00, 0x00, 0x00, 0x00, 0x00, 0x00, 0x00, 0x00, 0x00, 0x00, 0x00, 0x00, 
  0x00, 0x00, 0x00, 0x00, 0x00, 0x00, 0x00, 0x00, 0x00, 0x00, 0x00, 0x00, 0x00, 0x00, 0x00, 0x00, 
  0x00, 0x00, 0x00, 0x00, 0x00, 0x00, 0x00, 0x00, 0x00, 0x00, 0x00, 0x00, 0x00, 0x00, 0x00, 0x00, 
  0x00, 0x00, 0x00, 0x00, 0x00, 0x00, 0x00, 0x00, 0x00, 0x00, 0x00, 0x00, 0x00, 0x00, 0x00, 0x00, 
  0x00, 0x00, 0x00, 0x00, 0x00, 0x00, 0x00, 0x00, 0x00, 0x00, 0x00, 0x00, 0x00, 0x00, 0x00, 0x00, 
  0x00, 0x00, 0x00, 0x00, 0x00, 0x00, 0x00, 0x00, 0x00, 0x00, 0x00, 0x00, 0x00, 0x00, 0x00, 0x00, 
  0x00, 0x00, 0x00, 0x00, 0x00, 0x00, 0x00, 0x00, 0x00, 0x00, 0x00, 0x00, 0x00, 0x00, 0x00, 0x00, 
  0x00, 0x00, 0x00, 0x00, 0x00, 0x00, 0x00, 0x00, 0x00, 0x00, 0x00, 0x00, 0x00, 0x00, 0x00, 0x00, 
  0x00, 0x00, 0x00, 0x00, 0x00, 0x00, 0x00, 0x00, 0x00, 0x00, 0x00, 0x00, 0x00, 0x00, 0x00, 0x00, 
  0x00, 0x00, 0x00, 0x00, 0x00, 0x00, 0x00, 0x00, 0x00, 0x00, 0x00, 0x00, 0x00, 0x00, 0x00, 0x00, 
  0x00, 0x00, 0x00, 0x00, 0x00, 0x00, 0x00, 0x00, 0x00, 0x00, 0x00, 0x00, 0x00, 0x00, 0x00, 0x00, 
  0x00, 0x00, 0x00, 0x00, 0x00, 0x00, 0x00, 0x00, 0x00, 0x00, 0x00, 0x00, 0x00, 0x00, 0x00, 0x00, 
  0x00, 0x00, 0x00, 0x00, 0x00, 0x00, 0x00, 0x00, 0x00, 0x00, 0x00, 0x00, 0x00, 0x00, 0x00, 0x00, 
  0x00, 0x00, 0x00, 0x00, 0x00, 0x00, 0x00, 0x00, 0x00, 0x00, 0x00, 0x00, 0x00, 0x00, 0x00, 0x00, 
  0x00, 0x00, 0x00, 0x00, 0x00, 0x00, 0x00, 0x00, 0x00, 0x00, 0x00, 0x00, 0x00, 0x00, 0x00, 0x00, 
  0x00, 0x00, 0x00, 0x00, 0x00, 0x00, 0x00, 0x00, 0x00, 0x00, 0x00, 0x00, 0x00, 0x00, 0x00, 0x00, 
  0x00, 0x00, 0x00, 0x00, 0x00, 0x00, 0x00, 0x00, 0x00, 0x00, 0x00, 0x00, 0x00, 0x00, 0x00, 0x00, 
  0x00, 0x00, 0x00, 0x00, 0x00, 0x00, 0x00, 0x00, 0x00, 0x00, 0x00, 0x00, 0x00, 0x00, 0x00, 0x00, 
  0x00, 0x00, 0x00, 0x00, 0x00, 0x00, 0x00, 0x00, 0x00, 0x00, 0x00, 0x00, 0x00, 0x00, 0x00, 0x00, 
  0x00, 0x00, 0x00, 0x00, 0x00, 0x00, 0x00, 0x00, 0x00, 0x00, 0x00, 0x00, 0x00, 0x00, 0x00, 0x00, 
  0x00, 0x00, 0x00, 0x00, 0x00, 0x00, 0x00, 0x00, 0x00, 0x00, 0x00, 0x00, 0x00, 0x00, 0x00, 0x00, 
  0x00, 0x00, 0x00, 0x00, 0x00, 0x00, 0x00, 0x00, 0x00, 0x00, 0x00, 0x00, 0x00, 0x00, 0x00, 0x00, 
  0x00, 0x00, 0x00, 0x00, 0x00, 0x00, 0x00, 0x00, 0x00, 0x00, 0x00, 0x00, 0x00, 0x00, 0x00, 0x00, 
  0x00, 0x00, 0x00, 0x00, 0x00, 0x00, 0x00, 0x00, 0x00, 0x00, 0x00, 0x00, 0x00, 0x00, 0x00, 0x00, 
  0x00, 0x00, 0x00, 0x00, 0x00, 0x00, 0x00, 0x00, 0x00, 0x00, 0x00, 0x00, 0x00, 0x00, 0x00, 0x00, 
  0x00, 0x00, 0x00, 0x00, 0x00, 0x00, 0x00, 0x00, 0x00, 0x00, 0x00, 0x00, 0x00, 0x00, 0x00, 0x00, 
  0x00, 0x00, 0x00, 0x00, 0x00, 0x00, 0x00, 0x00, 0x00, 0x00, 0x00, 0x00, 0x00, 0x00, 0x00, 0x00, 
  0x00, 0x00, 0x00, 0x00, 0x00, 0x00, 0x00, 0x00, 0x00, 0x00, 0x00, 0x00, 0x00, 0x00, 0x00, 0x00, 
  0x00, 0x00, 0x00, 0x00, 0x00, 0x00, 0x00, 0x00, 0x00, 0x00, 0x00, 0x00, 0x00, 0x00, 0x00, 0x00, 
  0x00, 0x00, 0x00, 0x00, 0x00, 0x00, 0x00, 0x00, 0x00, 0x00, 0x00, 0x00, 0x00, 0x00, 0x00, 0x00, 
  0x00, 0x00, 0x00, 0x00, 0x00, 0x00, 0x00, 0x00, 0x00, 0x00, 0x00, 0x00, 0x00, 0x00, 0x00, 0x00, 
  0x00, 0x00, 0x00, 0x00, 0x00, 0x00, 0x00, 0x00, 0x00, 0x00, 0x00, 0x00, 0x00, 0x00, 0x00, 0x00, 
  0x00, 0x00, 0x00, 0x00, 0x00, 0x00, 0x00, 0x00, 0x00, 0x00, 0x00, 0x00, 0x00, 0x00, 0x00, 0x00, 
  0x00, 0x00, 0x00, 0x00, 0x00, 0x00, 0x00, 0x00, 0x00, 0x00, 0x00, 0x00, 0x00, 0x00, 0x00, 0x00, 
  0x00, 0x00, 0x00, 0x00, 0x00, 0x00, 0x00, 0x00, 0x00, 0x00, 0x00, 0x00, 0x00, 0x00, 0x00, 0x00, 
  0x00, 0x00, 0x00, 0x00, 0x00, 0x00, 0x00, 0x00, 0x00, 0x00, 0x00, 0x00, 0x00, 0x00, 0x00, 0x00, 
  0x00, 0x00, 0x00, 0x00, 0x00, 0x00, 0x00, 0x00, 0x00, 0x00, 0x00, 0x00, 0x00, 0x00, 0x00, 0x00, 
  0x00, 0x00, 0x00, 0x00, 0x00, 0x00, 0x00, 0x00, 0x00, 0x00, 0x00, 0x00, 0x00, 0x00, 0x00, 0x00, 
  0x00, 0x00, 0x00, 0x00, 0x00, 0x00, 0x00, 0x00, 0x00, 0x00, 0x00, 0x00, 0x00, 0x00, 0x00, 0x00, 
  0x00, 0x00, 0x00, 0x00, 0x00, 0x00, 0x00, 0x00, 0x00, 0x00, 0x00, 0x00, 0x00, 0x00, 0x00, 0x00, 
  0x00, 0x00, 0x00, 0x00, 0x00, 0x00, 0x00, 0x00, 0x00, 0x00, 0x00, 0x00, 0x00, 0x00, 0x00, 0x00, 
  0x00, 0x00, 0x00, 0x00, 0x00, 0x00, 0x00, 0x00, 0x00, 0x00, 0x00, 0x00, 0x00, 0x00, 0x00, 0x00, 
  0x00, 0x00, 0x00, 0x00, 0x00, 0x00, 0x00, 0x00, 0x00, 0x00, 0x00, 0x00, 0x00, 0x00, 0x00, 0x00, 
  0x00, 0x00, 0x00, 0x00, 0x00, 0x00, 0x00, 0x00, 0x00, 0x00, 0x00, 0x00, 0x00, 0x00, 0x00, 0x00, 
  0x00, 0x00, 0x00, 0x00, 0x00, 0x00, 0x00, 0x00, 0x00, 0x00, 0x00, 0x00, 0x00, 0x00, 0x00, 0x00, 
  0x00, 0x00, 0x00, 0x00, 0x00, 0x00, 0x00, 0x00, 0x00, 0x00, 0x00, 0x00, 0x00, 0x00, 0x00, 0x00, 
  0x00, 0x00, 0x00, 0x00, 0x00, 0x00, 0x00, 0x00, 0x00, 0x00, 0x00, 0x00, 0x00, 0x00, 0x00, 0x00, 
  0x00, 0x00, 0x00, 0x00, 0x00, 0x00, 0x00, 0x00, 0x00, 0x00, 0x00, 0x00, 0x00, 0x00, 0x00, 0x00, 
  0x00, 0x00, 0x00, 0x00, 0x00, 0x00, 0x00, 0x00, 0x00, 0x00, 0x00, 0x00, 0x00, 0x00, 0x00, 0x00, 
  0x00, 0x00, 0x00, 0x00, 0x00, 0x00, 0x00, 0x00, 0x00, 0x00, 0x00, 0x00, 0x00, 0x00, 0x00, 0x00, 
  0x00, 0x00, 0x00, 0x00, 0x00, 0x00, 0x00, 0x00, 0x00, 0x00, 0x00, 0x00, 0x00, 0x00, 0x00, 0x00, 
  0x00, 0x00, 0x00, 0x00, 0x00, 0x00, 0x00, 0x00, 0x00, 0x00, 0x00, 0x00, 0x00, 0x00, 0x00, 0x00, 
  0x00, 0x00, 0x00, 0x00, 0x00, 0x00, 0x00, 0x00, 0x00, 0x00, 0x00, 0x00, 0x00, 0x00, 0x00, 0x00, 
  0x00, 0x00, 0x00, 0x00, 0x00, 0x00, 0x00, 0x00, 0x00, 0x00, 0x00, 0x00, 0x00, 0x00, 0x00, 0x00, 
  0x00, 0x00, 0x00, 0x00, 0x00, 0x00, 0x00, 0x00, 0x00, 0x00, 0x00, 0x00, 0x00, 0x00, 0x00, 0x00, 
  0x00, 0x00, 0x00, 0x00, 0x00, 0x00, 0x00, 0x00, 0x00, 0x00, 0x00, 0x00, 0x00, 0x00, 0x00, 0x00, 
  0x00, 0x00, 0x00, 0x00, 0x00, 0x00, 0x00, 0x00, 0x00, 0x00, 0x00, 0x00, 0x00, 0x00, 0x00, 0x00, 
  0x00, 0x00, 0x00, 0x00, 0x00, 0x00, 0x00, 0x00, 0x00, 0x00, 0x00, 0x00, 0x00, 0x00, 0x00, 0x00, 
  0x00, 0x00, 0x00, 0x00, 0x00, 0x00, 0x00, 0x00, 0x00, 0x00, 0x00, 0x00, 0x00, 0x00, 0x00, 0x00, 
  0x00, 0x00, 0x00, 0x00, 0x00, 0x00, 0x00, 0x00, 0x00, 0x00, 0x00, 0x00, 0x00, 0x00, 0x00, 0x00, 
  0x00, 0x00, 0x00, 0x00, 0x00, 0x00, 0x00, 0x00, 0x00, 0x00, 0x00, 0x00, 0x00, 0x00, 0x00, 0x00, 
  0x00, 0x00, 0x00, 0x00, 0x00, 0x00, 0x00, 0x00, 0x00, 0x00, 0x00, 0x00, 0x00, 0x00, 0x00, 0x00, 
  0x00, 0x00, 0x00, 0x00, 0x00, 0x00, 0x00, 0x00, 0x00, 0x00, 0x00, 0x00, 0x00, 0x00, 0x00, 0x00, 
  0x00, 0x00, 0x00, 0x00, 0x00, 0x00, 0x00, 0x00, 0x00, 0x00, 0x00, 0x00, 0x00, 0x00, 0x00, 0x00, 
  0x00, 0x00, 0x00, 0x00, 0x00, 0x00, 0x00, 0x00, 0x00, 0x00, 0x00, 0x00, 0x00, 0x00, 0x00, 0x00, 
  0x00, 0x00, 0x00, 0x00, 0x00, 0x00, 0x00, 0x00, 0x00, 0x00, 0x00, 0x00, 0x00, 0x00, 0x00, 0x00, 
  0x00, 0x00, 0x00, 0x00, 0x00, 0x00, 0x00, 0x00, 0x00, 0x00, 0x00, 0x00, 0x00, 0x00, 0x00, 0x00, 
  0x00, 0x00, 0x00, 0x00, 0x00, 0x00, 0x00, 0x00, 0x00, 0x00, 0x00, 0x00, 0x00, 0x00, 0x00, 0x00, 
  0x00, 0x00, 0x00, 0x00, 0x00, 0x00, 0x00, 0x00, 0x00, 0x00, 0x00, 0x00, 0x00, 0x00, 0x00, 0x00, 
  0x00, 0x00, 0x00, 0x00, 0x00, 0x00, 0x00, 0x00, 0x00, 0x00, 0x00, 0x00, 0x00, 0x00, 0x00, 0x00, 
  0x00, 0x00, 0x00, 0x00, 0x00, 0x00, 0x00, 0x00, 0x00, 0x00, 0x00, 0x00, 0x00, 0x00, 0x00, 0x00, 
  0x00, 0x00, 0x00, 0x00, 0x00, 0x00, 0x00, 0x00, 0x00, 0x00, 0x00, 0x00, 0x00, 0x00, 0x00, 0x00, 
  0x00, 0x00, 0x00, 0x00, 0x00, 0x00, 0x00, 0x00, 0x00, 0x00, 0x00, 0x00, 0x00, 0x00, 0x00, 0x00, 
  0x00, 0x00, 0x00, 0x00, 0x00, 0x00, 0x00, 0x00, 0x00, 0x00, 0x00, 0x00, 0x00, 0x00, 0x00, 0x00, 
  0x00, 0x00, 0x00, 0x00, 0x00, 0x00, 0x00, 0x00, 0x00, 0x00, 0x00, 0x00, 0x00, 0x00, 0x00, 0x00, 
  0x00, 0x00, 0x00, 0x00, 0x00, 0x00, 0x00, 0x00, 0x00, 0x00, 0x00, 0x00, 0x00, 0x00, 0x00, 0x00, 
  0x00, 0x00, 0x00, 0x00, 0x00, 0x00, 0x00, 0x00, 0x00, 0x00, 0x00, 0x00, 0x00, 0x00, 0x00, 0x00, 
  0x00, 0x00, 0x00, 0x00, 0x00, 0x00, 0x00, 0x00, 0x00, 0x00, 0x00, 0x00, 0x00, 0x00, 0x00, 0x00, 
  0x00, 0x00, 0x00, 0x00, 0x00, 0x00, 0x00, 0x00, 0x00, 0x00, 0x00, 0x00, 0x00, 0x00, 0x00, 0x00, 
  0x00, 0x00, 0x00, 0x00, 0x00, 0x00, 0x00, 0x00, 0x00, 0x00, 0x00, 0x00, 0x00, 0x00, 0x00, 0x00, 
  0x00, 0x00, 0x00, 0x00, 0x00, 0x00, 0x00, 0x00, 0x00, 0x00, 0x00, 0x00, 0x00, 0x00, 0x00, 0x00, 
  0x00, 0x00, 0x00, 0x00, 0x00, 0x00, 0x00, 0x00, 0x00, 0x00, 0x00, 0x00, 0x00, 0x00, 0x00, 0x00, 
  0x00, 0x00, 0x00, 0x00, 0x00, 0x00, 0x00, 0x00, 0x00, 0x00, 0x00, 0x00, 0x00, 0x00, 0x00, 0x00, 
  0x00, 0x00, 0x00, 0x00, 0x00, 0x00, 0x00, 0x00, 0x00, 0x00, 0x00, 0x00, 0x00, 0x00, 0x00, 0x00, 
  0x00, 0x00, 0x00, 0x00, 0x00, 0x00, 0x00, 0x00, 0x00, 0x00, 0x00, 0x00, 0x00, 0x00, 0x00, 0x00, 
  0x00, 0x00, 0x00, 0x00, 0x00, 0x00, 0x00, 0x00, 0x00, 0x00, 0x00, 0x00, 0x00, 0x00, 0x00, 0x00, 
  0x00, 0x00, 0x00, 0x00, 0x00, 0x00, 0x00, 0x00, 0x00, 0x00, 0x00, 0x00, 0x00, 0x00, 0x00, 0x00, 
  0x00, 0x00, 0x00, 0x00, 0x00, 0x00, 0x00, 0x00, 0x00, 0x00, 0x00, 0x00, 0x00, 0x00, 0x00, 0x00, 
  0x00, 0x00, 0x00, 0x00, 0x00, 0x00, 0x00, 0x00, 0x00, 0x00, 0x00, 0x00, 0x00, 0x00, 0x00, 0x00, 
  0x00, 0x00, 0x00, 0x00, 0x00, 0x00, 0x00, 0x00, 0x00, 0x00, 0x00, 0x00, 0x00, 0x00, 0x00, 0x00, 
  0x00, 0x00, 0x00, 0x00, 0x00, 0x00, 0x00, 0x00, 0x00, 0x00, 0x00, 0x00, 0x00, 0x00, 0x00, 0x00, 
  0x00, 0x00, 0x00, 0x00, 0x00, 0x00, 0x00, 0x00, 0x00, 0x00, 0x00, 0x00, 0x00, 0x00, 0x00, 0x00, 
  0x00, 0x00, 0x00, 0x00, 0x00, 0x00, 0x00, 0x00, 0x00, 0x00, 0x00, 0x00, 0x00, 0x00, 0x00, 0x00, 
  0x00, 0x00, 0x00, 0x00, 0x00, 0x00, 0x00, 0x00, 0x00, 0x00, 0x00, 0x00, 0x00, 0x00, 0x00, 0x00, 
  0x00, 0x00, 0x00, 0x00, 0x00, 0x00, 0x00, 0x00, 0x00, 0x00, 0x00, 0x00, 0x00, 0x00, 0x00, 0x00, 
  0x00, 0x00, 0x00, 0x00, 0x00, 0x00, 0x00, 0x00, 0x00, 0x00, 0x00, 0x00, 0x00, 0x00, 0x00, 0x00, 
  0x00, 0x00, 0x00, 0x00, 0x00, 0x00, 0x00, 0x00, 0x00, 0x00, 0x00, 0x00, 0x00, 0x00, 0x00, 0x00, 
  0x00, 0x00, 0x00, 0x00, 0x00, 0x00, 0x00, 0x00, 0x00, 0x00, 0x00, 0x00, 0x00, 0x00, 0x00, 0x00, 
  0x00, 0x00, 0x00, 0x00, 0x00, 0x00, 0x00, 0x00, 0x00, 0x00, 0x00, 0x00, 0x00, 0x00, 0x00, 0x00, 
  0x00, 0x00, 0x00, 0x00, 0x00, 0x00, 0x00, 0x00, 0x00, 0x00, 0x00, 0x00, 0x00, 0x00, 0x00, 0x00, 
  0x00, 0x00, 0x00, 0x00, 0x00, 0x00, 0x00, 0x00, 0x00, 0x00, 0x00, 0x00, 0x00, 0x00, 0x00, 0x00, 
  0x00, 0x00, 0x00, 0x00, 0x00, 0x00, 0x00, 0x00, 0x00, 0x00, 0x00, 0x00, 0x00, 0x00, 0x00, 0x00, 
  0x00, 0x00, 0x00, 0x00, 0x00, 0x00, 0x00, 0x00, 0x00, 0x00, 0x00, 0x00, 0x00, 0x00, 0x00, 0x00, 
  0x00, 0x00, 0x00, 0x00, 0x00, 0x00, 0x00, 0x00, 0x00, 0x00, 0x00, 0x00, 0x00, 0x00, 0x00, 0x00, 
  0x00, 0x00, 0x00, 0x00, 0x00, 0x00, 0x00, 0x00, 0x00, 0x00, 0x00, 0x00, 0x00, 0x00, 0x00, 0x00, 
  0x00, 0x00, 0x00, 0x00, 0x00, 0x00, 0x00, 0x00, 0x00, 0x00, 0x00, 0x00, 0x00, 0x00, 0x00, 0x00, 
  0x00, 0x00, 0x00, 0x00, 0x00, 0x00, 0x00, 0x00, 0x00, 0x00, 0x00, 0x00, 0x00, 0x00, 0x00, 0x00, 
  0x00, 0x00, 0x00, 0x00, 0x00, 0x00, 0x00, 0x00, 0x00, 0x00, 0x00, 0x00, 0x00, 0x00, 0x00, 0x00, 
  0x00, 0x00, 0x00, 0x00, 0x00, 0x00, 0x00, 0x00, 0x00, 0x00, 0x00, 0x00, 0x00, 0x00, 0x00, 0x00, 
  0x00, 0x00, 0x00, 0x00, 0x00, 0x00, 0x00, 0x00, 0x00, 0x00, 0x00, 0x00, 0x00, 0x00, 0x00, 0x00, 
  0x00, 0x00, 0x00, 0x00, 0x00, 0x00, 0x00, 0x00, 0x00, 0x00, 0x00, 0x00, 0x00, 0x00, 0x00, 0x00, 
  0x00, 0x00, 0x00, 0x00, 0x00, 0x00, 0x00, 0x00, 0x00, 0x00, 0x00, 0x00, 0x00, 0x00, 0x00, 0x00, 
  0x00, 0x00, 0x00, 0x00, 0x00, 0x00, 0x00, 0x00, 0x00, 0x00, 0x00, 0x00, 0x00, 0x00, 0x00, 0x00, 
  0x00, 0x00, 0x00, 0x00, 0x00, 0x00, 0x00, 0x00, 0x00, 0x00, 0x00, 0x00, 0x00, 0x00, 0x00, 0x00, 
  0x00, 0x00, 0x00, 0x00, 0x00, 0x00, 0x00, 0x00, 0x00, 0x00, 0x00, 0x00, 0x00, 0x00, 0x00, 0x00, 
  0x00, 0x00, 0x00, 0x00, 0x00, 0x00, 0x00, 0x00, 0x00, 0x00, 0x00, 0x00, 0x00, 0x00, 0x00, 0x00, 
  0x00, 0x00, 0x00, 0x00, 0x00, 0x00, 0x00, 0x00, 0x00, 0x00, 0x00, 0x00, 0x00, 0x00, 0x00, 0x00, 
  0x00, 0x00, 0x00, 0x00, 0x00, 0x00, 0x00, 0x00, 0x00, 0x00, 0x00, 0x00, 0x00, 0x00, 0x00, 0x00, 
  0x00, 0x00, 0x00, 0x00, 0x00, 0x00, 0x00, 0x00, 0x00, 0x00, 0x00, 0x00, 0x00, 0x00, 0x00, 0x00, 
  0x00, 0x00, 0x00, 0x00, 0x00, 0x00, 0x00, 0x00, 0x00, 0x00, 0x00, 0x00, 0x00, 0x00, 0x00, 0x00, 
  0x00, 0x00, 0x00, 0x00, 0x00, 0x00, 0x00, 0x00, 0x00, 0x00, 0x00, 0x00, 0x00, 0x00, 0x00, 0x00, 
  0x00, 0x00, 0x00, 0x00, 0x00, 0x00, 0x00, 0x00, 0x00, 0x00, 0x00, 0x00, 0x00, 0x00, 0x00, 0x00, 
  0x00, 0x00, 0x00, 0x00, 0x00, 0x00, 0x00, 0x00, 0x00, 0x00, 0x00, 0x00, 0x00, 0x00, 0x00, 0x00, 
  0x00, 0x00, 0x00, 0x00, 0x00, 0x00, 0x00, 0x00, 0x00, 0x00, 0x00, 0x00, 0x00, 0x00, 0x00, 0x00, 
  0x00, 0x00, 0x00, 0x00, 0x00, 0x00, 0x00, 0x00, 0x00, 0x00, 0x00, 0x00, 0x00, 0x00, 0x00, 0x00, 
  0x00, 0x00, 0x00, 0x00, 0x00, 0x00, 0x00, 0x00, 0x00, 0x00, 0x00, 0x00, 0x00, 0x00, 0x00, 0x00, 
  0x00, 0x00, 0x00, 0x00, 0x00, 0x00, 0x00, 0x00, 0x00, 0x00, 0x00, 0x00, 0x00, 0x00, 0x00, 0x00, 
  0x00, 0x00, 0x00, 0x00, 0x00, 0x00, 0x00, 0x00, 0x00, 0x00, 0x00, 0x00, 0x00, 0x00, 0x00, 0x00, 
  0x00, 0x00, 0x00, 0x00, 0x00, 0x00, 0x00, 0x00, 0x00, 0x00, 0x00, 0x00, 0x00, 0x00, 0x00, 0x00, 
  0x00, 0x00, 0x00, 0x00, 0x00, 0x00, 0x00, 0x00, 0x00, 0x00, 0x00, 0x00, 0x00, 0x00, 0x00, 0x00, 
  0x00, 0x00, 0x00, 0x00, 0x00, 0x00, 0x00, 0x00, 0x00, 0x00, 0x00, 0x00, 0x00, 0x00, 0x00, 0x00, 
  0x00, 0x00, 0x00, 0x00, 0x00, 0x00, 0x00, 0x00, 0x00, 0x00, 0x00, 0x00, 0x00, 0x00, 0x00, 0x00, 
  0x00, 0x00, 0x00, 0x00, 0x00, 0x00, 0x00, 0x00, 0x00, 0x00, 0x00, 0x00, 0x00, 0x00, 0x00, 0x00, 
  0x00, 0x00, 0x00, 0x00, 0x00, 0x00, 0x00, 0x00, 0x00, 0x00, 0x00, 0x00, 0x00, 0x00, 0x00, 0x00, 
  0x00, 0x00, 0x00, 0x00, 0x00, 0x00, 0x00, 0x00, 0x00, 0x00, 0x00, 0x00, 0x00, 0x00, 0x00, 0x00, 
  0x00, 0x00, 0x00, 0x00, 0x00, 0x00, 0x00, 0x00, 0x00, 0x00, 0x00, 0x00, 0x00, 0x00, 0x00, 0x00, 
  0x00, 0x00, 0x00, 0x00, 0x00, 0x00, 0x00, 0x00, 0x00, 0x00, 0x00, 0x00, 0x00, 0x00, 0x00, 0x00, 
  0x00, 0x00, 0x00, 0x00, 0x00, 0x00, 0x00, 0x00, 0x00, 0x00, 0x00, 0x00, 0x00, 0x00, 0x00, 0x00, 
  0x00, 0x00, 0x00, 0x00, 0x00, 0x00, 0x00, 0x00, 0x00, 0x00, 0x00, 0x00, 0x00, 0x00, 0x00, 0x00, 
  0x00, 0x00, 0x00, 0x00, 0x00, 0x00, 0x00, 0x00, 0x00, 0x00, 0x00, 0x00, 0x00, 0x00, 0x00, 0x00, 
  0x00, 0x00, 0x00, 0x00, 0x00, 0x00, 0x00, 0x00, 0x00, 0x00, 0x00, 0x00, 0x00, 0x00, 0x00, 0x00, 
  0x00, 0x00, 0x00, 0x00, 0x00, 0x00, 0x00, 0x00, 0x00, 0x00, 0x00, 0x00, 0x00, 0x00, 0x00, 0x00, 
  0x00, 0x00, 0x00, 0x00, 0x00, 0x00, 0x00, 0x00, 0x00, 0x00, 0x00, 0x00, 0x00, 0x00, 0x00, 0x00, 
  0x00, 0x00, 0x00, 0x00, 0x00, 0x00, 0x00, 0x00, 0x00, 0x00, 0x00, 0x00, 0x00, 0x00, 0x00, 0x00, 
  0x00, 0x00, 0x00, 0x00, 0x00, 0x00, 0x00, 0x00, 0x00, 0x00, 0x00, 0x00, 0x00, 0x00, 0x00, 0x00, 
  0x00, 0x00, 0x00, 0x00, 0x00, 0x00, 0x00, 0x00, 0x00, 0x00, 0x00, 0x00, 0x00, 0x00, 0x00, 0x00, 
  0x00, 0x00, 0x00, 0x00, 0x00, 0x00, 0x00, 0x00, 0x00, 0x00, 0x00, 0x00, 0x00, 0x00, 0x00, 0x00, 
  0x00, 0x00, 0x00, 0x00, 0x00, 0x00, 0x00, 0x00, 0x00, 0x00, 0x00, 0x00, 0x00, 0x00, 0x00, 0x00, 
  0x00, 0x00, 0x00, 0x00, 0x00, 0x00, 0x00, 0x00, 0x00, 0x00, 0x00, 0x00, 0x00, 0x00, 0x00, 0x00, 
  0x00, 0x00, 0x00, 0x00, 0x00, 0x00, 0x00, 0x00, 0x00, 0x00, 0x00, 0x00, 0x00, 0x00, 0x00, 0x00, 
  0x00, 0x00, 0x00, 0x00, 0x00, 0x00, 0x00, 0x00, 0x00, 0x00, 0x00, 0x00, 0x00, 0x00, 0x00, 0x00, 
  0x00, 0x00, 0x00, 0x00, 0x00, 0x00, 0x00, 0x00, 0x00, 0x00, 0x00, 0x00, 0x00, 0x00, 0x00, 0x00, 
  0x00, 0x00, 0x00, 0x00, 0x00, 0x00, 0x00, 0x00, 0x00, 0x00, 0x00, 0x00, 0x00, 0x00, 0x00, 0x00, 
  0x00, 0x00, 0x00, 0x00, 0x00, 0x00, 0x00, 0x00, 0x00, 0x00, 0x00, 0x00, 0x00, 0x00, 0x00, 0x00, 
  0x00, 0x00, 0x00, 0x00, 0x00, 0x00, 0x00, 0x00, 0x00, 0x00, 0x00, 0x00, 0x00, 0x00, 0x00, 0x00, 
  0x00, 0x00, 0x00, 0x00, 0x00, 0x00, 0x00, 0x00, 0x00, 0x00, 0x00, 0x00, 0x00, 0x00, 0x00, 0x00, 
  0x00, 0x00, 0x00, 0x00, 0x00, 0x00, 0x00, 0x00, 0x00, 0x00, 0x00, 0x00, 0x00, 0x00, 0x00, 0x00, 
  0x00, 0x00, 0x00, 0x00, 0x00, 0x00, 0x00, 0x00, 0x00, 0x00, 0x00, 0x00, 0x00, 0x00, 0x00, 0x00, 
  0x00, 0x00, 0x00, 0x00, 0x00, 0x00, 0x00, 0x00, 0x00, 0x00, 0x00, 0x00, 0x00, 0x00, 0x00, 0x00, 
  0x00, 0x00, 0x00, 0x00, 0x00, 0x00, 0x00, 0x00, 0x00, 0x00, 0x00, 0x00, 0x00, 0x00, 0x00, 0x00, 
  0x00, 0x00, 0x00, 0x00, 0x00, 0x00, 0x00, 0x00, 0x00, 0x00, 0x00, 0x00, 0x00, 0x00, 0x00, 0x00, 
  0x00, 0x00, 0x00, 0x00, 0x00, 0x00, 0x00, 0x00, 0x00, 0x00, 0x00, 0x00, 0x00, 0x00, 0x00, 0x00, 
  0x00, 0x00, 0x00, 0x00, 0x00, 0x00, 0x00, 0x00, 0x00, 0x00, 0x00, 0x00, 0x00, 0x00, 0x00, 0x00, 
  0x00, 0x00, 0x00, 0x00, 0x00, 0x00, 0x00, 0x00, 0x00, 0x00, 0x00, 0x00, 0x00, 0x00, 0x00, 0x00, 
  0x00, 0x00, 0x00, 0x00, 0x00, 0x00, 0x00, 0x00, 0x00, 0x00, 0x00, 0x00, 0x00, 0x00, 0x00, 0x00, 
  0x00, 0x00, 0x00, 0x00, 0x00, 0x00, 0x00, 0x00, 0x00, 0x00, 0x00, 0x00, 0x00, 0x00, 0x00, 0x00, 
  0x00, 0x00, 0x00, 0x00, 0x00, 0x00, 0x00, 0x00, 0x00, 0x00, 0x00, 0x00, 0x00, 0x00, 0x00, 0x00, 
  0x00, 0x00, 0x00, 0x00, 0x00, 0x00, 0x00, 0x00, 0x00, 0x00, 0x00, 0x00, 0x00, 0x00, 0x00, 0x00, 
  0x00, 0x00, 0x00, 0x00, 0x00, 0x00, 0x00, 0x00, 0x00, 0x00, 0x00, 0x00, 0x00, 0x00, 0x00, 0x00, 
  0x00, 0x00, 0x00, 0x00, 0x00, 0x00, 0x00, 0x00, 0x00, 0x00, 0x00, 0x00, 0x00, 0x00, 0x00, 0x00, 
  0x00, 0x00, 0x00, 0x00, 0x00, 0x00, 0x00, 0x00, 0x00, 0x00, 0x00, 0x00, 0x00, 0x00, 0x00, 0x00, 
  0x00, 0x00, 0x00, 0x00, 0x00, 0x00, 0x00, 0x00, 0x00, 0x00, 0x00, 0x00, 0x00, 0x00, 0x00, 0x00, 
  0x00, 0x00, 0x00, 0x00, 0x00, 0x00, 0x00, 0x00, 0x00, 0x00, 0x00, 0x00, 0x00, 0x00, 0x00, 0x00, 
  0x00, 0x00, 0x00, 0x00, 0x00, 0x00, 0x00, 0x00, 0x00, 0x00, 0x00, 0x00, 0x00, 0x00, 0x00, 0x00, 
  0x00, 0x00, 0x00, 0x00, 0x00, 0x00, 0x00, 0x00, 0x00, 0x00, 0x00, 0x00, 0x00, 0x00, 0x00, 0x00, 
  0x00, 0x00, 0x00, 0x00, 0x00, 0x00, 0x00, 0x00, 0x00, 0x00, 0x00, 0x00, 0x00, 0x00, 0x00, 0x00, 
  0x00, 0x00, 0x00, 0x00, 0x00, 0x00, 0x00, 0x00, 0x00, 0x00, 0x00, 0x00, 0x00, 0x00, 0x00, 0x00, 
  0x00, 0x00, 0x00, 0x00, 0x00, 0x00, 0x00, 0x00, 0x00, 0x00, 0x00, 0x00, 0x00, 0x00, 0x00, 0x00, 
  0x00, 0x00, 0x00, 0x00, 0x00, 0x00, 0x00, 0x00, 0x00, 0x00, 0x00, 0x00, 0x00, 0x00, 0x00, 0x00, 
  0x00, 0x00, 0x00, 0x00, 0x00, 0x00, 0x00, 0x00, 0x00, 0x00, 0x00, 0x00, 0x00, 0x00, 0x00, 0x00, 
  0x00, 0x00, 0x00, 0x00, 0x00, 0x00, 0x00, 0x00, 0x00, 0x00, 0x00, 0x00, 0x00, 0x00, 0x00, 0x00, 
  0x00, 0x00, 0x00, 0x00, 0x00, 0x00, 0x00, 0x00, 0x00, 0x00, 0x00, 0x00, 0x00, 0x00, 0x00, 0x00, 
  0x00, 0x00, 0x00, 0x00, 0x00, 0x00, 0x00, 0x00, 0x00, 0x00, 0x00, 0x00, 0x00, 0x00, 0x00, 0x00, 
  0x00, 0x00, 0x00, 0x00, 0x00, 0x00, 0x00, 0x00, 0x00, 0x00, 0x00, 0x00, 0x00, 0x00, 0x00, 0x00, 
  0x00, 0x00, 0x00, 0x00, 0x00, 0x00, 0x00, 0x00, 0x00, 0x00, 0x00, 0x00, 0x00, 0x00, 0x00, 0x00, 
  0x00, 0x00, 0x00, 0x00, 0x00, 0x00, 0x00, 0x00, 0x00, 0x00, 0x00, 0x00, 0x00, 0x00, 0x00, 0x00, 
  0x00, 0x00, 0x00, 0x00, 0x00, 0x00, 0x00, 0x00, 0x00, 0x00, 0x00, 0x00, 0x00, 0x00, 0x00, 0x00, 
  0x00, 0x00, 0x00, 0x00, 0x00, 0x00, 0x00, 0x00, 0x00, 0x00, 0x00, 0x00, 0x00, 0x00, 0x00, 0x00, 
  0x00, 0x00, 0x00, 0x00, 0x00, 0x00, 0x00, 0x00, 0x00, 0x00, 0x00, 0x00, 0x00, 0x00, 0x00, 0x00, 
  0x00, 0x00, 0x00, 0x00, 0x00, 0x00, 0x00, 0x00, 0x00, 0x00, 0x00, 0x00, 0x00, 0x00, 0x00, 0x00, 
  0x00, 0x00, 0x00, 0x00, 0x00, 0x00, 0x00, 0x00, 0x00, 0x00, 0x00, 0x00, 0x00, 0x00, 0x00, 0x00, 
  0x00, 0x00, 0x00, 0x00, 0x00, 0x00, 0x00, 0x00, 0x00, 0x00, 0x00, 0x00, 0x00, 0x00, 0x00, 0x00, 
  0x00, 0x00, 0x00, 0x00, 0x00, 0x00, 0x00, 0x00, 0x00, 0x00, 0x00, 0x00, 0x00, 0x00, 0x00, 0x00, 
  0x00, 0x00, 0x00, 0x00, 0x00, 0x00, 0x00, 0x00, 0x00, 0x00, 0x00, 0x00, 0x00, 0x00, 0x00, 0x00, 
  0x00, 0x00, 0x00, 0x00, 0x00, 0x00, 0x00, 0x00, 0x00, 0x00, 0x00, 0x00, 0x00, 0x00, 0x00, 0x00, 
  0x00, 0x00, 0x00, 0x00, 0x00, 0x00, 0x00, 0x00, 0x00, 0x00, 0x00, 0x00, 0x00, 0x00, 0x00, 0x00, 
  0x00, 0x00, 0x00, 0x00, 0x00, 0x00, 0x00, 0x00, 0x00, 0x00, 0x00, 0x00, 0x00, 0x00, 0x00, 0x00, 
  0x00, 0x00, 0x00, 0x00, 0x00, 0x00, 0x00, 0x00, 0x00, 0x00, 0x00, 0x00, 0x00, 0x00, 0x00, 0x00, 
  0x00, 0x00, 0x00, 0x00, 0x00, 0x00, 0x00, 0x00, 0x00, 0x00, 0x00, 0x00, 0x00, 0x00, 0x00, 0x00, 
  0x00, 0x00, 0x00, 0x00, 0x00, 0x00, 0x00, 0x00, 0x00, 0x00, 0x00, 0x00, 0x00, 0x00, 0x00, 0x00, 
  0x00, 0x00, 0x00, 0x00, 0x00, 0x00, 0x00, 0x00, 0x00, 0x00, 0x00, 0x00, 0x00, 0x00, 0x00, 0x00, 
  0x00, 0x00, 0x00, 0x00, 0x00, 0x00, 0x00, 0x00, 0x00, 0x00, 0x00, 0x00, 0x00, 0x00, 0x00, 0x00, 
  0x00, 0x00, 0x00, 0x00, 0x00, 0x00, 0x00, 0x00, 0x00, 0x00, 0x00, 0x00, 0x00, 0x00, 0x00, 0x00, 
  0x00, 0x00, 0x00, 0x00, 0x00, 0x00, 0x00, 0x00, 0x00, 0x00, 0x00, 0x00, 0x00, 0x00, 0x00, 0x00, 
  0x00, 0x00, 0x00, 0x00, 0x00, 0x00, 0x00, 0x00, 0x00, 0x00, 0x00, 0x00, 0x00, 0x00, 0x00, 0x00, 
  0x00, 0x00, 0x00, 0x00, 0x00, 0x00, 0x00, 0x00, 0x00, 0x00, 0x00, 0x00, 0x00, 0x00, 0x00, 0x00, 
  0x00, 0x00, 0x00, 0x00, 0x00, 0x00, 0x00, 0x00, 0x00, 0x00, 0x00, 0x00, 0x00, 0x00, 0x00, 0x00, 
  0x00, 0x00, 0x00, 0x00, 0x00, 0x00, 0x00, 0x00, 0x00, 0x00, 0x00, 0x00, 0x00, 0x00, 0x00, 0x00, 
  0x00, 0x00, 0x00, 0x00, 0x00, 0x00, 0x00, 0x00, 0x00, 0x00, 0x00, 0x00, 0x00, 0x00, 0x00, 0x00, 
  0x00, 0x00, 0x00, 0x00, 0x00, 0x00, 0x00, 0x00, 0x00, 0x00, 0x00, 0x00, 0x00, 0x00, 0x00, 0x00, 
  0x00, 0x00, 0x00, 0x00, 0x00, 0x00, 0x00, 0x00, 0x00, 0x00, 0x00, 0x00, 0x00, 0x00, 0x00, 0x00, 
  0x00, 0x00, 0x00, 0x00, 0x00, 0x00, 0x00, 0x00, 0x00, 0x00, 0x00, 0x00, 0x00, 0x00, 0x00, 0x00, 
  0x00, 0x00, 0x00, 0x00, 0x00, 0x00, 0x00, 0x00, 0x00, 0x00, 0x00, 0x00, 0x00, 0x00, 0x00, 0x00, 
  0x00, 0x00, 0x00, 0x00, 0x00, 0x00, 0x00, 0x00, 0x00, 0x00, 0x00, 0x00, 0x00, 0x00, 0x00, 0x00, 
  0x00, 0x00, 0x00, 0x00, 0x00, 0x00, 0x00, 0x00, 0x00, 0x00, 0x00, 0x00, 0x00, 0x00, 0x00, 0x00, 
  0x00, 0x00, 0x00, 0x00, 0x00, 0x00, 0x00, 0x00, 0x00, 0x00, 0x00, 0x00, 0x00, 0x00, 0x00, 0x00, 
  0x00, 0x00, 0x00, 0x00, 0x00, 0x00, 0x00, 0x00, 0x00, 0x00, 0x00, 0x00, 0x00, 0x00, 0x00, 0x00, 
  0x00, 0x00, 0x00, 0x00, 0x00, 0x00, 0x00, 0x00, 0x00, 0x00, 0x00, 0x00, 0x00, 0x00, 0x00, 0x00, 
  0x00, 0x00, 0x00, 0x00, 0x00, 0x00, 0x00, 0x00, 0x00, 0x00, 0x00, 0x00, 0x00, 0x00, 0x00, 0x00, 
  0x00, 0x00, 0x00, 0x00, 0x00, 0x00, 0x00, 0x00, 0x00, 0x00, 0x00, 0x00, 0x00, 0x00, 0x00, 0x00, 
  0x00, 0x00, 0x00, 0x00, 0x00, 0x00, 0x00, 0x00, 0x00, 0x00, 0x00, 0x00, 0x00, 0x00, 0x00, 0x00, 
  0x00, 0x00, 0x00, 0x00, 0x00, 0x00, 0x00, 0x00, 0x00, 0x00, 0x00, 0x00, 0x00, 0x00, 0x00, 0x00, 
  0x00, 0x00, 0x00, 0x00, 0x00, 0x00, 0x00, 0x00, 0x00, 0x00, 0x00, 0x00, 0x00, 0x00, 0x00, 0x00, 
  0x00, 0x00, 0x00, 0x00, 0x00, 0x00, 0x00, 0x00, 0x00, 0x00, 0x00, 0x00, 0x00, 0x00, 0x00, 0x00, 
  0x00, 0x00, 0x00, 0x00, 0x00, 0x00, 0x00, 0x00, 0x00, 0x00, 0x00, 0x00, 0x00, 0x00, 0x00, 0x00, 
  0x00, 0x00, 0x00, 0x00, 0x00, 0x00, 0x00, 0x00, 0x00, 0x00, 0x00, 0x00, 0x00, 0x00, 0x00, 0x00, 
  0x00, 0x00, 0x00, 0x00, 0x00, 0x00, 0x00, 0x00, 0x00, 0x00, 0x00, 0x00, 0x00, 0x00, 0x00, 0x00, 
  0x00, 0x00, 0x00, 0x00, 0x00, 0x00, 0x00, 0x00, 0x00, 0x00, 0x00, 0x00, 0x00, 0x00, 0x00, 0x00, 
  0x00, 0x00, 0x00, 0x00, 0x00, 0x00, 0x00, 0x00, 0x00, 0x00, 0x00, 0x00, 0x00, 0x00, 0x00, 0x00, 
  0x00, 0x00, 0x00, 0x00, 0x00, 0x00, 0x00, 0x00, 0x00, 0x00, 0x00, 0x00, 0x00, 0x00, 0x00, 0x00, 
  0x00, 0x00, 0x00, 0x00, 0x00, 0x00, 0x00, 0x00, 0x00, 0x00, 0x00, 0x00, 0x00, 0x00, 0x00, 0x00, 
  0x00, 0x00, 0x00, 0x00, 0x00, 0x00, 0x00, 0x00, 0x00, 0x00, 0x00, 0x00, 0x00, 0x00, 0x00, 0x00, 
  0x00, 0x00, 0x00, 0x00, 0x00, 0x00, 0x00, 0x00, 0x00, 0x00, 0x00, 0x00, 0x00, 0x00, 0x00, 0x00, 
  0x00, 0x00, 0x00, 0x00, 0x00, 0x00, 0x00, 0x00, 0x00, 0x00, 0x00, 0x00, 0x00, 0x00, 0x00, 0x00, 
  0x00, 0x00, 0x00, 0x00, 0x00, 0x00, 0x00, 0x00, 0x00, 0x00, 0x00, 0x00, 0x00, 0x00, 0x00, 0x00, 
  0x00, 0x00, 0x00, 0x00, 0x00, 0x00, 0x00, 0x00, 0x00, 0x00, 0x00, 0x00, 0x00, 0x00, 0x00, 0x00, 
  0x00, 0x00, 0x00, 0x00, 0x00, 0x00, 0x00, 0x00, 0x00, 0x00, 0x00, 0x00, 0x00, 0x00, 0x00, 0x00, 
  0x00, 0x00, 0x00, 0x00, 0x00, 0x00, 0x00, 0x00, 0x00, 0x00, 0x00, 0x00, 0x00, 0x00, 0x00, 0x00, 
  0x00, 0x00, 0x00, 0x00, 0x00, 0x00, 0x00, 0x00, 0x00, 0x00, 0x00, 0x00, 0x00, 0x00, 0x00, 0x00, 
  0x00, 0x00, 0x00, 0x00, 0x00, 0x00, 0x00, 0x00, 0x00, 0x00, 0x00, 0x00, 0x00, 0x00, 0x00, 0x00, 
  0x00, 0x00, 0x00, 0x00, 0x00, 0x00, 0x00, 0x00, 0x00, 0x00, 0x00, 0x00, 0x00, 0x00, 0x00, 0x00, 
  0x00, 0x00, 0x00, 0x00, 0x00, 0x00, 0x00, 0x00, 0x00, 0x00, 0x00, 0x00, 0x00, 0x00, 0x00, 0x00, 
  0x00, 0x00, 0x00, 0x00, 0x00, 0x00, 0x00, 0x00, 0x00, 0x00, 0x00, 0x00, 0x00, 0x00, 0x00, 0x00, 
  0x00, 0x00, 0x00, 0x00, 0x00, 0x00, 0x00, 0x00, 0x00, 0x00, 0x00, 0x00, 0x00, 0x00, 0x00, 0x00, 
  0x00, 0x00, 0x00, 0x00, 0x00, 0x00, 0x00, 0x00, 0x00, 0x00, 0x00, 0x00, 0x00, 0x00, 0x00, 0x00, 
  0x00, 0x00, 0x00, 0x00, 0x00, 0x00, 0x00, 0x00, 0x00, 0x00, 0x00, 0x00, 0x00, 0x00, 0x00, 0x00, 
  0x00, 0x00, 0x00, 0x00, 0x00, 0x00, 0x00, 0x00, 0x00, 0x00, 0x00, 0x00, 0x00, 0x00, 0x00, 0x00, 
  0x00, 0x00, 0x00, 0x00, 0x00, 0x00, 0x00, 0x00, 0x00, 0x00, 0x00, 0x00, 0x00, 0x00, 0x00, 0x00, 
  0x00, 0x00, 0x00, 0x00, 0x00, 0x00, 0x00, 0x00, 0x00, 0x00, 0x00, 0x00, 0x00, 0x00, 0x00, 0x00, 
  0x00, 0x00, 0x00, 0x00, 0x00, 0x00, 0x00, 0x00, 0x00, 0x00, 0x00, 0x00, 0x00, 0x00, 0x00, 0x00, 
  0x00, 0x00, 0x00, 0x00, 0x00, 0x00, 0x00, 0x00, 0x00, 0x00, 0x00, 0x00, 0x00, 0x00, 0x00, 0x00, 
  0x00, 0x00, 0x00, 0x00, 0x00, 0x00, 0x00, 0x00, 0x00, 0x00, 0x00, 0x00, 0x00, 0x00, 0x00, 0x00, 
  0x00, 0x00, 0x00, 0x00, 0x00, 0x00, 0x00, 0x00, 0x00, 0x00, 0x00, 0x00, 0x00, 0x00, 0x00, 0x00, 
  0x00, 0x00, 0x00, 0x00, 0x00, 0x00, 0x00, 0x00, 0x00, 0x00, 0x00, 0x00, 0x00, 0x00, 0x00, 0x00, 
  0x00, 0x00, 0x00, 0x00, 0x00, 0x00, 0x00, 0x00, 0x00, 0x00, 0x00, 0x00, 0x00, 0x00, 0x00, 0x00, 
  0x00, 0x00, 0x00, 0x00, 0x00, 0x00, 0x00, 0x00, 0x00, 0x00, 0x00, 0x00, 0x00, 0x00, 0x00, 0x00, 
  0x00, 0x00, 0x00, 0x00, 0x00, 0x00, 0x00, 0x00, 0x00, 0x00, 0x00, 0x00, 0x00, 0x00, 0x00, 0x00, 
  0x00, 0x00, 0x00, 0x00, 0x00, 0x00, 0x00, 0x00, 0x00, 0x00, 0x00, 0x00, 0x00, 0x00, 0x00, 0x00, 
  0x00, 0x00, 0x00, 0x00, 0x00, 0x00, 0x00, 0x00, 0x00, 0x00, 0x00, 0x00, 0x00, 0x00, 0x00, 0x00, 
  0x00, 0x00, 0x00, 0x00, 0x00, 0x00, 0x00, 0x00, 0x00, 0x00, 0x00, 0x00, 0x00, 0x00, 0x00, 0x00, 
  0x00, 0x00, 0x00, 0x00, 0x00, 0x00, 0x00, 0x00, 0x00, 0x00, 0x00, 0x00, 0x00, 0x00, 0x00, 0x00, 
  0x00, 0x00, 0x00, 0x00, 0x00, 0x00, 0x00, 0x00, 0x00, 0x00, 0x00, 0x00, 0x00, 0x00, 0x00, 0x00, 
  0x00, 0x00, 0x00, 0x00, 0x00, 0x00, 0x00, 0x00, 0x00, 0x00, 0x00, 0x00, 0x00, 0x00, 0x00, 0x00, 
  0x00, 0x00, 0x00, 0x00, 0x00, 0x00, 0x00, 0x00, 0x00, 0x00, 0x00, 0x00, 0x00, 0x00, 0x00, 0x00, 
  0x00, 0x00, 0x00, 0x00, 0x00, 0x00, 0x00, 0x00, 0x00, 0x00, 0x00, 0x00, 0x00, 0x00, 0x00, 0x00, 
  0x00, 0x00, 0x00, 0x00, 0x00, 0x00, 0x00, 0x00, 0x00, 0x00, 0x00, 0x00, 0x00, 0x00, 0x00, 0x00, 
  0x00, 0x00, 0x00, 0x00, 0x00, 0x00, 0x00, 0x00, 0x00, 0x00, 0x00, 0x00, 0x00, 0x00, 0x00, 0x00, 
  0x00, 0x00, 0x00, 0x00, 0x00, 0x00, 0x00, 0x00, 0x00, 0x00, 0x00, 0x00, 0x00, 0x00, 0x00, 0x00, 
  0x00, 0x00, 0x00, 0x00, 0x00, 0x00, 0x00, 0x00, 0x00, 0x00, 0x00, 0x00, 0x00, 0x00, 0x00, 0x00, 
  0x00, 0x00, 0x00, 0x00, 0x00, 0x00, 0x00, 0x00, 0x00, 0x00, 0x00, 0x00, 0x00, 0x00, 0x00, 0x00, 
  0x00, 0x00, 0x00, 0x00, 0x00, 0x00, 0x00, 0x00, 0x00, 0x00, 0x00, 0x00, 0x00, 0x00, 0x00, 0x00, 
  0x00, 0x00, 0x00, 0x00, 0x00, 0x00, 0x00, 0x00, 0x00, 0x00, 0x00, 0x00, 0x00, 0x00, 0x00, 0x00, 
  0x00, 0x00, 0x00, 0x00, 0x00, 0x00, 0x00, 0x00, 0x00, 0x00, 0x00, 0x00, 0x00, 0x00, 0x00, 0x00, 
  0x00, 0x00, 0x00, 0x00, 0x00, 0x00, 0x00, 0x00, 0x00, 0x00, 0x00, 0x00, 0x00, 0x00, 0x00, 0x00, 
  0x00, 0x00, 0x00, 0x00, 0x00, 0x00, 0x00, 0x00, 0x00, 0x00, 0x00, 0x00, 0x00, 0x00, 0x00, 0x00, 
  0x00, 0x00, 0x00, 0x00, 0x00, 0x00, 0x00, 0x00, 0x00, 0x00, 0x00, 0x00, 0x00, 0x00, 0x00, 0x00, 
  0x00, 0x00, 0x00, 0x00, 0x00, 0x00, 0x00, 0x00, 0x00, 0x00, 0x00, 0x00, 0x00, 0x00, 0x00, 0x00, 
  0x00, 0x00, 0x00, 0x00, 0x00, 0x00, 0x00, 0x00, 0x00, 0x00, 0x00, 0x00, 0x00, 0x00, 0x00, 0x00, 
  0x00, 0x00, 0x00, 0x00, 0x00, 0x00, 0x00, 0x00, 0x00, 0x00, 0x00, 0x00, 0x00, 0x00, 0x00, 0x00, 
  0x00, 0x00, 0x00, 0x00, 0x00, 0x00, 0x00, 0x00, 0x00, 0x00, 0x00, 0x00, 0x00, 0x00, 0x00, 0x00, 
  0x00, 0x00, 0x00, 0x00, 0x00, 0x00, 0x00, 0x00, 0x00, 0x00, 0x00, 0x00, 0x00, 0x00, 0x00, 0x00, 
  0x00, 0x00, 0x00, 0x00, 0x00, 0x00, 0x00, 0x00, 0x00, 0x00, 0x00, 0x00, 0x00, 0x00, 0x00, 0x00, 
  0x00, 0x00, 0x00, 0x00, 0x00, 0x00, 0x00, 0x00, 0x00, 0x00, 0x00, 0x00, 0x00, 0x00, 0x00, 0x00, 
  0x00, 0x00, 0x00, 0x00, 0x00, 0x00, 0x00, 0x00, 0x00, 0x00, 0x00, 0x00, 0x00, 0x00, 0x00, 0x00, 
  0x00, 0x00, 0x00, 0x00, 0x00, 0x00, 0x00, 0x00, 0x00, 0x00, 0x00, 0x00, 0x00, 0x00, 0x00, 0x00, 
  0x00, 0x00, 0x00, 0x00, 0x00, 0x00, 0x00, 0x00, 0x00, 0x00, 0x00, 0x00, 0x00, 0x00, 0x00, 0x00, 
  0x00, 0x00, 0x00, 0x00, 0x00, 0x00, 0x00, 0x00, 0x00, 0x00, 0x00, 0x00, 0x00, 0x00, 0x00, 0x00, 
  0x00, 0x00, 0x00, 0x00, 0x00, 0x00, 0x00, 0x00, 0x00, 0x00, 0x00, 0x00, 0x00, 0x00, 0x00, 0x00, 
  0x00, 0x00, 0x00, 0x00, 0x00, 0x00, 0x00, 0x00, 0x00, 0x00, 0x00, 0x00, 0x00, 0x00, 0x00, 0x00, 
  0x00, 0x00, 0x00, 0x00, 0x00, 0x00, 0x00, 0x00, 0x00, 0x00, 0x00, 0x00, 0x00, 0x00, 0x00, 0x00, 
  0x00, 0x00, 0x00, 0x00, 0x00, 0x00, 0x00, 0x00, 0x00, 0x00, 0x00, 0x00, 0x00, 0x00, 0x00, 0x00, 
  0x00, 0x00, 0x00, 0x00, 0x00, 0x00, 0x00, 0x00, 0x00, 0x00, 0x00, 0x00, 0x00, 0x00, 0x00, 0x00, 
  0x00, 0x00, 0x00, 0x00, 0x00, 0x00, 0x00, 0x00, 0x00, 0x00, 0x00, 0x00, 0x00, 0x00, 0x00, 0x00, 
  0x00, 0x00, 0x00, 0x00, 0x00, 0x00, 0x00, 0x00, 0x00, 0x00, 0x00, 0x00, 0x00, 0x00, 0x00, 0x00, 
  0x00, 0x00, 0x00, 0x00, 0x00, 0x00, 0x00, 0x00, 0x00, 0x00, 0x00, 0x00, 0x00, 0x00, 0x00, 0x00, 
  0x00, 0x00, 0x00, 0x00, 0x00, 0x00, 0x00, 0x00, 0x00, 0x00, 0x00, 0x00, 0x00, 0x00, 0x00, 0x00, 
  0x00, 0x00, 0x00, 0x00, 0x00, 0x00, 0x00, 0x00, 0x00, 0x00, 0x00, 0x00, 0x00, 0x00, 0x00, 0x00, 
  0x00, 0x00, 0x00, 0x00, 0x00, 0x00, 0x00, 0x00, 0x00, 0x00, 0x00, 0x00, 0x00, 0x00, 0x00, 0x00, 
  0x00, 0x00, 0x00, 0x00, 0x00, 0x00, 0x00, 0x00, 0x00, 0x00, 0x00, 0x00, 0x00, 0x00, 0x00, 0x00, 
  0x00, 0x00, 0x00, 0x00, 0x00, 0x00, 0x00, 0x00, 0x00, 0x00, 0x00, 0x00, 0x00, 0x00, 0x00, 0x00, 
  0x00, 0x00, 0x00, 0x00, 0x00, 0x00, 0x00, 0x00, 0x00, 0x00, 0x00, 0x00, 0x00, 0x00, 0x00, 0x00, 
  0x00, 0x00, 0x00, 0x00, 0x00, 0x00, 0x00, 0x00, 0x00, 0x00, 0x00, 0x00, 0x00, 0x00, 0x00, 0x00, 
  0x00, 0x00, 0x00, 0x00, 0x00, 0x00, 0x00, 0x00, 0x00, 0x00, 0x00, 0x00, 0x00, 0x00, 0x00, 0x00, 
  0x00, 0x00, 0x00, 0x00, 0x00, 0x00, 0x00, 0x00, 0x00, 0x00, 0x00, 0x00, 0x00, 0x00, 0x00, 0x00, 
  0x00, 0x00, 0x00, 0x00, 0x00, 0x00, 0x00, 0x00, 0x00, 0x00, 0x00, 0x00, 0x00, 0x00, 0x00, 0x00, 
  0x00, 0x00, 0x00, 0x00, 0x00, 0x00, 0x00, 0x00, 0x00, 0x00, 0x00, 0x00, 0x00, 0x00, 0x00, 0x00, 
  0x00, 0x00, 0x00, 0x00, 0x00, 0x00, 0x00, 0x00, 0x00, 0x00, 0x00, 0x00, 0x00, 0x00, 0x00, 0x00, 
  0x00, 0x00, 0x00, 0x00, 0x00, 0x00, 0x00, 0x00, 0x00, 0x00, 0x00, 0x00, 0x00, 0x00, 0x00, 0x00, 
  0x00, 0x00, 0x00, 0x00, 0x00, 0x00, 0x00, 0x00, 0x00, 0x00, 0x00, 0x00, 0x00, 0x00, 0x00, 0x00, 
  0x00, 0x00, 0x00, 0x00, 0x00, 0x00, 0x00, 0x00, 0x00, 0x00, 0x00, 0x00, 0x00, 0x00, 0x00, 0x00, 
  0x00, 0x00, 0x00, 0x00, 0x00, 0x00, 0x00, 0x00, 0x00, 0x00, 0x00, 0x00, 0x00, 0x00, 0x00, 0x00, 
  0x00, 0x00, 0x00, 0x00, 0x00, 0x00, 0x00, 0x00, 0x00, 0x00, 0x00, 0x00, 0x00, 0x00, 0x00, 0x00, 
  0x00, 0x00, 0x00, 0x00, 0x00, 0x00, 0x00, 0x00, 0x00, 0x00, 0x00, 0x00, 0x00, 0x00, 0x00, 0x00, 
  0x00, 0x00, 0x00, 0x00, 0x00, 0x00, 0x00, 0x00, 0x00, 0x00, 0x00, 0x00, 0x00, 0x00, 0x00, 0x00, 
  0x00, 0x00, 0x00, 0x00, 0x00, 0x00, 0x00, 0x00, 0x00, 0x00, 0x00, 0x00, 0x00, 0x00, 0x00, 0x00, 
  0x00, 0x00, 0x00, 0x00, 0x00, 0x00, 0x00, 0x00, 0x00, 0x00, 0x00, 0x00, 0x00, 0x00, 0x00, 0x00, 
  0x00, 0x00, 0x00, 0x00, 0x00, 0x00, 0x00, 0x00, 0x00, 0x00, 0x00, 0x00, 0x00, 0x00, 0x00, 0x00, 
  0x00, 0x00, 0x00, 0x00, 0x00, 0x00, 0x00, 0x00, 0x00, 0x00, 0x00, 0x00, 0x00, 0x00, 0x00, 0x00, 
  0x00, 0x00, 0x00, 0x00, 0x00, 0x00, 0x00, 0x00, 0x00, 0x00, 0x00, 0x00, 0x00, 0x00, 0x00, 0x00, 
  0x00, 0x00, 0x00, 0x00, 0x00, 0x00, 0x00, 0x00, 0x00, 0x00, 0x00, 0x00, 0x00, 0x00, 0x00, 0x00, 
  0x00, 0x00, 0x00, 0x00, 0x00, 0x00, 0x00, 0x00, 0x00, 0x00, 0x00, 0x00, 0x00, 0x00, 0x00, 0x00, 
  0x00, 0x00, 0x00, 0x00, 0x00, 0x00, 0x00, 0x00, 0x00, 0x00, 0x00, 0x00, 0x00, 0x00, 0x00, 0x00, 
  0x00, 0x00, 0x00, 0x00, 0x00, 0x00, 0x00, 0x00, 0x00, 0x00, 0x00, 0x00, 0x00, 0x00, 0x00, 0x00, 
  0x00, 0x00, 0x00, 0x00, 0x00, 0x00, 0x00, 0x00, 0x00, 0x00, 0x00, 0x00, 0x00, 0x00, 0x00, 0x00, 
  0x00, 0x00, 0x00, 0x00, 0x00, 0x00, 0x00, 0x00, 0x00, 0x00, 0x00, 0x00, 0x00, 0x00, 0x00, 0x00, 
  0x00, 0x00, 0x00, 0x00, 0x00, 0x00, 0x00, 0x00, 0x00, 0x00, 0x00, 0x00, 0x00, 0x00, 0x00, 0x00, 
  0x00, 0x00, 0x00, 0x00, 0x00, 0x00, 0x00, 0x00, 0x00, 0x00, 0x00, 0x00, 0x00, 0x00, 0x00, 0x00, 
  0x00, 0x00, 0x00, 0x00, 0x00, 0x00, 0x00, 0x00, 0x00, 0x00, 0x00, 0x00, 0x00, 0x00, 0x00, 0x00, 
  0x00, 0x00, 0x00, 0x00, 0x00, 0x00, 0x00, 0x00, 0x00, 0x00, 0x00, 0x00, 0x00, 0x00, 0x00, 0x00, 
  0x00, 0x00, 0x00, 0x00, 0x00, 0x00, 0x00, 0x00, 0x00, 0x00, 0x00, 0x00, 0x00, 0x00, 0x00, 0x00, 
  0x00, 0x00, 0x00, 0x00, 0x00, 0x00, 0x00, 0x00, 0x00, 0x00, 0x00, 0x00, 0x00, 0x00, 0x00, 0x00, 
  0x00, 0x00, 0x00, 0x00, 0x00, 0x00, 0x00, 0x00, 0x00, 0x00, 0x00, 0x00, 0x00, 0x00, 0x00, 0x00, 
  0x00, 0x00, 0x00, 0x00, 0x00, 0x00, 0x00, 0x00, 0x00, 0x00, 0x00, 0x00, 0x00, 0x00, 0x00, 0x00, 
  0x00, 0x00, 0x00, 0x00, 0x00, 0x00, 0x00, 0x00, 0x00, 0x00, 0x00, 0x00, 0x00, 0x00, 0x00, 0x00, 
  0x00, 0x00, 0x00, 0x00, 0x00, 0x00, 0x00, 0x00, 0x00, 0x00, 0x00, 0x00, 0x00, 0x00, 0x00, 0x00, 
  0x00, 0x00, 0x00, 0x00, 0x00, 0x00, 0x00, 0x00, 0x00, 0x00, 0x00, 0x00, 0x00, 0x00, 0x00, 0x00, 
  0x00, 0x00, 0x00, 0x00, 0x00, 0x00, 0x00, 0x00, 0x00, 0x00, 0x00, 0x00, 0x00, 0x00, 0x00, 0x00, 
  0x00, 0x00, 0x00, 0x00, 0x00, 0x00, 0x00, 0x00, 0x00, 0x00, 0x00, 0x00, 0x00, 0x00, 0x00, 0x00, 
  0x00, 0x00, 0x00, 0x00, 0x00, 0x00, 0x00, 0x00, 0x00, 0x00, 0x00, 0x00, 0x00, 0x00, 0x00, 0x00, 
  0x00, 0x00, 0x00, 0x00, 0x00, 0x00, 0x00, 0x00, 0x00, 0x00, 0x00, 0x00, 0x00, 0x00, 0x00, 0x00, 
  0x00, 0x00, 0x00, 0x00, 0x00, 0x00, 0x00, 0x00, 0x00, 0x00, 0x00, 0x00, 0x00, 0x00, 0x00, 0x00, 
  0x00, 0x00, 0x00, 0x00, 0x00, 0x00, 0x00, 0x00, 0x00, 0x00, 0x00, 0x00, 0x00, 0x00, 0x00, 0x00, 
  0x00, 0x00, 0x00, 0x00, 0x00, 0x00, 0x00, 0x00, 0x00, 0x00, 0x00, 0x00, 0x00, 0x00, 0x00, 0x00, 
  0x00, 0x00, 0x00, 0x00, 0x00, 0x00, 0x00, 0x00, 0x00, 0x00, 0x00, 0x00, 0x00, 0x00, 0x00, 0x00, 
  0x00, 0x00, 0x00, 0x00, 0x00, 0x00, 0x00, 0x00, 0x00, 0x00, 0x00, 0x00, 0x00, 0x00, 0x00, 0x00, 
  0x00, 0x00, 0x00, 0x00, 0x00, 0x00, 0x00, 0x00, 0x00, 0x00, 0x00, 0x00, 0x00, 0x00, 0x00, 0x00, 
  0x00, 0x00, 0x00, 0x00, 0x00, 0x00, 0x00, 0x00, 0x00, 0x00, 0x00, 0x00, 0x00, 0x00, 0x00, 0x00, 
  0x00, 0x00, 0x00, 0x00, 0x00, 0x00, 0x00, 0x00, 0x00, 0x00, 0x00, 0x00, 0x00, 0x00, 0x00, 0x00, 
  0x00, 0x00, 0x00, 0x00, 0x00, 0x00, 0x00, 0x00, 0x00, 0x00, 0x00, 0x00, 0x00, 0x00, 0x00, 0x00, 
  0x00, 0x00, 0x00, 0x00, 0x00, 0x00, 0x00, 0x00, 0x00, 0x00, 0x00, 0x00, 0x00, 0x00, 0x00, 0x00, 
  0x00, 0x00, 0x00, 0x00, 0x00, 0x00, 0x00, 0x00, 0x00, 0x00, 0x00, 0x00, 0x00, 0x00, 0x00, 0x00, 
  0x00, 0x00, 0x00, 0x00, 0x00, 0x00, 0x00, 0x00, 0x00, 0x00, 0x00, 0x00, 0x00, 0x00, 0x00, 0x00, 
  0x00, 0x00, 0x00, 0x00, 0x00, 0x00, 0x00, 0x00, 0x00, 0x00, 0x00, 0x00, 0x00, 0x00, 0x00, 0x00, 
  0x00, 0x00, 0x00, 0x00, 0x00, 0x00, 0x00, 0x00, 0x00, 0x00, 0x00, 0x00, 0x00, 0x00, 0x00, 0x00, 
  0x00, 0x00, 0x00, 0x00, 0x00, 0x00, 0x00, 0x00, 0x00, 0x00, 0x00, 0x00, 0x00, 0x00, 0x00, 0x00, 
  0x00, 0x00, 0x00, 0x00, 0x00, 0x00, 0x00, 0x00, 0x00, 0x00, 0x00, 0x00, 0x00, 0x00, 0x00, 0x00, 
  0x00, 0x00, 0x00, 0x00, 0x00, 0x00, 0x00, 0x00, 0x00, 0x00, 0x00, 0x00, 0x00, 0x00, 0x00, 0x00, 
  0x00, 0x00, 0x00, 0x00, 0x00, 0x00, 0x00, 0x00, 0x00, 0x00, 0x00, 0x00, 0x00, 0x00, 0x00, 0x00, 
  0x00, 0x00, 0x00, 0x00, 0x00, 0x00, 0x00, 0x00, 0x00, 0x00, 0x00, 0x00, 0x00, 0x00, 0x00, 0x00, 
  0x00, 0x00, 0x00, 0x00, 0x00, 0x00, 0x00, 0x00, 0x00, 0x00, 0x00, 0x00, 0x00, 0x00, 0x00, 0x00, 
  0x00, 0x00, 0x00, 0x00, 0x00, 0x00, 0x00, 0x00, 0x00, 0x00, 0x00, 0x00, 0x00, 0x00, 0x00, 0x00, 
  0x00, 0x00, 0x00, 0x00, 0x00, 0x00, 0x00, 0x00, 0x00, 0x00, 0x00, 0x00, 0x00, 0x00, 0x00, 0x00, 
  0x00, 0x00, 0x00, 0x00, 0x00, 0x00, 0x00, 0x00, 0x00, 0x00, 0x00, 0x00, 0x00, 0x00, 0x00, 0x00, 
  0x00, 0x00, 0x00, 0x00, 0x00, 0x00, 0x00, 0x00, 0x00, 0x00, 0x00, 0x00, 0x00, 0x00, 0x00, 0x00, 
  0x00, 0x00, 0x00, 0x00, 0x00, 0x00, 0x00, 0x00, 0x00, 0x00, 0x00, 0x00, 0x00, 0x00, 0x00, 0x00, 
  0x00, 0x00, 0x00, 0x00, 0x00, 0x00, 0x00, 0x00, 0x00, 0x00, 0x00, 0x00, 0x00, 0x00, 0x00, 0x00, 
  0x00, 0x00, 0x00, 0x00, 0x00, 0x00, 0x00, 0x00, 0x00, 0x00, 0x00, 0x00, 0x00, 0x00, 0x00, 0x00, 
  0x00, 0x00, 0x00, 0x00, 0x00, 0x00, 0x00, 0x00, 0x00, 0x00, 0x00, 0x00, 0x00, 0x00, 0x00, 0x00, 
  0x00, 0x00, 0x00, 0x00, 0x00, 0x00, 0x00, 0x00, 0x00, 0x00, 0x00, 0x00, 0x00, 0x00, 0x00, 0x00, 
  0x00, 0x00, 0x00, 0x00, 0x00, 0x00, 0x00, 0x00, 0x00, 0x00, 0x00, 0x00, 0x00, 0x00, 0x00, 0x00, 
  0x00, 0x00, 0x00, 0x00, 0x00, 0x00, 0x00, 0x00, 0x00, 0x00, 0x00, 0x00, 0x00, 0x00, 0x00, 0x00, 
  0x00, 0x00, 0x00, 0x00, 0x00, 0x00, 0x00, 0x00, 0x00, 0x00, 0x00, 0x00, 0x00, 0x00, 0x00, 0x00, 
  0x00, 0x00, 0x00, 0x00, 0x00, 0x00, 0x00, 0x00, 0x00, 0x00, 0x00, 0x00, 0x00, 0x00, 0x00, 0x00, 
  0x00, 0x00, 0x00, 0x00, 0x00, 0x00, 0x00, 0x00, 0x00, 0x00, 0x00, 0x00, 0x00, 0x00, 0x00, 0x00, 
  0x00, 0x00, 0x00, 0x00, 0x00, 0x00, 0x00, 0x00, 0x00, 0x00, 0x00, 0x00, 0x00, 0x00, 0x00, 0x00, 
  0x00, 0x00, 0x00, 0x00, 0x00, 0x00, 0x00, 0x00, 0x00, 0x00, 0x00, 0x00, 0x00, 0x00, 0x00, 0x00, 
  0x00, 0x00, 0x00, 0x00, 0x00, 0x00, 0x00, 0x00, 0x00, 0x00, 0x00, 0x00, 0x00, 0x00, 0x00, 0x00, 
  0x00, 0x00, 0x00, 0x00, 0x00, 0x00, 0x00, 0x00, 0x00, 0x00, 0x00, 0x00, 0x00, 0x00, 0x00, 0x00, 
  0x00, 0x00, 0x00, 0x00, 0x00, 0x00, 0x00, 0x00, 0x00, 0x00, 0x00, 0x00, 0x00, 0x00, 0x00, 0x00, 
  0x00, 0x00, 0x00, 0x00, 0x00, 0x00, 0x00, 0x00, 0x00, 0x00, 0x00, 0x00, 0x00, 0x00, 0x00, 0x00, 
  0x00, 0x00, 0x00, 0x00, 0x00, 0x00, 0x00, 0x00, 0x00, 0x00, 0x00, 0x00, 0x00, 0x00, 0x00, 0x00, 
  0x00, 0x00, 0x00, 0x00, 0x00, 0x00, 0x00, 0x00, 0x00, 0x00, 0x00, 0x00, 0x00, 0x00, 0x00, 0x00, 
  0x00, 0x00, 0x00, 0x00, 0x00, 0x00, 0x00, 0x00, 0x00, 0x00, 0x00, 0x00, 0x00, 0x00, 0x00, 0x00, 
  0x00, 0x00, 0x00, 0x00, 0x00, 0x00, 0x00, 0x00, 0x00, 0x00, 0x00, 0x00, 0x00, 0x00, 0x00, 0x00, 
  0x00, 0x00, 0x00, 0x00, 0x00, 0x00, 0x00, 0x00, 0x00, 0x00, 0x00, 0x00, 0x00, 0x00, 0x00, 0x00, 
  0x00, 0x00, 0x00, 0x00, 0x00, 0x00, 0x00, 0x00, 0x00, 0x00, 0x00, 0x00, 0x00, 0x00, 0x00, 0x00, 
  0x00, 0x00, 0x00, 0x00, 0x00, 0x00, 0x00, 0x00, 0x00, 0x00, 0x00, 0x00, 0x00, 0x00, 0x00, 0x00, 
  0x00, 0x00, 0x00, 0x00, 0x00, 0x00, 0x00, 0x00, 0x00, 0x00, 0x00, 0x00, 0x00, 0x00, 0x00, 0x00, 
  0x00, 0x00, 0x00, 0x00, 0x00, 0x00, 0x00, 0x00, 0x00, 0x00, 0x00, 0x00, 0x00, 0x00, 0x00, 0x00, 
  0x00, 0x00, 0x00, 0x00, 0x00, 0x00, 0x00, 0x00, 0x00, 0x00, 0x00, 0x00, 0x00, 0x00, 0x00, 0x00, 
  0x00, 0x00, 0x00, 0x00, 0x00, 0x00, 0x00, 0x00, 0x00, 0x00, 0x00, 0x00, 0x00, 0x00, 0x00, 0x00, 
  0x00, 0x00, 0x00, 0x00, 0x00, 0x00, 0x00, 0x00, 0x00, 0x00, 0x00, 0x00, 0x00, 0x00, 0x00, 0x00, 
  0x00, 0x00, 0x00, 0x00, 0x00, 0x00, 0x00, 0x00, 0x00, 0x00, 0x00, 0x00, 0x00, 0x00, 0x00, 0x00, 
  0x00, 0x00, 0x00, 0x00, 0x00, 0x00, 0x00, 0x00, 0x00, 0x00, 0x00, 0x00, 0x00, 0x00, 0x00, 0x00, 
  0x00, 0x00, 0x00, 0x00, 0x00, 0x00, 0x00, 0x00, 0x00, 0x00, 0x00, 0x00, 0x00, 0x00, 0x00, 0x00, 
  0x00, 0x00, 0x00, 0x00, 0x00, 0x00, 0x00, 0x00, 0x00, 0x00, 0x00, 0x00, 0x00, 0x00, 0x00, 0x00, 
  0x00, 0x00, 0x00, 0x00, 0x00, 0x00, 0x00, 0x00, 0x00, 0x00, 0x00, 0x00, 0x00, 0x00, 0x00, 0x00, 
  };
#endif
